Event,Time,AdjustCount,Restarts,Conflicts,Decisions,Propagations,Vars,Clauses,Literals,LEARNT_Limit,LEARNT_Clauses,LEARNT_Lit/Cl,Progress,timecpu
Restart,0.004,99,1,1,77,1108,3633,50373,103341,16791,1,11,0.0,0.017455
LearnMore,0.01,150,1,100,256,30121,3633,50373,103341,18470,100,75,0.0,0.017455
Restart,0.01,149,2,101,395,32076,3633,50373,103341,18470,101,75,0.0,0.017455
Restart,0.014,49,3,201,717,53767,3633,50373,103341,18470,201,56,0.0,0.017455
LearnMore,0.016,225,3,250,992,64368,3633,50373,103341,20317,250,51,0.0,0.017455
