WARNING: for repeatability, setting FPU to use double precision
============================[ Problem Statistics ]=============================
|                                                                             |
|  Number of variables:          3936                                         |
|  Number of clauses:           53018                                         |
|  Parse time:                   0.01 s                                       |
|                                                                             |
============================[ Search Statistics ]==============================
| Conflicts |          ORIGINAL         |          LEARNT          | Progress |
|           |    Vars  Clauses Literals |    Limit  Clauses Lit/Cl |          |
===============================================================================
{"Event":"Restart","Time":0.014,"AdjustCount":99,"Restarts":1,"Conflicts":1,"Decisions":54,"Propagations":1017,"Vars":3936,"Clauses":53018,"Literals":108660,"LEARNT_Limit":17672,"LEARNT_Clauses":1,"LEARNT_Lit/Cl":12,"Progress":0.000}
{"Event":"LearnMore","Time":0.020,"AdjustCount":150,"Restarts":1,"Conflicts":100,"Decisions":195,"Propagations":27863,"Vars":3936,"Clauses":53018,"Literals":108660,"LEARNT_Limit":19439,"LEARNT_Clauses":100,"LEARNT_Lit/Cl":30,"Progress":0.000}
{"Event":"Restart","Time":0.020,"AdjustCount":149,"Restarts":2,"Conflicts":101,"Decisions":225,"Propagations":28151,"Vars":3936,"Clauses":53018,"Literals":108660,"LEARNT_Limit":19439,"LEARNT_Clauses":101,"LEARNT_Lit/Cl":30,"Progress":0.000}
{"Event":"Restart","Time":0.024,"AdjustCount":49,"Restarts":3,"Conflicts":201,"Decisions":389,"Propagations":63867,"Vars":3936,"Clauses":53018,"Literals":108660,"LEARNT_Limit":19439,"LEARNT_Clauses":201,"LEARNT_Lit/Cl":33,"Progress":0.000}
{"Event":"LearnMore","Time":0.025,"AdjustCount":225,"Restarts":3,"Conflicts":250,"Decisions":489,"Propagations":74937,"Vars":3936,"Clauses":53018,"Literals":108660,"LEARNT_Limit":21383,"LEARNT_Clauses":250,"LEARNT_Lit/Cl":32,"Progress":0.000}
{"Event":"Restart","Time":0.035,"AdjustCount":74,"Restarts":4,"Conflicts":401,"Decisions":721,"Propagations":122132,"Vars":3936,"Clauses":53018,"Literals":108660,"LEARNT_Limit":21383,"LEARNT_Clauses":401,"LEARNT_Lit/Cl":34,"Progress":0.000}
{"Event":"LearnMore","Time":0.039,"AdjustCount":337,"Restarts":4,"Conflicts":475,"Decisions":811,"Propagations":137072,"Vars":3936,"Clauses":53018,"Literals":108660,"LEARNT_Limit":23522,"LEARNT_Clauses":475,"LEARNT_Lit/Cl":33,"Progress":0.000}
{"Event":"Restart","Time":0.040,"AdjustCount":311,"Restarts":5,"Conflicts":501,"Decisions":899,"Propagations":146152,"Vars":3936,"Clauses":53018,"Literals":108660,"LEARNT_Limit":23522,"LEARNT_Clauses":501,"LEARNT_Lit/Cl":33,"Progress":0.000}
{"Event":"Restart","Time":0.046,"AdjustCount":211,"Restarts":6,"Conflicts":601,"Decisions":1065,"Propagations":175956,"Vars":3936,"Clauses":53018,"Literals":108660,"LEARNT_Limit":23522,"LEARNT_Clauses":601,"LEARNT_Lit/Cl":32,"Progress":0.000}
{"Event":"Restart","Time":0.062,"AdjustCount":8,"Restarts":7,"Conflicts":804,"Decisions":1392,"Propagations":248321,"Vars":3936,"Clauses":53018,"Literals":108660,"LEARNT_Limit":23522,"LEARNT_Clauses":804,"LEARNT_Lit/Cl":33,"Progress":0.000}
{"Event":"LearnMore","Time":0.062,"AdjustCount":506,"Restarts":7,"Conflicts":812,"Decisions":1405,"Propagations":249027,"Vars":3936,"Clauses":53018,"Literals":108660,"LEARNT_Limit":25874,"LEARNT_Clauses":812,"LEARNT_Lit/Cl":33,"Progress":0.000}
{"Event":"Restart","Time":0.086,"AdjustCount":112,"Restarts":8,"Conflicts":1206,"Decisions":1956,"Propagations":334023,"Vars":3936,"Clauses":53018,"Literals":108660,"LEARNT_Limit":25874,"LEARNT_Clauses":1206,"LEARNT_Lit/Cl":32,"Progress":0.000}
{"Event":"Restart","Time":0.093,"AdjustCount":12,"Restarts":9,"Conflicts":1306,"Decisions":2151,"Propagations":357383,"Vars":3936,"Clauses":53018,"Literals":108660,"LEARNT_Limit":25874,"LEARNT_Clauses":1306,"LEARNT_Lit/Cl":32,"Progress":0.000}
{"Event":"LearnMore","Time":0.094,"AdjustCount":759,"Restarts":9,"Conflicts":1318,"Decisions":2160,"Propagations":362265,"Vars":3936,"Clauses":53018,"Literals":108660,"LEARNT_Limit":28462,"LEARNT_Clauses":1318,"LEARNT_Lit/Cl":32,"Progress":0.000}
{"Event":"Restart","Time":0.102,"AdjustCount":670,"Restarts":10,"Conflicts":1407,"Decisions":2299,"Propagations":389056,"Vars":3936,"Clauses":53018,"Literals":108660,"LEARNT_Limit":28462,"LEARNT_Clauses":1407,"LEARNT_Lit/Cl":32,"Progress":0.000}
{"Event":"Restart","Time":0.118,"AdjustCount":468,"Restarts":11,"Conflicts":1609,"Decisions":2663,"Propagations":450247,"Vars":3936,"Clauses":53018,"Literals":108660,"LEARNT_Limit":28462,"LEARNT_Clauses":1609,"LEARNT_Lit/Cl":32,"Progress":0.000}
{"Event":"Restart","Time":0.128,"AdjustCount":368,"Restarts":12,"Conflicts":1709,"Decisions":2829,"Propagations":481196,"Vars":3936,"Clauses":53018,"Literals":108660,"LEARNT_Limit":28462,"LEARNT_Clauses":1709,"LEARNT_Lit/Cl":32,"Progress":0.000}
{"Event":"Restart","Time":0.134,"AdjustCount":267,"Restarts":13,"Conflicts":1810,"Decisions":3027,"Propagations":499975,"Vars":3936,"Clauses":53018,"Literals":108660,"LEARNT_Limit":28462,"LEARNT_Clauses":1810,"LEARNT_Lit/Cl":33,"Progress":0.000}
{"Event":"Restart","Time":0.147,"AdjustCount":67,"Restarts":14,"Conflicts":2010,"Decisions":3476,"Propagations":546715,"Vars":3936,"Clauses":53018,"Literals":108660,"LEARNT_Limit":28462,"LEARNT_Clauses":2010,"LEARNT_Lit/Cl":33,"Progress":0.000}
{"Event":"LearnMore","Time":0.153,"AdjustCount":1139,"Restarts":14,"Conflicts":2077,"Decisions":3576,"Propagations":563786,"Vars":3936,"Clauses":53018,"Literals":108660,"LEARNT_Limit":31308,"LEARNT_Clauses":2077,"LEARNT_Lit/Cl":33,"Progress":0.000}
{"Event":"Restart","Time":0.184,"AdjustCount":805,"Restarts":15,"Conflicts":2411,"Decisions":4050,"Propagations":649882,"Vars":3936,"Clauses":53018,"Literals":108660,"LEARNT_Limit":31308,"LEARNT_Clauses":2411,"LEARNT_Lit/Cl":32,"Progress":0.000}
{"Event":"Restart","Time":0.263,"AdjustCount":4,"Restarts":16,"Conflicts":3212,"Decisions":5222,"Propagations":879823,"Vars":3936,"Clauses":53018,"Literals":108660,"LEARNT_Limit":31308,"LEARNT_Clauses":3212,"LEARNT_Lit/Cl":32,"Progress":0.000}
{"Event":"LearnMore","Time":0.263,"AdjustCount":1708,"Restarts":16,"Conflicts":3216,"Decisions":5224,"Propagations":880772,"Vars":3936,"Clauses":53018,"Literals":108660,"LEARNT_Limit":34439,"LEARNT_Clauses":3216,"LEARNT_Lit/Cl":32,"Progress":0.000}
{"Event":"Restart","Time":0.273,"AdjustCount":1611,"Restarts":17,"Conflicts":3313,"Decisions":5378,"Propagations":903549,"Vars":3936,"Clauses":53018,"Literals":108660,"LEARNT_Limit":34439,"LEARNT_Clauses":3313,"LEARNT_Lit/Cl":32,"Progress":0.000}
{"Event":"Restart","Time":0.285,"AdjustCount":1511,"Restarts":18,"Conflicts":3413,"Decisions":5528,"Propagations":934260,"Vars":3936,"Clauses":53018,"Literals":108660,"LEARNT_Limit":34439,"LEARNT_Clauses":3413,"LEARNT_Lit/Cl":32,"Progress":0.000}
{"Event":"Restart","Time":0.307,"AdjustCount":1311,"Restarts":19,"Conflicts":3613,"Decisions":5864,"Propagations":997479,"Vars":3936,"Clauses":53018,"Literals":108660,"LEARNT_Limit":34439,"LEARNT_Clauses":3613,"LEARNT_Lit/Cl":32,"Progress":0.000}
{"Event":"Restart","Time":0.319,"AdjustCount":1211,"Restarts":20,"Conflicts":3713,"Decisions":6017,"Propagations":1022161,"Vars":3936,"Clauses":53018,"Literals":108660,"LEARNT_Limit":34439,"LEARNT_Clauses":3713,"LEARNT_Lit/Cl":32,"Progress":0.000}
{"Event":"Restart","Time":0.331,"AdjustCount":1110,"Restarts":21,"Conflicts":3814,"Decisions":6214,"Propagations":1053254,"Vars":3936,"Clauses":53018,"Literals":108660,"LEARNT_Limit":34439,"LEARNT_Clauses":3814,"LEARNT_Lit/Cl":32,"Progress":0.000}
{"Event":"Restart","Time":0.351,"AdjustCount":910,"Restarts":22,"Conflicts":4014,"Decisions":6518,"Propagations":1105123,"Vars":3936,"Clauses":53018,"Literals":108660,"LEARNT_Limit":34439,"LEARNT_Clauses":4014,"LEARNT_Lit/Cl":33,"Progress":0.000}
{"Event":"Restart","Time":0.393,"AdjustCount":510,"Restarts":23,"Conflicts":4414,"Decisions":7081,"Propagations":1223068,"Vars":3936,"Clauses":53018,"Literals":108660,"LEARNT_Limit":34439,"LEARNT_Clauses":4414,"LEARNT_Lit/Cl":33,"Progress":0.000}
{"Event":"Restart","Time":0.404,"AdjustCount":410,"Restarts":24,"Conflicts":4514,"Decisions":7248,"Propagations":1252101,"Vars":3936,"Clauses":53018,"Literals":108660,"LEARNT_Limit":34439,"LEARNT_Clauses":4514,"LEARNT_Lit/Cl":33,"Progress":0.000}
{"Event":"Restart","Time":0.414,"AdjustCount":307,"Restarts":25,"Conflicts":4617,"Decisions":7405,"Propagations":1275276,"Vars":3936,"Clauses":53018,"Literals":108660,"LEARNT_Limit":34439,"LEARNT_Clauses":4617,"LEARNT_Lit/Cl":33,"Progress":0.000}
{"Event":"Restart","Time":0.435,"AdjustCount":107,"Restarts":26,"Conflicts":4817,"Decisions":7705,"Propagations":1336312,"Vars":3936,"Clauses":53018,"Literals":108660,"LEARNT_Limit":34439,"LEARNT_Clauses":4817,"LEARNT_Lit/Cl":33,"Progress":0.000}
{"Event":"Restart","Time":0.444,"AdjustCount":7,"Restarts":27,"Conflicts":4917,"Decisions":7860,"Propagations":1353144,"Vars":3936,"Clauses":53018,"Literals":108660,"LEARNT_Limit":34439,"LEARNT_Clauses":4917,"LEARNT_Lit/Cl":33,"Progress":0.000}
{"Event":"LearnMore","Time":0.444,"AdjustCount":2562,"Restarts":27,"Conflicts":4924,"Decisions":7863,"Propagations":1353657,"Vars":3936,"Clauses":53018,"Literals":108660,"LEARNT_Limit":37882,"LEARNT_Clauses":4924,"LEARNT_Lit/Cl":33,"Progress":0.000}
{"Event":"Restart","Time":0.452,"AdjustCount":2469,"Restarts":28,"Conflicts":5017,"Decisions":8039,"Propagations":1371127,"Vars":3936,"Clauses":53018,"Literals":108660,"LEARNT_Limit":37882,"LEARNT_Clauses":5017,"LEARNT_Lit/Cl":33,"Progress":0.000}
{"Event":"Restart","Time":0.479,"AdjustCount":2268,"Restarts":29,"Conflicts":5218,"Decisions":8339,"Propagations":1421584,"Vars":3936,"Clauses":53018,"Literals":108660,"LEARNT_Limit":37882,"LEARNT_Clauses":5218,"LEARNT_Lit/Cl":33,"Progress":0.000}
{"Event":"Restart","Time":0.535,"AdjustCount":1868,"Restarts":30,"Conflicts":5618,"Decisions":8901,"Propagations":1547920,"Vars":3936,"Clauses":53018,"Literals":108660,"LEARNT_Limit":37882,"LEARNT_Clauses":5618,"LEARNT_Lit/Cl":33,"Progress":0.000}
{"Event":"Restart","Time":0.642,"AdjustCount":1068,"Restarts":31,"Conflicts":6418,"Decisions":10074,"Propagations":1766781,"Vars":3936,"Clauses":53018,"Literals":108660,"LEARNT_Limit":37882,"LEARNT_Clauses":6418,"LEARNT_Lit/Cl":33,"Progress":0.000}
{"Event":"LearnMore","Time":0.784,"AdjustCount":3844,"Restarts":31,"Conflicts":7486,"Decisions":11410,"Propagations":2027884,"Vars":3936,"Clauses":53018,"Literals":108660,"LEARNT_Limit":41671,"LEARNT_Clauses":7486,"LEARNT_Lit/Cl":32,"Progress":0.000}
{"Event":"Restart","Time":0.856,"AdjustCount":3312,"Restarts":32,"Conflicts":8018,"Decisions":12139,"Propagations":2154868,"Vars":3936,"Clauses":53018,"Literals":108660,"LEARNT_Limit":41671,"LEARNT_Clauses":8018,"LEARNT_Lit/Cl":32,"Progress":0.000}
{"Event":"Restart","Time":0.870,"AdjustCount":3211,"Restarts":33,"Conflicts":8119,"Decisions":12334,"Propagations":2173790,"Vars":3936,"Clauses":53018,"Literals":108660,"LEARNT_Limit":41671,"LEARNT_Clauses":8119,"LEARNT_Lit/Cl":32,"Progress":0.000}
{"Event":"Restart","Time":0.889,"AdjustCount":3111,"Restarts":34,"Conflicts":8219,"Decisions":12478,"Propagations":2205218,"Vars":3936,"Clauses":53018,"Literals":108660,"LEARNT_Limit":41671,"LEARNT_Clauses":8219,"LEARNT_Lit/Cl":32,"Progress":0.000}
{"Event":"Restart","Time":0.926,"AdjustCount":2911,"Restarts":35,"Conflicts":8419,"Decisions":12761,"Propagations":2267329,"Vars":3936,"Clauses":53018,"Literals":108660,"LEARNT_Limit":41671,"LEARNT_Clauses":8419,"LEARNT_Lit/Cl":32,"Progress":0.000}
{"Event":"Restart","Time":0.944,"AdjustCount":2811,"Restarts":36,"Conflicts":8519,"Decisions":12932,"Propagations":2296160,"Vars":3936,"Clauses":53018,"Literals":108660,"LEARNT_Limit":41671,"LEARNT_Clauses":8519,"LEARNT_Lit/Cl":32,"Progress":0.000}
{"Event":"Restart","Time":0.961,"AdjustCount":2707,"Restarts":37,"Conflicts":8623,"Decisions":13118,"Propagations":2318099,"Vars":3936,"Clauses":53018,"Literals":108660,"LEARNT_Limit":41671,"LEARNT_Clauses":8623,"LEARNT_Lit/Cl":32,"Progress":0.000}
{"Event":"Restart","Time":0.990,"AdjustCount":2505,"Restarts":38,"Conflicts":8825,"Decisions":13437,"Propagations":2368792,"Vars":3936,"Clauses":53018,"Literals":108660,"LEARNT_Limit":41671,"LEARNT_Clauses":8825,"LEARNT_Lit/Cl":32,"Progress":0.000}
{"Event":"Restart","Time":1.052,"AdjustCount":2104,"Restarts":39,"Conflicts":9226,"Decisions":13993,"Propagations":2476415,"Vars":3936,"Clauses":53018,"Literals":108660,"LEARNT_Limit":41671,"LEARNT_Clauses":9226,"LEARNT_Lit/Cl":32,"Progress":0.000}
{"Event":"Restart","Time":1.068,"AdjustCount":2002,"Restarts":40,"Conflicts":9328,"Decisions":14193,"Propagations":2505017,"Vars":3936,"Clauses":53018,"Literals":108660,"LEARNT_Limit":41671,"LEARNT_Clauses":9328,"LEARNT_Lit/Cl":32,"Progress":0.000}
{"Event":"Restart","Time":1.087,"AdjustCount":1898,"Restarts":41,"Conflicts":9432,"Decisions":14327,"Propagations":2533945,"Vars":3936,"Clauses":53018,"Literals":108660,"LEARNT_Limit":41671,"LEARNT_Clauses":9432,"LEARNT_Lit/Cl":32,"Progress":0.000}
{"Event":"Restart","Time":1.120,"AdjustCount":1698,"Restarts":42,"Conflicts":9632,"Decisions":14613,"Propagations":2583683,"Vars":3936,"Clauses":53018,"Literals":108660,"LEARNT_Limit":41671,"LEARNT_Clauses":9632,"LEARNT_Lit/Cl":32,"Progress":0.000}
{"Event":"Restart","Time":1.139,"AdjustCount":1598,"Restarts":43,"Conflicts":9732,"Decisions":14809,"Propagations":2612407,"Vars":3936,"Clauses":53018,"Literals":108660,"LEARNT_Limit":41671,"LEARNT_Clauses":9732,"LEARNT_Lit/Cl":32,"Progress":0.000}
{"Event":"Restart","Time":1.157,"AdjustCount":1497,"Restarts":44,"Conflicts":9833,"Decisions":14940,"Propagations":2636396,"Vars":3936,"Clauses":53018,"Literals":108660,"LEARNT_Limit":41671,"LEARNT_Clauses":9833,"LEARNT_Lit/Cl":32,"Progress":0.000}
{"Event":"Restart","Time":1.196,"AdjustCount":1297,"Restarts":45,"Conflicts":10033,"Decisions":15234,"Propagations":2684182,"Vars":3936,"Clauses":53018,"Literals":108660,"LEARNT_Limit":41671,"LEARNT_Clauses":10033,"LEARNT_Lit/Cl":32,"Progress":0.000}
{"Event":"Restart","Time":1.270,"AdjustCount":896,"Restarts":46,"Conflicts":10434,"Decisions":15893,"Propagations":2790715,"Vars":3936,"Clauses":53018,"Literals":108660,"LEARNT_Limit":41671,"LEARNT_Clauses":10434,"LEARNT_Lit/Cl":32,"Progress":0.000}
{"Event":"Restart","Time":1.426,"AdjustCount":96,"Restarts":47,"Conflicts":11234,"Decisions":16949,"Propagations":3014599,"Vars":3936,"Clauses":53018,"Literals":108660,"LEARNT_Limit":41671,"LEARNT_Clauses":11234,"LEARNT_Lit/Cl":32,"Progress":0.000}
{"Event":"LearnMore","Time":1.446,"AdjustCount":5766,"Restarts":47,"Conflicts":11330,"Decisions":17060,"Propagations":3043308,"Vars":3936,"Clauses":53018,"Literals":108660,"LEARNT_Limit":45838,"LEARNT_Clauses":11330,"LEARNT_Lit/Cl":32,"Progress":0.000}
{"Event":"Restart","Time":1.447,"AdjustCount":5761,"Restarts":48,"Conflicts":11335,"Decisions":17090,"Propagations":3045395,"Vars":3936,"Clauses":53018,"Literals":108660,"LEARNT_Limit":45838,"LEARNT_Clauses":11335,"LEARNT_Lit/Cl":32,"Progress":0.000}
{"Event":"Restart","Time":1.470,"AdjustCount":5659,"Restarts":49,"Conflicts":11437,"Decisions":17225,"Propagations":3069459,"Vars":3936,"Clauses":53018,"Literals":108660,"LEARNT_Limit":45838,"LEARNT_Clauses":11437,"LEARNT_Lit/Cl":32,"Progress":0.000}
{"Event":"Restart","Time":1.510,"AdjustCount":5458,"Restarts":50,"Conflicts":11638,"Decisions":17512,"Propagations":3115892,"Vars":3936,"Clauses":53018,"Literals":108660,"LEARNT_Limit":45838,"LEARNT_Clauses":11638,"LEARNT_Lit/Cl":32,"Progress":0.000}
{"Event":"Restart","Time":1.529,"AdjustCount":5358,"Restarts":51,"Conflicts":11738,"Decisions":17661,"Propagations":3143712,"Vars":3936,"Clauses":53018,"Literals":108660,"LEARNT_Limit":45838,"LEARNT_Clauses":11738,"LEARNT_Lit/Cl":32,"Progress":0.000}
{"Event":"Restart","Time":1.545,"AdjustCount":5257,"Restarts":52,"Conflicts":11839,"Decisions":17816,"Propagations":3166596,"Vars":3936,"Clauses":53018,"Literals":108660,"LEARNT_Limit":45838,"LEARNT_Clauses":11839,"LEARNT_Lit/Cl":32,"Progress":0.000}
{"Event":"Restart","Time":1.579,"AdjustCount":5057,"Restarts":53,"Conflicts":12039,"Decisions":18078,"Propagations":3213953,"Vars":3936,"Clauses":53018,"Literals":108660,"LEARNT_Limit":45838,"LEARNT_Clauses":12039,"LEARNT_Lit/Cl":32,"Progress":0.000}
{"Event":"Restart","Time":1.649,"AdjustCount":4657,"Restarts":54,"Conflicts":12439,"Decisions":18634,"Propagations":3311813,"Vars":3936,"Clauses":53018,"Literals":108660,"LEARNT_Limit":45838,"LEARNT_Clauses":12439,"LEARNT_Lit/Cl":32,"Progress":0.000}
{"Event":"Restart","Time":1.670,"AdjustCount":4556,"Restarts":55,"Conflicts":12540,"Decisions":18776,"Propagations":3336252,"Vars":3936,"Clauses":53018,"Literals":108660,"LEARNT_Limit":45838,"LEARNT_Clauses":12540,"LEARNT_Lit/Cl":32,"Progress":0.000}
{"Event":"Restart","Time":1.693,"AdjustCount":4452,"Restarts":56,"Conflicts":12644,"Decisions":18950,"Propagations":3368645,"Vars":3936,"Clauses":53018,"Literals":108660,"LEARNT_Limit":45838,"LEARNT_Clauses":12644,"LEARNT_Lit/Cl":31,"Progress":0.000}
{"Event":"Restart","Time":1.741,"AdjustCount":4247,"Restarts":57,"Conflicts":12849,"Decisions":19237,"Propagations":3427272,"Vars":3936,"Clauses":53018,"Literals":108660,"LEARNT_Limit":45838,"LEARNT_Clauses":12849,"LEARNT_Lit/Cl":31,"Progress":0.000}
{"Event":"Restart","Time":1.768,"AdjustCount":4145,"Restarts":58,"Conflicts":12951,"Decisions":19391,"Propagations":3456721,"Vars":3936,"Clauses":53018,"Literals":108660,"LEARNT_Limit":45838,"LEARNT_Clauses":12951,"LEARNT_Lit/Cl":31,"Progress":0.000}
{"Event":"Restart","Time":1.795,"AdjustCount":4044,"Restarts":59,"Conflicts":13052,"Decisions":19555,"Propagations":3487134,"Vars":3936,"Clauses":53018,"Literals":108660,"LEARNT_Limit":45838,"LEARNT_Clauses":13052,"LEARNT_Lit/Cl":31,"Progress":0.000}
{"Event":"Restart","Time":1.848,"AdjustCount":3843,"Restarts":60,"Conflicts":13253,"Decisions":19795,"Propagations":3547314,"Vars":3936,"Clauses":53018,"Literals":108660,"LEARNT_Limit":45838,"LEARNT_Clauses":13253,"LEARNT_Lit/Cl":31,"Progress":0.000}
{"Event":"Restart","Time":1.933,"AdjustCount":3442,"Restarts":61,"Conflicts":13654,"Decisions":20308,"Propagations":3660290,"Vars":3936,"Clauses":53018,"Literals":108660,"LEARNT_Limit":45838,"LEARNT_Clauses":13654,"LEARNT_Lit/Cl":31,"Progress":0.000}
{"Event":"Restart","Time":2.095,"AdjustCount":2642,"Restarts":62,"Conflicts":14454,"Decisions":21473,"Propagations":3874211,"Vars":3936,"Clauses":53018,"Literals":108660,"LEARNT_Limit":45838,"LEARNT_Clauses":14454,"LEARNT_Lit/Cl":31,"Progress":0.000}
{"Event":"Restart","Time":2.421,"AdjustCount":1040,"Restarts":63,"Conflicts":16056,"Decisions":23532,"Propagations":4365417,"Vars":3936,"Clauses":53018,"Literals":108660,"LEARNT_Limit":45838,"LEARNT_Clauses":16056,"LEARNT_Lit/Cl":31,"Progress":0.000}
{"Event":"LearnMore","Time":2.666,"AdjustCount":8649,"Restarts":63,"Conflicts":17096,"Decisions":24848,"Propagations":4656618,"Vars":3936,"Clauses":53018,"Literals":108660,"LEARNT_Limit":50422,"LEARNT_Clauses":17096,"LEARNT_Lit/Cl":31,"Progress":0.000}
{"Event":"Restart","Time":3.196,"AdjustCount":6487,"Restarts":64,"Conflicts":19258,"Decisions":27539,"Propagations":5322320,"Vars":3936,"Clauses":53018,"Literals":108660,"LEARNT_Limit":50422,"LEARNT_Clauses":19258,"LEARNT_Lit/Cl":31,"Progress":0.000}
{"Event":"Restart","Time":3.230,"AdjustCount":6385,"Restarts":65,"Conflicts":19360,"Decisions":27660,"Propagations":5356427,"Vars":3936,"Clauses":53018,"Literals":108660,"LEARNT_Limit":50422,"LEARNT_Clauses":19360,"LEARNT_Lit/Cl":31,"Progress":0.000}
{"Event":"Restart","Time":3.268,"AdjustCount":6285,"Restarts":66,"Conflicts":19460,"Decisions":27781,"Propagations":5383985,"Vars":3936,"Clauses":53018,"Literals":108660,"LEARNT_Limit":50422,"LEARNT_Clauses":19460,"LEARNT_Lit/Cl":31,"Progress":0.000}
{"Event":"Restart","Time":3.323,"AdjustCount":6085,"Restarts":67,"Conflicts":19660,"Decisions":28029,"Propagations":5437299,"Vars":3936,"Clauses":53018,"Literals":108660,"LEARNT_Limit":50422,"LEARNT_Clauses":19660,"LEARNT_Lit/Cl":31,"Progress":0.000}
{"Event":"Restart","Time":3.359,"AdjustCount":5983,"Restarts":68,"Conflicts":19762,"Decisions":28171,"Propagations":5467642,"Vars":3936,"Clauses":53018,"Literals":108660,"LEARNT_Limit":50422,"LEARNT_Clauses":19762,"LEARNT_Lit/Cl":31,"Progress":0.000}
{"Event":"Restart","Time":3.394,"AdjustCount":5883,"Restarts":69,"Conflicts":19862,"Decisions":28336,"Propagations":5501375,"Vars":3936,"Clauses":53018,"Literals":108660,"LEARNT_Limit":50422,"LEARNT_Clauses":19862,"LEARNT_Lit/Cl":31,"Progress":0.000}
{"Event":"Restart","Time":3.452,"AdjustCount":5683,"Restarts":70,"Conflicts":20062,"Decisions":28603,"Propagations":5550280,"Vars":3936,"Clauses":53018,"Literals":108660,"LEARNT_Limit":50422,"LEARNT_Clauses":20062,"LEARNT_Lit/Cl":31,"Progress":0.000}
{"Event":"Restart","Time":3.567,"AdjustCount":5283,"Restarts":71,"Conflicts":20462,"Decisions":29232,"Propagations":5677339,"Vars":3936,"Clauses":53018,"Literals":108660,"LEARNT_Limit":50422,"LEARNT_Clauses":20462,"LEARNT_Lit/Cl":31,"Progress":0.000}
{"Event":"Restart","Time":3.607,"AdjustCount":5183,"Restarts":72,"Conflicts":20562,"Decisions":29421,"Propagations":5692533,"Vars":3936,"Clauses":53018,"Literals":108660,"LEARNT_Limit":50422,"LEARNT_Clauses":20562,"LEARNT_Lit/Cl":31,"Progress":0.000}
{"Event":"Restart","Time":3.627,"AdjustCount":5083,"Restarts":73,"Conflicts":20662,"Decisions":29587,"Propagations":5716687,"Vars":3936,"Clauses":53018,"Literals":108660,"LEARNT_Limit":50422,"LEARNT_Clauses":20662,"LEARNT_Lit/Cl":31,"Progress":0.000}
{"Event":"Restart","Time":3.675,"AdjustCount":4882,"Restarts":74,"Conflicts":20863,"Decisions":29826,"Propagations":5753136,"Vars":3936,"Clauses":53018,"Literals":108660,"LEARNT_Limit":50422,"LEARNT_Clauses":20863,"LEARNT_Lit/Cl":31,"Progress":0.000}
{"Event":"Restart","Time":3.699,"AdjustCount":4781,"Restarts":75,"Conflicts":20964,"Decisions":29999,"Propagations":5777413,"Vars":3936,"Clauses":53018,"Literals":108660,"LEARNT_Limit":50422,"LEARNT_Clauses":20964,"LEARNT_Lit/Cl":31,"Progress":0.000}
{"Event":"Restart","Time":3.732,"AdjustCount":4680,"Restarts":76,"Conflicts":21065,"Decisions":30164,"Propagations":5798164,"Vars":3936,"Clauses":53018,"Literals":108660,"LEARNT_Limit":50422,"LEARNT_Clauses":21065,"LEARNT_Lit/Cl":31,"Progress":0.000}
{"Event":"Restart","Time":3.777,"AdjustCount":4480,"Restarts":77,"Conflicts":21265,"Decisions":30482,"Propagations":5849490,"Vars":3936,"Clauses":53018,"Literals":108660,"LEARNT_Limit":50422,"LEARNT_Clauses":21265,"LEARNT_Lit/Cl":31,"Progress":0.000}
{"Event":"Restart","Time":3.906,"AdjustCount":4079,"Restarts":78,"Conflicts":21666,"Decisions":31006,"Propagations":5928741,"Vars":3936,"Clauses":53018,"Literals":108660,"LEARNT_Limit":50422,"LEARNT_Clauses":21666,"LEARNT_Lit/Cl":31,"Progress":0.000}
{"Event":"Restart","Time":4.127,"AdjustCount":3278,"Restarts":79,"Conflicts":22467,"Decisions":32036,"Propagations":6124117,"Vars":3936,"Clauses":53018,"Literals":108660,"LEARNT_Limit":50422,"LEARNT_Clauses":22467,"LEARNT_Lit/Cl":31,"Progress":0.000}
{"Event":"Restart","Time":4.158,"AdjustCount":3178,"Restarts":80,"Conflicts":22567,"Decisions":32162,"Propagations":6144542,"Vars":3936,"Clauses":53018,"Literals":108660,"LEARNT_Limit":50422,"LEARNT_Clauses":22567,"LEARNT_Lit/Cl":31,"Progress":0.000}
{"Event":"Restart","Time":4.186,"AdjustCount":3078,"Restarts":81,"Conflicts":22667,"Decisions":32315,"Propagations":6167713,"Vars":3936,"Clauses":53018,"Literals":108660,"LEARNT_Limit":50422,"LEARNT_Clauses":22667,"LEARNT_Lit/Cl":31,"Progress":0.000}
{"Event":"Restart","Time":4.246,"AdjustCount":2878,"Restarts":82,"Conflicts":22867,"Decisions":32586,"Propagations":6220334,"Vars":3936,"Clauses":53018,"Literals":108660,"LEARNT_Limit":50422,"LEARNT_Clauses":22867,"LEARNT_Lit/Cl":31,"Progress":0.000}
{"Event":"Restart","Time":4.279,"AdjustCount":2777,"Restarts":83,"Conflicts":22968,"Decisions":32735,"Propagations":6246291,"Vars":3936,"Clauses":53018,"Literals":108660,"LEARNT_Limit":50422,"LEARNT_Clauses":22968,"LEARNT_Lit/Cl":31,"Progress":0.000}
{"Event":"Restart","Time":4.311,"AdjustCount":2675,"Restarts":84,"Conflicts":23070,"Decisions":32908,"Propagations":6276898,"Vars":3936,"Clauses":53018,"Literals":108660,"LEARNT_Limit":50422,"LEARNT_Clauses":23070,"LEARNT_Lit/Cl":31,"Progress":0.000}
{"Event":"Restart","Time":4.394,"AdjustCount":2475,"Restarts":85,"Conflicts":23270,"Decisions":33199,"Propagations":6341355,"Vars":3936,"Clauses":53018,"Literals":108660,"LEARNT_Limit":50422,"LEARNT_Clauses":23270,"LEARNT_Lit/Cl":31,"Progress":0.000}
{"Event":"Restart","Time":4.544,"AdjustCount":2072,"Restarts":86,"Conflicts":23673,"Decisions":33697,"Propagations":6476777,"Vars":3936,"Clauses":53018,"Literals":108660,"LEARNT_Limit":50422,"LEARNT_Clauses":23673,"LEARNT_Lit/Cl":31,"Progress":0.000}
{"Event":"Restart","Time":4.580,"AdjustCount":1969,"Restarts":87,"Conflicts":23776,"Decisions":33869,"Propagations":6510874,"Vars":3936,"Clauses":53018,"Literals":108660,"LEARNT_Limit":50422,"LEARNT_Clauses":23776,"LEARNT_Lit/Cl":31,"Progress":0.000}
{"Event":"Restart","Time":4.629,"AdjustCount":1869,"Restarts":88,"Conflicts":23876,"Decisions":34024,"Propagations":6537228,"Vars":3936,"Clauses":53018,"Literals":108660,"LEARNT_Limit":50422,"LEARNT_Clauses":23876,"LEARNT_Lit/Cl":31,"Progress":0.000}
{"Event":"Restart","Time":4.710,"AdjustCount":1669,"Restarts":89,"Conflicts":24076,"Decisions":34279,"Propagations":6593723,"Vars":3936,"Clauses":53018,"Literals":108660,"LEARNT_Limit":50422,"LEARNT_Clauses":24076,"LEARNT_Lit/Cl":31,"Progress":0.000}
{"Event":"Restart","Time":4.745,"AdjustCount":1569,"Restarts":90,"Conflicts":24176,"Decisions":34422,"Propagations":6624929,"Vars":3936,"Clauses":53018,"Literals":108660,"LEARNT_Limit":50422,"LEARNT_Clauses":24176,"LEARNT_Lit/Cl":31,"Progress":0.000}
{"Event":"Restart","Time":4.783,"AdjustCount":1469,"Restarts":91,"Conflicts":24276,"Decisions":34560,"Propagations":6650240,"Vars":3936,"Clauses":53018,"Literals":108660,"LEARNT_Limit":50422,"LEARNT_Clauses":24276,"LEARNT_Lit/Cl":31,"Progress":0.000}
{"Event":"Restart","Time":4.866,"AdjustCount":1265,"Restarts":92,"Conflicts":24480,"Decisions":34812,"Propagations":6711521,"Vars":3936,"Clauses":53018,"Literals":108660,"LEARNT_Limit":50422,"LEARNT_Clauses":24480,"LEARNT_Lit/Cl":31,"Progress":0.000}
{"Event":"Restart","Time":5.066,"AdjustCount":865,"Restarts":93,"Conflicts":24880,"Decisions":35314,"Propagations":6850075,"Vars":3936,"Clauses":53018,"Literals":108660,"LEARNT_Limit":50422,"LEARNT_Clauses":24880,"LEARNT_Lit/Cl":31,"Progress":0.000}
{"Event":"Restart","Time":5.323,"AdjustCount":65,"Restarts":94,"Conflicts":25680,"Decisions":36288,"Propagations":7075431,"Vars":3936,"Clauses":53018,"Literals":108660,"LEARNT_Limit":50422,"LEARNT_Clauses":25680,"LEARNT_Lit/Cl":31,"Progress":0.000}
{"Event":"LearnMore","Time":5.342,"AdjustCount":12974,"Restarts":94,"Conflicts":25745,"Decisions":36370,"Propagations":7091360,"Vars":3936,"Clauses":53018,"Literals":108660,"LEARNT_Limit":55464,"LEARNT_Clauses":25745,"LEARNT_Lit/Cl":31,"Progress":0.000}
{"Event":"Restart","Time":5.788,"AdjustCount":11438,"Restarts":95,"Conflicts":27281,"Decisions":38256,"Propagations":7546026,"Vars":3936,"Clauses":53018,"Literals":108660,"LEARNT_Limit":55464,"LEARNT_Clauses":27281,"LEARNT_Lit/Cl":31,"Progress":0.000}
{"Event":"Restart","Time":5.837,"AdjustCount":11338,"Restarts":96,"Conflicts":27381,"Decisions":38409,"Propagations":7580457,"Vars":3936,"Clauses":53018,"Literals":108660,"LEARNT_Limit":55464,"LEARNT_Clauses":27381,"LEARNT_Lit/Cl":31,"Progress":0.000}
{"Event":"Restart","Time":5.882,"AdjustCount":11238,"Restarts":97,"Conflicts":27481,"Decisions":38552,"Propagations":7612979,"Vars":3936,"Clauses":53018,"Literals":108660,"LEARNT_Limit":55464,"LEARNT_Clauses":27481,"LEARNT_Lit/Cl":31,"Progress":0.000}
{"Event":"Restart","Time":5.944,"AdjustCount":11038,"Restarts":98,"Conflicts":27681,"Decisions":38861,"Propagations":7665335,"Vars":3936,"Clauses":53018,"Literals":108660,"LEARNT_Limit":55464,"LEARNT_Clauses":27681,"LEARNT_Lit/Cl":31,"Progress":0.000}
{"Event":"Restart","Time":5.994,"AdjustCount":10938,"Restarts":99,"Conflicts":27781,"Decisions":39014,"Propagations":7692578,"Vars":3936,"Clauses":53018,"Literals":108660,"LEARNT_Limit":55464,"LEARNT_Clauses":27781,"LEARNT_Lit/Cl":31,"Progress":0.000}
{"Event":"Restart","Time":6.029,"AdjustCount":10838,"Restarts":100,"Conflicts":27881,"Decisions":39129,"Propagations":7722087,"Vars":3936,"Clauses":53018,"Literals":108660,"LEARNT_Limit":55464,"LEARNT_Clauses":27881,"LEARNT_Lit/Cl":31,"Progress":0.000}
{"Event":"Restart","Time":6.108,"AdjustCount":10637,"Restarts":101,"Conflicts":28082,"Decisions":39398,"Propagations":7777440,"Vars":3936,"Clauses":53018,"Literals":108660,"LEARNT_Limit":55464,"LEARNT_Clauses":28082,"LEARNT_Lit/Cl":31,"Progress":0.000}
{"Event":"Restart","Time":6.217,"AdjustCount":10236,"Restarts":102,"Conflicts":28483,"Decisions":39976,"Propagations":7896602,"Vars":3936,"Clauses":53018,"Literals":108660,"LEARNT_Limit":55464,"LEARNT_Clauses":28483,"LEARNT_Lit/Cl":31,"Progress":0.000}
{"Event":"Restart","Time":6.255,"AdjustCount":10136,"Restarts":103,"Conflicts":28583,"Decisions":40135,"Propagations":7915261,"Vars":3936,"Clauses":53018,"Literals":108660,"LEARNT_Limit":55464,"LEARNT_Clauses":28583,"LEARNT_Lit/Cl":31,"Progress":0.000}
{"Event":"Restart","Time":6.290,"AdjustCount":10034,"Restarts":104,"Conflicts":28685,"Decisions":40299,"Propagations":7948224,"Vars":3936,"Clauses":53018,"Literals":108660,"LEARNT_Limit":55464,"LEARNT_Clauses":28685,"LEARNT_Lit/Cl":31,"Progress":0.000}
{"Event":"Restart","Time":6.355,"AdjustCount":9834,"Restarts":105,"Conflicts":28885,"Decisions":40596,"Propagations":7998672,"Vars":3936,"Clauses":53018,"Literals":108660,"LEARNT_Limit":55464,"LEARNT_Clauses":28885,"LEARNT_Lit/Cl":31,"Progress":0.000}
{"Event":"Restart","Time":6.391,"AdjustCount":9733,"Restarts":106,"Conflicts":28986,"Decisions":40752,"Propagations":8025359,"Vars":3936,"Clauses":53018,"Literals":108660,"LEARNT_Limit":55464,"LEARNT_Clauses":28986,"LEARNT_Lit/Cl":31,"Progress":0.000}
{"Event":"Restart","Time":6.428,"AdjustCount":9632,"Restarts":107,"Conflicts":29087,"Decisions":40933,"Propagations":8047486,"Vars":3936,"Clauses":53018,"Literals":108660,"LEARNT_Limit":55464,"LEARNT_Clauses":29087,"LEARNT_Lit/Cl":31,"Progress":0.000}
{"Event":"Restart","Time":6.493,"AdjustCount":9432,"Restarts":108,"Conflicts":29287,"Decisions":41195,"Propagations":8094554,"Vars":3936,"Clauses":53018,"Literals":108660,"LEARNT_Limit":55464,"LEARNT_Clauses":29287,"LEARNT_Lit/Cl":31,"Progress":0.000}
{"Event":"Restart","Time":6.626,"AdjustCount":9032,"Restarts":109,"Conflicts":29687,"Decisions":41751,"Propagations":8205304,"Vars":3936,"Clauses":53018,"Literals":108660,"LEARNT_Limit":55464,"LEARNT_Clauses":29687,"LEARNT_Lit/Cl":31,"Progress":0.000}
{"Event":"Restart","Time":6.913,"AdjustCount":8231,"Restarts":110,"Conflicts":30488,"Decisions":42874,"Propagations":8443365,"Vars":3936,"Clauses":53018,"Literals":108660,"LEARNT_Limit":55464,"LEARNT_Clauses":30488,"LEARNT_Lit/Cl":31,"Progress":0.000}
{"Event":"Restart","Time":6.952,"AdjustCount":8131,"Restarts":111,"Conflicts":30588,"Decisions":43010,"Propagations":8474323,"Vars":3936,"Clauses":53018,"Literals":108660,"LEARNT_Limit":55464,"LEARNT_Clauses":30588,"LEARNT_Lit/Cl":31,"Progress":0.000}
{"Event":"Restart","Time":6.995,"AdjustCount":8031,"Restarts":112,"Conflicts":30688,"Decisions":43146,"Propagations":8507063,"Vars":3936,"Clauses":53018,"Literals":108660,"LEARNT_Limit":55464,"LEARNT_Clauses":30688,"LEARNT_Lit/Cl":31,"Progress":0.000}
{"Event":"Restart","Time":7.078,"AdjustCount":7829,"Restarts":113,"Conflicts":30890,"Decisions":43401,"Propagations":8563618,"Vars":3936,"Clauses":53018,"Literals":108660,"LEARNT_Limit":55464,"LEARNT_Clauses":30890,"LEARNT_Lit/Cl":31,"Progress":0.000}
{"Event":"Restart","Time":7.129,"AdjustCount":7725,"Restarts":114,"Conflicts":30994,"Decisions":43546,"Propagations":8593680,"Vars":3936,"Clauses":53018,"Literals":108660,"LEARNT_Limit":55464,"LEARNT_Clauses":30994,"LEARNT_Lit/Cl":31,"Progress":0.000}
{"Event":"Restart","Time":7.176,"AdjustCount":7623,"Restarts":115,"Conflicts":31096,"Decisions":43671,"Propagations":8626762,"Vars":3936,"Clauses":53018,"Literals":108660,"LEARNT_Limit":55464,"LEARNT_Clauses":31096,"LEARNT_Lit/Cl":31,"Progress":0.000}
{"Event":"Restart","Time":7.245,"AdjustCount":7423,"Restarts":116,"Conflicts":31296,"Decisions":43911,"Propagations":8682984,"Vars":3936,"Clauses":53018,"Literals":108660,"LEARNT_Limit":55464,"LEARNT_Clauses":31296,"LEARNT_Lit/Cl":31,"Progress":0.000}
{"Event":"Restart","Time":7.378,"AdjustCount":7023,"Restarts":117,"Conflicts":31696,"Decisions":44425,"Propagations":8802574,"Vars":3936,"Clauses":53018,"Literals":108660,"LEARNT_Limit":55464,"LEARNT_Clauses":31696,"LEARNT_Lit/Cl":31,"Progress":0.000}
{"Event":"Restart","Time":7.429,"AdjustCount":6923,"Restarts":118,"Conflicts":31796,"Decisions":44565,"Propagations":8827916,"Vars":3936,"Clauses":53018,"Literals":108660,"LEARNT_Limit":55464,"LEARNT_Clauses":31796,"LEARNT_Lit/Cl":31,"Progress":0.000}
{"Event":"Restart","Time":7.480,"AdjustCount":6823,"Restarts":119,"Conflicts":31896,"Decisions":44690,"Propagations":8861444,"Vars":3936,"Clauses":53018,"Literals":108660,"LEARNT_Limit":55464,"LEARNT_Clauses":31896,"LEARNT_Lit/Cl":31,"Progress":0.000}
{"Event":"Restart","Time":7.584,"AdjustCount":6622,"Restarts":120,"Conflicts":32097,"Decisions":44941,"Propagations":8912702,"Vars":3936,"Clauses":53018,"Literals":108660,"LEARNT_Limit":55464,"LEARNT_Clauses":32097,"LEARNT_Lit/Cl":31,"Progress":0.000}
{"Event":"Restart","Time":7.640,"AdjustCount":6522,"Restarts":121,"Conflicts":32197,"Decisions":45081,"Propagations":8939759,"Vars":3936,"Clauses":53018,"Literals":108660,"LEARNT_Limit":55464,"LEARNT_Clauses":32197,"LEARNT_Lit/Cl":31,"Progress":0.000}
{"Event":"Restart","Time":7.706,"AdjustCount":6419,"Restarts":122,"Conflicts":32300,"Decisions":45214,"Propagations":8972629,"Vars":3936,"Clauses":53018,"Literals":108660,"LEARNT_Limit":55464,"LEARNT_Clauses":32300,"LEARNT_Lit/Cl":31,"Progress":0.000}
{"Event":"Restart","Time":7.793,"AdjustCount":6219,"Restarts":123,"Conflicts":32500,"Decisions":45463,"Propagations":9033470,"Vars":3936,"Clauses":53018,"Literals":108660,"LEARNT_Limit":55464,"LEARNT_Clauses":32500,"LEARNT_Lit/Cl":31,"Progress":0.000}
{"Event":"Restart","Time":7.959,"AdjustCount":5816,"Restarts":124,"Conflicts":32903,"Decisions":46062,"Propagations":9153265,"Vars":3936,"Clauses":53018,"Literals":108660,"LEARNT_Limit":55464,"LEARNT_Clauses":32903,"LEARNT_Lit/Cl":31,"Progress":0.000}
{"Event":"Restart","Time":8.245,"AdjustCount":5015,"Restarts":125,"Conflicts":33704,"Decisions":47090,"Propagations":9377550,"Vars":3936,"Clauses":53018,"Literals":108660,"LEARNT_Limit":55464,"LEARNT_Clauses":33704,"LEARNT_Lit/Cl":31,"Progress":0.000}
{"Event":"Restart","Time":8.937,"AdjustCount":3415,"Restarts":126,"Conflicts":35304,"Decisions":49024,"Propagations":9859099,"Vars":3936,"Clauses":53018,"Literals":108660,"LEARNT_Limit":55464,"LEARNT_Clauses":35304,"LEARNT_Lit/Cl":31,"Progress":0.000}
{"Event":"Restart","Time":10.214,"AdjustCount":214,"Restarts":127,"Conflicts":38505,"Decisions":53146,"Propagations":10818426,"Vars":3936,"Clauses":53018,"Literals":108660,"LEARNT_Limit":55464,"LEARNT_Clauses":38505,"LEARNT_Lit/Cl":31,"Progress":0.000}
{"Event":"LearnMore","Time":10.362,"AdjustCount":19461,"Restarts":127,"Conflicts":38719,"Decisions":53384,"Propagations":10884632,"Vars":3936,"Clauses":53018,"Literals":108660,"LEARNT_Limit":61010,"LEARNT_Clauses":38719,"LEARNT_Lit/Cl":31,"Progress":0.000}
{"Event":"Restart","Time":13.497,"AdjustCount":13274,"Restarts":128,"Conflicts":44906,"Decisions":60472,"Propagations":12638385,"Vars":3936,"Clauses":53018,"Literals":108660,"LEARNT_Limit":61010,"LEARNT_Clauses":44906,"LEARNT_Lit/Cl":31,"Progress":0.000}
{"Event":"Restart","Time":13.547,"AdjustCount":13174,"Restarts":129,"Conflicts":45006,"Decisions":60603,"Propagations":12667187,"Vars":3936,"Clauses":53018,"Literals":108660,"LEARNT_Limit":61010,"LEARNT_Clauses":45006,"LEARNT_Lit/Cl":31,"Progress":0.000}
{"Event":"Restart","Time":13.596,"AdjustCount":13073,"Restarts":130,"Conflicts":45107,"Decisions":60762,"Propagations":12696850,"Vars":3936,"Clauses":53018,"Literals":108660,"LEARNT_Limit":61010,"LEARNT_Clauses":45107,"LEARNT_Lit/Cl":31,"Progress":0.000}
{"Event":"Restart","Time":13.727,"AdjustCount":12873,"Restarts":131,"Conflicts":45307,"Decisions":61015,"Propagations":12760308,"Vars":3936,"Clauses":53018,"Literals":108660,"LEARNT_Limit":61010,"LEARNT_Clauses":45307,"LEARNT_Lit/Cl":31,"Progress":0.000}
{"Event":"Restart","Time":13.790,"AdjustCount":12772,"Restarts":132,"Conflicts":45408,"Decisions":61151,"Propagations":12791248,"Vars":3936,"Clauses":53018,"Literals":108660,"LEARNT_Limit":61010,"LEARNT_Clauses":45408,"LEARNT_Lit/Cl":31,"Progress":0.000}
{"Event":"Restart","Time":13.875,"AdjustCount":12672,"Restarts":133,"Conflicts":45508,"Decisions":61277,"Propagations":12830136,"Vars":3936,"Clauses":53018,"Literals":108660,"LEARNT_Limit":61010,"LEARNT_Clauses":45508,"LEARNT_Lit/Cl":31,"Progress":0.000}
{"Event":"Restart","Time":14.023,"AdjustCount":12472,"Restarts":134,"Conflicts":45708,"Decisions":61535,"Propagations":12900294,"Vars":3936,"Clauses":53018,"Literals":108660,"LEARNT_Limit":61010,"LEARNT_Clauses":45708,"LEARNT_Lit/Cl":31,"Progress":0.000}
{"Event":"Restart","Time":14.221,"AdjustCount":12071,"Restarts":135,"Conflicts":46109,"Decisions":62023,"Propagations":13025386,"Vars":3936,"Clauses":53018,"Literals":108660,"LEARNT_Limit":61010,"LEARNT_Clauses":46109,"LEARNT_Lit/Cl":31,"Progress":0.000}
{"Event":"Restart","Time":14.290,"AdjustCount":11968,"Restarts":136,"Conflicts":46212,"Decisions":62159,"Propagations":13050012,"Vars":3936,"Clauses":53018,"Literals":108660,"LEARNT_Limit":61010,"LEARNT_Clauses":46212,"LEARNT_Lit/Cl":31,"Progress":0.000}
{"Event":"Restart","Time":14.333,"AdjustCount":11867,"Restarts":137,"Conflicts":46313,"Decisions":62296,"Propagations":13077474,"Vars":3936,"Clauses":53018,"Literals":108660,"LEARNT_Limit":61010,"LEARNT_Clauses":46313,"LEARNT_Lit/Cl":31,"Progress":0.000}
{"Event":"Restart","Time":14.461,"AdjustCount":11667,"Restarts":138,"Conflicts":46513,"Decisions":62544,"Propagations":13125826,"Vars":3936,"Clauses":53018,"Literals":108660,"LEARNT_Limit":61010,"LEARNT_Clauses":46513,"LEARNT_Lit/Cl":31,"Progress":0.000}
{"Event":"Restart","Time":14.524,"AdjustCount":11567,"Restarts":139,"Conflicts":46613,"Decisions":62678,"Propagations":13151156,"Vars":3936,"Clauses":53018,"Literals":108660,"LEARNT_Limit":61010,"LEARNT_Clauses":46613,"LEARNT_Lit/Cl":30,"Progress":0.000}
{"Event":"Restart","Time":14.585,"AdjustCount":11467,"Restarts":140,"Conflicts":46713,"Decisions":62820,"Propagations":13183990,"Vars":3936,"Clauses":53018,"Literals":108660,"LEARNT_Limit":61010,"LEARNT_Clauses":46713,"LEARNT_Lit/Cl":31,"Progress":0.000}
{"Event":"Restart","Time":14.727,"AdjustCount":11264,"Restarts":141,"Conflicts":46916,"Decisions":63048,"Propagations":13238944,"Vars":3936,"Clauses":53018,"Literals":108660,"LEARNT_Limit":61010,"LEARNT_Clauses":46916,"LEARNT_Lit/Cl":30,"Progress":0.000}
{"Event":"Restart","Time":14.968,"AdjustCount":10863,"Restarts":142,"Conflicts":47317,"Decisions":63529,"Propagations":13359556,"Vars":3936,"Clauses":53018,"Literals":108660,"LEARNT_Limit":61010,"LEARNT_Clauses":47317,"LEARNT_Lit/Cl":30,"Progress":0.000}
{"Event":"Restart","Time":15.338,"AdjustCount":10061,"Restarts":143,"Conflicts":48119,"Decisions":64511,"Propagations":13590220,"Vars":3936,"Clauses":53018,"Literals":108660,"LEARNT_Limit":61010,"LEARNT_Clauses":48119,"LEARNT_Lit/Cl":30,"Progress":0.000}
{"Event":"Restart","Time":15.417,"AdjustCount":9959,"Restarts":144,"Conflicts":48221,"Decisions":64626,"Propagations":13622002,"Vars":3936,"Clauses":53018,"Literals":108660,"LEARNT_Limit":61010,"LEARNT_Clauses":48221,"LEARNT_Lit/Cl":30,"Progress":0.000}
{"Event":"Restart","Time":15.484,"AdjustCount":9858,"Restarts":145,"Conflicts":48322,"Decisions":64771,"Propagations":13655554,"Vars":3936,"Clauses":53018,"Literals":108660,"LEARNT_Limit":61010,"LEARNT_Clauses":48322,"LEARNT_Lit/Cl":30,"Progress":0.000}
{"Event":"Restart","Time":15.603,"AdjustCount":9658,"Restarts":146,"Conflicts":48522,"Decisions":65035,"Propagations":13706565,"Vars":3936,"Clauses":53018,"Literals":108660,"LEARNT_Limit":61010,"LEARNT_Clauses":48522,"LEARNT_Lit/Cl":30,"Progress":0.000}
{"Event":"Restart","Time":15.684,"AdjustCount":9558,"Restarts":147,"Conflicts":48622,"Decisions":65173,"Propagations":13738153,"Vars":3936,"Clauses":53018,"Literals":108660,"LEARNT_Limit":61010,"LEARNT_Clauses":48622,"LEARNT_Lit/Cl":30,"Progress":0.000}
{"Event":"Restart","Time":15.754,"AdjustCount":9457,"Restarts":148,"Conflicts":48723,"Decisions":65309,"Propagations":13763971,"Vars":3936,"Clauses":53018,"Literals":108660,"LEARNT_Limit":61010,"LEARNT_Clauses":48723,"LEARNT_Lit/Cl":30,"Progress":0.000}
{"Event":"Restart","Time":15.876,"AdjustCount":9257,"Restarts":149,"Conflicts":48923,"Decisions":65549,"Propagations":13814840,"Vars":3936,"Clauses":53018,"Literals":108660,"LEARNT_Limit":61010,"LEARNT_Clauses":48923,"LEARNT_Lit/Cl":30,"Progress":0.000}
{"Event":"Restart","Time":16.169,"AdjustCount":8857,"Restarts":150,"Conflicts":49323,"Decisions":65999,"Propagations":13931809,"Vars":3936,"Clauses":53018,"Literals":108660,"LEARNT_Limit":61010,"LEARNT_Clauses":49323,"LEARNT_Lit/Cl":30,"Progress":0.000}
{"Event":"Restart","Time":16.235,"AdjustCount":8757,"Restarts":151,"Conflicts":49423,"Decisions":66133,"Propagations":13956665,"Vars":3936,"Clauses":53018,"Literals":108660,"LEARNT_Limit":61010,"LEARNT_Clauses":49423,"LEARNT_Lit/Cl":30,"Progress":0.000}
{"Event":"Restart","Time":16.318,"AdjustCount":8657,"Restarts":152,"Conflicts":49523,"Decisions":66262,"Propagations":13982764,"Vars":3936,"Clauses":53018,"Literals":108660,"LEARNT_Limit":61010,"LEARNT_Clauses":49523,"LEARNT_Lit/Cl":30,"Progress":0.000}
{"Event":"Restart","Time":16.444,"AdjustCount":8457,"Restarts":153,"Conflicts":49723,"Decisions":66505,"Propagations":14041583,"Vars":3936,"Clauses":53018,"Literals":108660,"LEARNT_Limit":61010,"LEARNT_Clauses":49723,"LEARNT_Lit/Cl":30,"Progress":0.000}
{"Event":"Restart","Time":16.507,"AdjustCount":8356,"Restarts":154,"Conflicts":49824,"Decisions":66622,"Propagations":14071460,"Vars":3936,"Clauses":53018,"Literals":108660,"LEARNT_Limit":61010,"LEARNT_Clauses":49824,"LEARNT_Lit/Cl":30,"Progress":0.000}
{"Event":"Restart","Time":16.555,"AdjustCount":8256,"Restarts":155,"Conflicts":49924,"Decisions":66792,"Propagations":14097508,"Vars":3936,"Clauses":53018,"Literals":108660,"LEARNT_Limit":61010,"LEARNT_Clauses":49924,"LEARNT_Lit/Cl":30,"Progress":0.000}
{"Event":"Restart","Time":16.720,"AdjustCount":8056,"Restarts":156,"Conflicts":50124,"Decisions":67007,"Propagations":14146586,"Vars":3936,"Clauses":53018,"Literals":108660,"LEARNT_Limit":61010,"LEARNT_Clauses":50124,"LEARNT_Lit/Cl":30,"Progress":0.000}
{"Event":"Restart","Time":16.923,"AdjustCount":7656,"Restarts":157,"Conflicts":50524,"Decisions":67482,"Propagations":14284021,"Vars":3936,"Clauses":53018,"Literals":108660,"LEARNT_Limit":61010,"LEARNT_Clauses":50524,"LEARNT_Lit/Cl":30,"Progress":0.000}
{"Event":"Restart","Time":17.419,"AdjustCount":6856,"Restarts":158,"Conflicts":51324,"Decisions":68447,"Propagations":14494076,"Vars":3936,"Clauses":53018,"Literals":108660,"LEARNT_Limit":61010,"LEARNT_Clauses":51324,"LEARNT_Lit/Cl":30,"Progress":0.000}
{"Event":"Restart","Time":18.324,"AdjustCount":5255,"Restarts":159,"Conflicts":52925,"Decisions":70308,"Propagations":15004395,"Vars":3936,"Clauses":53018,"Literals":108660,"LEARNT_Limit":61010,"LEARNT_Clauses":52925,"LEARNT_Lit/Cl":30,"Progress":0.000}
{"Event":"Restart","Time":18.384,"AdjustCount":5154,"Restarts":160,"Conflicts":53026,"Decisions":70454,"Propagations":15037648,"Vars":3936,"Clauses":53018,"Literals":108660,"LEARNT_Limit":61010,"LEARNT_Clauses":53026,"LEARNT_Lit/Cl":30,"Progress":0.000}
{"Event":"Restart","Time":18.460,"AdjustCount":5053,"Restarts":161,"Conflicts":53127,"Decisions":70584,"Propagations":15071491,"Vars":3936,"Clauses":53018,"Literals":108660,"LEARNT_Limit":61010,"LEARNT_Clauses":53127,"LEARNT_Lit/Cl":30,"Progress":0.000}
{"Event":"Restart","Time":18.589,"AdjustCount":4853,"Restarts":162,"Conflicts":53327,"Decisions":70829,"Propagations":15116715,"Vars":3936,"Clauses":53018,"Literals":108660,"LEARNT_Limit":61010,"LEARNT_Clauses":53327,"LEARNT_Lit/Cl":30,"Progress":0.000}
{"Event":"Restart","Time":18.661,"AdjustCount":4753,"Restarts":163,"Conflicts":53427,"Decisions":70951,"Propagations":15145873,"Vars":3936,"Clauses":53018,"Literals":108660,"LEARNT_Limit":61010,"LEARNT_Clauses":53427,"LEARNT_Lit/Cl":30,"Progress":0.000}
{"Event":"Restart","Time":18.746,"AdjustCount":4652,"Restarts":164,"Conflicts":53528,"Decisions":71097,"Propagations":15175035,"Vars":3936,"Clauses":53018,"Literals":108660,"LEARNT_Limit":61010,"LEARNT_Clauses":53528,"LEARNT_Lit/Cl":30,"Progress":0.000}
{"Event":"Restart","Time":18.880,"AdjustCount":4452,"Restarts":165,"Conflicts":53728,"Decisions":71343,"Propagations":15233151,"Vars":3936,"Clauses":53018,"Literals":108660,"LEARNT_Limit":61010,"LEARNT_Clauses":53728,"LEARNT_Lit/Cl":30,"Progress":0.000}
{"Event":"Restart","Time":19.040,"AdjustCount":4052,"Restarts":166,"Conflicts":54128,"Decisions":71912,"Propagations":15347414,"Vars":3936,"Clauses":53018,"Literals":108660,"LEARNT_Limit":61010,"LEARNT_Clauses":54128,"LEARNT_Lit/Cl":30,"Progress":0.000}
{"Event":"Restart","Time":19.095,"AdjustCount":3952,"Restarts":167,"Conflicts":54228,"Decisions":72037,"Propagations":15376296,"Vars":3936,"Clauses":53018,"Literals":108660,"LEARNT_Limit":61010,"LEARNT_Clauses":54228,"LEARNT_Lit/Cl":30,"Progress":0.000}
{"Event":"Restart","Time":19.145,"AdjustCount":3852,"Restarts":168,"Conflicts":54328,"Decisions":72159,"Propagations":15402548,"Vars":3936,"Clauses":53018,"Literals":108660,"LEARNT_Limit":61010,"LEARNT_Clauses":54328,"LEARNT_Lit/Cl":30,"Progress":0.000}
{"Event":"Restart","Time":19.269,"AdjustCount":3652,"Restarts":169,"Conflicts":54528,"Decisions":72408,"Propagations":15460174,"Vars":3936,"Clauses":53018,"Literals":108660,"LEARNT_Limit":61010,"LEARNT_Clauses":54528,"LEARNT_Lit/Cl":30,"Progress":0.000}
{"Event":"Restart","Time":19.328,"AdjustCount":3550,"Restarts":170,"Conflicts":54630,"Decisions":72550,"Propagations":15484179,"Vars":3936,"Clauses":53018,"Literals":108660,"LEARNT_Limit":61010,"LEARNT_Clauses":54630,"LEARNT_Lit/Cl":30,"Progress":0.000}
{"Event":"Restart","Time":19.404,"AdjustCount":3449,"Restarts":171,"Conflicts":54731,"Decisions":72677,"Propagations":15517424,"Vars":3936,"Clauses":53018,"Literals":108660,"LEARNT_Limit":61010,"LEARNT_Clauses":54731,"LEARNT_Lit/Cl":30,"Progress":0.000}
{"Event":"Restart","Time":19.550,"AdjustCount":3249,"Restarts":172,"Conflicts":54931,"Decisions":72923,"Propagations":15577177,"Vars":3936,"Clauses":53018,"Literals":108660,"LEARNT_Limit":61010,"LEARNT_Clauses":54931,"LEARNT_Lit/Cl":30,"Progress":0.000}
{"Event":"Restart","Time":19.782,"AdjustCount":2849,"Restarts":173,"Conflicts":55331,"Decisions":73421,"Propagations":15701070,"Vars":3936,"Clauses":53018,"Literals":108660,"LEARNT_Limit":61010,"LEARNT_Clauses":55331,"LEARNT_Lit/Cl":30,"Progress":0.000}
{"Event":"Restart","Time":20.175,"AdjustCount":2047,"Restarts":174,"Conflicts":56133,"Decisions":74339,"Propagations":15928619,"Vars":3936,"Clauses":53018,"Literals":108660,"LEARNT_Limit":61010,"LEARNT_Clauses":56133,"LEARNT_Lit/Cl":30,"Progress":0.001}
{"Event":"Restart","Time":20.242,"AdjustCount":1945,"Restarts":175,"Conflicts":56235,"Decisions":74466,"Propagations":15953065,"Vars":3936,"Clauses":53018,"Literals":108660,"LEARNT_Limit":61010,"LEARNT_Clauses":56235,"LEARNT_Lit/Cl":30,"Progress":0.000}
{"Event":"Restart","Time":20.329,"AdjustCount":1844,"Restarts":176,"Conflicts":56336,"Decisions":74595,"Propagations":15984491,"Vars":3936,"Clauses":53018,"Literals":108660,"LEARNT_Limit":61010,"LEARNT_Clauses":56336,"LEARNT_Lit/Cl":30,"Progress":0.000}
{"Event":"Restart","Time":20.497,"AdjustCount":1644,"Restarts":177,"Conflicts":56536,"Decisions":74821,"Propagations":16053441,"Vars":3936,"Clauses":53018,"Literals":108660,"LEARNT_Limit":61010,"LEARNT_Clauses":56536,"LEARNT_Lit/Cl":30,"Progress":0.000}
{"Event":"Restart","Time":20.566,"AdjustCount":1543,"Restarts":178,"Conflicts":56637,"Decisions":74965,"Propagations":16079963,"Vars":3936,"Clauses":53018,"Literals":108660,"LEARNT_Limit":61010,"LEARNT_Clauses":56637,"LEARNT_Lit/Cl":30,"Progress":0.000}
{"Event":"Restart","Time":20.658,"AdjustCount":1443,"Restarts":179,"Conflicts":56737,"Decisions":75099,"Propagations":16110877,"Vars":3936,"Clauses":53018,"Literals":108660,"LEARNT_Limit":61010,"LEARNT_Clauses":56737,"LEARNT_Lit/Cl":30,"Progress":0.000}
{"Event":"Restart","Time":20.824,"AdjustCount":1241,"Restarts":180,"Conflicts":56939,"Decisions":75335,"Propagations":16178614,"Vars":3936,"Clauses":53018,"Literals":108660,"LEARNT_Limit":61010,"LEARNT_Clauses":56939,"LEARNT_Lit/Cl":30,"Progress":0.000}
{"Event":"Restart","Time":21.095,"AdjustCount":839,"Restarts":181,"Conflicts":57341,"Decisions":75797,"Propagations":16302334,"Vars":3936,"Clauses":53018,"Literals":108660,"LEARNT_Limit":61010,"LEARNT_Clauses":57341,"LEARNT_Lit/Cl":30,"Progress":0.000}
{"Event":"Restart","Time":21.193,"AdjustCount":739,"Restarts":182,"Conflicts":57441,"Decisions":75939,"Propagations":16331589,"Vars":3936,"Clauses":53018,"Literals":108660,"LEARNT_Limit":61010,"LEARNT_Clauses":57441,"LEARNT_Lit/Cl":30,"Progress":0.000}
{"Event":"Restart","Time":21.305,"AdjustCount":639,"Restarts":183,"Conflicts":57541,"Decisions":76067,"Propagations":16368765,"Vars":3936,"Clauses":53018,"Literals":108660,"LEARNT_Limit":61010,"LEARNT_Clauses":57541,"LEARNT_Lit/Cl":30,"Progress":0.000}
{"Event":"Restart","Time":21.414,"AdjustCount":438,"Restarts":184,"Conflicts":57742,"Decisions":76320,"Propagations":16436075,"Vars":3936,"Clauses":53018,"Literals":108660,"LEARNT_Limit":61010,"LEARNT_Clauses":57742,"LEARNT_Lit/Cl":30,"Progress":0.000}
{"Event":"Restart","Time":21.489,"AdjustCount":338,"Restarts":185,"Conflicts":57842,"Decisions":76453,"Propagations":16455047,"Vars":3936,"Clauses":53018,"Literals":108660,"LEARNT_Limit":61010,"LEARNT_Clauses":57842,"LEARNT_Lit/Cl":30,"Progress":0.000}
{"Event":"Restart","Time":21.583,"AdjustCount":237,"Restarts":186,"Conflicts":57943,"Decisions":76589,"Propagations":16469298,"Vars":3936,"Clauses":53018,"Literals":108660,"LEARNT_Limit":61010,"LEARNT_Clauses":57943,"LEARNT_Lit/Cl":30,"Progress":0.000}
{"Event":"Restart","Time":21.758,"AdjustCount":37,"Restarts":187,"Conflicts":58143,"Decisions":76844,"Propagations":16508385,"Vars":3936,"Clauses":53018,"Literals":108660,"LEARNT_Limit":61010,"LEARNT_Clauses":58143,"LEARNT_Lit/Cl":30,"Progress":0.000}
{"Event":"LearnMore","Time":21.796,"AdjustCount":29192,"Restarts":187,"Conflicts":58180,"Decisions":76878,"Propagations":16518486,"Vars":3936,"Clauses":53018,"Literals":108660,"LEARNT_Limit":67111,"LEARNT_Clauses":58180,"LEARNT_Lit/Cl":30,"Progress":0.000}
{"Event":"Restart","Time":22.039,"AdjustCount":28829,"Restarts":188,"Conflicts":58543,"Decisions":77319,"Propagations":16634528,"Vars":3936,"Clauses":53018,"Literals":108660,"LEARNT_Limit":67111,"LEARNT_Clauses":58543,"LEARNT_Lit/Cl":30,"Progress":0.000}
{"Event":"Restart","Time":22.730,"AdjustCount":28028,"Restarts":189,"Conflicts":59344,"Decisions":78225,"Propagations":16852301,"Vars":3936,"Clauses":53018,"Literals":108660,"LEARNT_Limit":67111,"LEARNT_Clauses":59344,"LEARNT_Lit/Cl":30,"Progress":0.000}
{"Event":"Restart","Time":23.935,"AdjustCount":26428,"Restarts":190,"Conflicts":60944,"Decisions":80160,"Propagations":17312668,"Vars":3936,"Clauses":53018,"Literals":108660,"LEARNT_Limit":67111,"LEARNT_Clauses":60944,"LEARNT_Lit/Cl":30,"Progress":0.000}
{"Event":"Restart","Time":26.179,"AdjustCount":23227,"Restarts":191,"Conflicts":64145,"Decisions":83818,"Propagations":18256481,"Vars":3936,"Clauses":53018,"Literals":108660,"LEARNT_Limit":67111,"LEARNT_Clauses":64145,"LEARNT_Lit/Cl":30,"Progress":0.000}
{"Event":"Restart","Time":26.280,"AdjustCount":23124,"Restarts":192,"Conflicts":64248,"Decisions":83962,"Propagations":18293599,"Vars":3936,"Clauses":53018,"Literals":108660,"LEARNT_Limit":67111,"LEARNT_Clauses":64248,"LEARNT_Lit/Cl":30,"Progress":0.000}
{"Event":"Restart","Time":26.360,"AdjustCount":23021,"Restarts":193,"Conflicts":64351,"Decisions":84094,"Propagations":18326118,"Vars":3936,"Clauses":53018,"Literals":108660,"LEARNT_Limit":67111,"LEARNT_Clauses":64351,"LEARNT_Lit/Cl":30,"Progress":0.000}
{"Event":"Restart","Time":26.543,"AdjustCount":22820,"Restarts":194,"Conflicts":64552,"Decisions":84347,"Propagations":18385608,"Vars":3936,"Clauses":53018,"Literals":108660,"LEARNT_Limit":67111,"LEARNT_Clauses":64552,"LEARNT_Lit/Cl":30,"Progress":0.000}
{"Event":"Restart","Time":26.650,"AdjustCount":22720,"Restarts":195,"Conflicts":64652,"Decisions":84470,"Propagations":18410670,"Vars":3936,"Clauses":53018,"Literals":108660,"LEARNT_Limit":67111,"LEARNT_Clauses":64652,"LEARNT_Lit/Cl":30,"Progress":0.000}
{"Event":"Restart","Time":26.761,"AdjustCount":22619,"Restarts":196,"Conflicts":64753,"Decisions":84591,"Propagations":18437243,"Vars":3936,"Clauses":53018,"Literals":108660,"LEARNT_Limit":67111,"LEARNT_Clauses":64753,"LEARNT_Lit/Cl":30,"Progress":0.000}
{"Event":"Restart","Time":26.923,"AdjustCount":22419,"Restarts":197,"Conflicts":64953,"Decisions":84832,"Propagations":18490393,"Vars":3936,"Clauses":53018,"Literals":108660,"LEARNT_Limit":67111,"LEARNT_Clauses":64953,"LEARNT_Lit/Cl":30,"Progress":0.000}
{"Event":"Restart","Time":27.275,"AdjustCount":22014,"Restarts":198,"Conflicts":65358,"Decisions":85317,"Propagations":18595174,"Vars":3936,"Clauses":53018,"Literals":108660,"LEARNT_Limit":67111,"LEARNT_Clauses":65358,"LEARNT_Lit/Cl":30,"Progress":0.000}
{"Event":"Restart","Time":27.371,"AdjustCount":21911,"Restarts":199,"Conflicts":65461,"Decisions":85440,"Propagations":18628426,"Vars":3936,"Clauses":53018,"Literals":108660,"LEARNT_Limit":67111,"LEARNT_Clauses":65461,"LEARNT_Lit/Cl":30,"Progress":0.000}
{"Event":"Restart","Time":27.478,"AdjustCount":21811,"Restarts":200,"Conflicts":65561,"Decisions":85554,"Propagations":18651411,"Vars":3936,"Clauses":53018,"Literals":108660,"LEARNT_Limit":67111,"LEARNT_Clauses":65561,"LEARNT_Lit/Cl":30,"Progress":0.000}
{"Event":"Restart","Time":27.681,"AdjustCount":21610,"Restarts":201,"Conflicts":65762,"Decisions":85801,"Propagations":18707364,"Vars":3936,"Clauses":53018,"Literals":108660,"LEARNT_Limit":67111,"LEARNT_Clauses":65762,"LEARNT_Lit/Cl":30,"Progress":0.000}
{"Event":"Restart","Time":27.793,"AdjustCount":21509,"Restarts":202,"Conflicts":65863,"Decisions":85940,"Propagations":18739990,"Vars":3936,"Clauses":53018,"Literals":108660,"LEARNT_Limit":67111,"LEARNT_Clauses":65863,"LEARNT_Lit/Cl":30,"Progress":0.000}
{"Event":"Restart","Time":27.890,"AdjustCount":21409,"Restarts":203,"Conflicts":65963,"Decisions":86060,"Propagations":18772726,"Vars":3936,"Clauses":53018,"Literals":108660,"LEARNT_Limit":67111,"LEARNT_Clauses":65963,"LEARNT_Lit/Cl":30,"Progress":0.000}
{"Event":"Restart","Time":28.099,"AdjustCount":21208,"Restarts":204,"Conflicts":66164,"Decisions":86321,"Propagations":18829919,"Vars":3936,"Clauses":53018,"Literals":108660,"LEARNT_Limit":67111,"LEARNT_Clauses":66164,"LEARNT_Lit/Cl":30,"Progress":0.000}
{"Event":"Restart","Time":28.523,"AdjustCount":20807,"Restarts":205,"Conflicts":66565,"Decisions":86792,"Propagations":18969705,"Vars":3936,"Clauses":53018,"Literals":108660,"LEARNT_Limit":67111,"LEARNT_Clauses":66565,"LEARNT_Lit/Cl":30,"Progress":0.000}
{"Event":"Restart","Time":29.036,"AdjustCount":20006,"Restarts":206,"Conflicts":67366,"Decisions":87737,"Propagations":19189486,"Vars":3936,"Clauses":53018,"Literals":108660,"LEARNT_Limit":67111,"LEARNT_Clauses":22101,"LEARNT_Lit/Cl":22,"Progress":0.000}
{"Event":"Restart","Time":29.066,"AdjustCount":19906,"Restarts":207,"Conflicts":67466,"Decisions":87867,"Propagations":19219754,"Vars":3936,"Clauses":53018,"Literals":108660,"LEARNT_Limit":67111,"LEARNT_Clauses":22201,"LEARNT_Lit/Cl":22,"Progress":0.000}
{"Event":"Restart","Time":29.094,"AdjustCount":19805,"Restarts":208,"Conflicts":67567,"Decisions":88000,"Propagations":19257213,"Vars":3936,"Clauses":53018,"Literals":108660,"LEARNT_Limit":67111,"LEARNT_Clauses":22302,"LEARNT_Lit/Cl":22,"Progress":0.000}
{"Event":"Restart","Time":29.148,"AdjustCount":19604,"Restarts":209,"Conflicts":67768,"Decisions":88256,"Propagations":19319518,"Vars":3936,"Clauses":53018,"Literals":108660,"LEARNT_Limit":67111,"LEARNT_Clauses":22503,"LEARNT_Lit/Cl":22,"Progress":0.000}
{"Event":"Restart","Time":29.185,"AdjustCount":19504,"Restarts":210,"Conflicts":67868,"Decisions":88380,"Propagations":19354832,"Vars":3936,"Clauses":53018,"Literals":108660,"LEARNT_Limit":67111,"LEARNT_Clauses":22603,"LEARNT_Lit/Cl":22,"Progress":0.000}
{"Event":"Restart","Time":29.214,"AdjustCount":19404,"Restarts":211,"Conflicts":67968,"Decisions":88523,"Propagations":19385834,"Vars":3936,"Clauses":53018,"Literals":108660,"LEARNT_Limit":67111,"LEARNT_Clauses":22703,"LEARNT_Lit/Cl":22,"Progress":0.000}
{"Event":"Restart","Time":29.273,"AdjustCount":19203,"Restarts":212,"Conflicts":68169,"Decisions":88736,"Propagations":19438461,"Vars":3936,"Clauses":53018,"Literals":108660,"LEARNT_Limit":67111,"LEARNT_Clauses":22904,"LEARNT_Lit/Cl":22,"Progress":0.000}
{"Event":"Restart","Time":29.393,"AdjustCount":18803,"Restarts":213,"Conflicts":68569,"Decisions":89233,"Propagations":19564233,"Vars":3936,"Clauses":53018,"Literals":108660,"LEARNT_Limit":67111,"LEARNT_Clauses":23304,"LEARNT_Lit/Cl":22,"Progress":0.000}
{"Event":"Restart","Time":29.423,"AdjustCount":18701,"Restarts":214,"Conflicts":68671,"Decisions":89360,"Propagations":19597696,"Vars":3936,"Clauses":53018,"Literals":108660,"LEARNT_Limit":67111,"LEARNT_Clauses":23406,"LEARNT_Lit/Cl":23,"Progress":0.000}
{"Event":"Restart","Time":29.452,"AdjustCount":18601,"Restarts":215,"Conflicts":68771,"Decisions":89505,"Propagations":19628088,"Vars":3936,"Clauses":53018,"Literals":108660,"LEARNT_Limit":67111,"LEARNT_Clauses":23506,"LEARNT_Lit/Cl":23,"Progress":0.000}
{"Event":"Restart","Time":29.508,"AdjustCount":18401,"Restarts":216,"Conflicts":68971,"Decisions":89740,"Propagations":19670023,"Vars":3936,"Clauses":53018,"Literals":108660,"LEARNT_Limit":67111,"LEARNT_Clauses":23706,"LEARNT_Lit/Cl":23,"Progress":0.000}
{"Event":"Restart","Time":29.537,"AdjustCount":18301,"Restarts":217,"Conflicts":69071,"Decisions":89890,"Propagations":19701910,"Vars":3936,"Clauses":53018,"Literals":108660,"LEARNT_Limit":67111,"LEARNT_Clauses":23806,"LEARNT_Lit/Cl":23,"Progress":0.000}
{"Event":"Restart","Time":29.560,"AdjustCount":18201,"Restarts":218,"Conflicts":69171,"Decisions":90189,"Propagations":19732097,"Vars":3936,"Clauses":53018,"Literals":108660,"LEARNT_Limit":67111,"LEARNT_Clauses":23906,"LEARNT_Lit/Cl":23,"Progress":0.000}
{"Event":"Restart","Time":29.611,"AdjustCount":17995,"Restarts":219,"Conflicts":69377,"Decisions":90465,"Propagations":19786916,"Vars":3936,"Clauses":53018,"Literals":108660,"LEARNT_Limit":67111,"LEARNT_Clauses":24112,"LEARNT_Lit/Cl":23,"Progress":0.000}
{"Event":"Restart","Time":29.729,"AdjustCount":17595,"Restarts":220,"Conflicts":69777,"Decisions":90948,"Propagations":19893867,"Vars":3936,"Clauses":53018,"Literals":108660,"LEARNT_Limit":67111,"LEARNT_Clauses":24512,"LEARNT_Lit/Cl":23,"Progress":0.000}
{"Event":"Restart","Time":29.948,"AdjustCount":16793,"Restarts":221,"Conflicts":70579,"Decisions":91895,"Propagations":20130225,"Vars":3936,"Clauses":53018,"Literals":108660,"LEARNT_Limit":67111,"LEARNT_Clauses":25314,"LEARNT_Lit/Cl":23,"Progress":0.000}
{"Event":"Restart","Time":30.371,"AdjustCount":15193,"Restarts":222,"Conflicts":72179,"Decisions":93707,"Propagations":20594210,"Vars":3936,"Clauses":53018,"Literals":108660,"LEARNT_Limit":67111,"LEARNT_Clauses":26914,"LEARNT_Lit/Cl":23,"Progress":0.000}
{"Event":"Restart","Time":30.405,"AdjustCount":15093,"Restarts":223,"Conflicts":72279,"Decisions":93851,"Propagations":20628755,"Vars":3936,"Clauses":53018,"Literals":108660,"LEARNT_Limit":67111,"LEARNT_Clauses":27014,"LEARNT_Lit/Cl":23,"Progress":0.000}
{"Event":"Restart","Time":30.433,"AdjustCount":14991,"Restarts":224,"Conflicts":72381,"Decisions":93990,"Propagations":20662827,"Vars":3936,"Clauses":53018,"Literals":108660,"LEARNT_Limit":67111,"LEARNT_Clauses":27116,"LEARNT_Lit/Cl":23,"Progress":0.000}
{"Event":"Restart","Time":30.519,"AdjustCount":14790,"Restarts":225,"Conflicts":72582,"Decisions":94219,"Propagations":20728638,"Vars":3936,"Clauses":53018,"Literals":108660,"LEARNT_Limit":67111,"LEARNT_Clauses":27317,"LEARNT_Lit/Cl":23,"Progress":0.000}
{"Event":"Restart","Time":30.565,"AdjustCount":14689,"Restarts":226,"Conflicts":72683,"Decisions":94345,"Propagations":20764952,"Vars":3936,"Clauses":53018,"Literals":108660,"LEARNT_Limit":67111,"LEARNT_Clauses":27418,"LEARNT_Lit/Cl":23,"Progress":0.000}
{"Event":"Restart","Time":30.597,"AdjustCount":14589,"Restarts":227,"Conflicts":72783,"Decisions":94478,"Propagations":20797126,"Vars":3936,"Clauses":53018,"Literals":108660,"LEARNT_Limit":67111,"LEARNT_Clauses":27518,"LEARNT_Lit/Cl":23,"Progress":0.000}
{"Event":"Restart","Time":30.662,"AdjustCount":14386,"Restarts":228,"Conflicts":72986,"Decisions":94716,"Propagations":20853217,"Vars":3936,"Clauses":53018,"Literals":108660,"LEARNT_Limit":67111,"LEARNT_Clauses":27721,"LEARNT_Lit/Cl":23,"Progress":0.000}
{"Event":"Restart","Time":30.783,"AdjustCount":13981,"Restarts":229,"Conflicts":73391,"Decisions":95189,"Propagations":20983102,"Vars":3936,"Clauses":53018,"Literals":108660,"LEARNT_Limit":67111,"LEARNT_Clauses":28126,"LEARNT_Lit/Cl":23,"Progress":0.000}
{"Event":"Restart","Time":30.826,"AdjustCount":13881,"Restarts":230,"Conflicts":73491,"Decisions":95324,"Propagations":21016929,"Vars":3936,"Clauses":53018,"Literals":108660,"LEARNT_Limit":67111,"LEARNT_Clauses":28226,"LEARNT_Lit/Cl":23,"Progress":0.000}
{"Event":"Restart","Time":30.859,"AdjustCount":13781,"Restarts":231,"Conflicts":73591,"Decisions":95445,"Propagations":21051209,"Vars":3936,"Clauses":53018,"Literals":108660,"LEARNT_Limit":67111,"LEARNT_Clauses":28326,"LEARNT_Lit/Cl":24,"Progress":0.000}
{"Event":"Restart","Time":30.927,"AdjustCount":13581,"Restarts":232,"Conflicts":73791,"Decisions":95677,"Propagations":21111445,"Vars":3936,"Clauses":53018,"Literals":108660,"LEARNT_Limit":67111,"LEARNT_Clauses":28526,"LEARNT_Lit/Cl":24,"Progress":0.000}
{"Event":"Restart","Time":30.958,"AdjustCount":13481,"Restarts":233,"Conflicts":73891,"Decisions":95815,"Propagations":21138489,"Vars":3936,"Clauses":53018,"Literals":108660,"LEARNT_Limit":67111,"LEARNT_Clauses":28626,"LEARNT_Lit/Cl":24,"Progress":0.000}
{"Event":"Restart","Time":30.997,"AdjustCount":13380,"Restarts":234,"Conflicts":73992,"Decisions":95983,"Propagations":21176607,"Vars":3936,"Clauses":53018,"Literals":108660,"LEARNT_Limit":67111,"LEARNT_Clauses":28727,"LEARNT_Lit/Cl":24,"Progress":0.000}
{"Event":"Restart","Time":31.076,"AdjustCount":13179,"Restarts":235,"Conflicts":74193,"Decisions":96222,"Propagations":21236605,"Vars":3936,"Clauses":53018,"Literals":108660,"LEARNT_Limit":67111,"LEARNT_Clauses":28928,"LEARNT_Lit/Cl":24,"Progress":0.000}
{"Event":"Restart","Time":31.211,"AdjustCount":12779,"Restarts":236,"Conflicts":74593,"Decisions":96708,"Propagations":21337782,"Vars":3936,"Clauses":53018,"Literals":108660,"LEARNT_Limit":67111,"LEARNT_Clauses":29328,"LEARNT_Lit/Cl":24,"Progress":0.000}
{"Event":"Restart","Time":31.465,"AdjustCount":11978,"Restarts":237,"Conflicts":75394,"Decisions":97678,"Propagations":21588417,"Vars":3936,"Clauses":53018,"Literals":108660,"LEARNT_Limit":67111,"LEARNT_Clauses":30129,"LEARNT_Lit/Cl":24,"Progress":0.000}
{"Event":"Restart","Time":31.498,"AdjustCount":11878,"Restarts":238,"Conflicts":75494,"Decisions":97807,"Propagations":21612489,"Vars":3936,"Clauses":53018,"Literals":108660,"LEARNT_Limit":67111,"LEARNT_Clauses":30229,"LEARNT_Lit/Cl":24,"Progress":0.000}
{"Event":"Restart","Time":31.529,"AdjustCount":11777,"Restarts":239,"Conflicts":75595,"Decisions":97960,"Propagations":21641139,"Vars":3936,"Clauses":53018,"Literals":108660,"LEARNT_Limit":67111,"LEARNT_Clauses":30330,"LEARNT_Lit/Cl":24,"Progress":0.000}
{"Event":"Restart","Time":31.624,"AdjustCount":11575,"Restarts":240,"Conflicts":75797,"Decisions":98179,"Propagations":21700511,"Vars":3936,"Clauses":53018,"Literals":108660,"LEARNT_Limit":67111,"LEARNT_Clauses":30532,"LEARNT_Lit/Cl":24,"Progress":0.000}
{"Event":"Restart","Time":31.659,"AdjustCount":11474,"Restarts":241,"Conflicts":75898,"Decisions":98326,"Propagations":21733457,"Vars":3936,"Clauses":53018,"Literals":108660,"LEARNT_Limit":67111,"LEARNT_Clauses":30633,"LEARNT_Lit/Cl":24,"Progress":0.000}
{"Event":"Restart","Time":31.696,"AdjustCount":11374,"Restarts":242,"Conflicts":75998,"Decisions":98457,"Propagations":21765693,"Vars":3936,"Clauses":53018,"Literals":108660,"LEARNT_Limit":67111,"LEARNT_Clauses":30733,"LEARNT_Lit/Cl":24,"Progress":0.000}
{"Event":"Restart","Time":31.777,"AdjustCount":11173,"Restarts":243,"Conflicts":76199,"Decisions":98709,"Propagations":21830425,"Vars":3936,"Clauses":53018,"Literals":108660,"LEARNT_Limit":67111,"LEARNT_Clauses":30934,"LEARNT_Lit/Cl":24,"Progress":0.000}
{"Event":"Restart","Time":31.922,"AdjustCount":10771,"Restarts":244,"Conflicts":76601,"Decisions":99192,"Propagations":21965691,"Vars":3936,"Clauses":53018,"Literals":108660,"LEARNT_Limit":67111,"LEARNT_Clauses":31336,"LEARNT_Lit/Cl":24,"Progress":0.000}
{"Event":"Restart","Time":31.972,"AdjustCount":10669,"Restarts":245,"Conflicts":76703,"Decisions":99325,"Propagations":21996716,"Vars":3936,"Clauses":53018,"Literals":108660,"LEARNT_Limit":67111,"LEARNT_Clauses":31438,"LEARNT_Lit/Cl":24,"Progress":0.000}
{"Event":"Restart","Time":32.012,"AdjustCount":10569,"Restarts":246,"Conflicts":76803,"Decisions":99484,"Propagations":22019427,"Vars":3936,"Clauses":53018,"Literals":108660,"LEARNT_Limit":67111,"LEARNT_Clauses":31538,"LEARNT_Lit/Cl":24,"Progress":0.000}
{"Event":"Restart","Time":32.083,"AdjustCount":10368,"Restarts":247,"Conflicts":77004,"Decisions":99745,"Propagations":22085155,"Vars":3936,"Clauses":53018,"Literals":108660,"LEARNT_Limit":67111,"LEARNT_Clauses":31739,"LEARNT_Lit/Cl":24,"Progress":0.000}
{"Event":"Restart","Time":32.129,"AdjustCount":10268,"Restarts":248,"Conflicts":77104,"Decisions":99870,"Propagations":22118275,"Vars":3936,"Clauses":53018,"Literals":108660,"LEARNT_Limit":67111,"LEARNT_Clauses":31839,"LEARNT_Lit/Cl":24,"Progress":0.000}
{"Event":"Restart","Time":32.161,"AdjustCount":10167,"Restarts":249,"Conflicts":77205,"Decisions":100003,"Propagations":22150703,"Vars":3936,"Clauses":53018,"Literals":108660,"LEARNT_Limit":67111,"LEARNT_Clauses":31940,"LEARNT_Lit/Cl":24,"Progress":0.000}
{"Event":"Restart","Time":32.219,"AdjustCount":9966,"Restarts":250,"Conflicts":77406,"Decisions":100243,"Propagations":22209628,"Vars":3936,"Clauses":53018,"Literals":108660,"LEARNT_Limit":67111,"LEARNT_Clauses":32141,"LEARNT_Lit/Cl":24,"Progress":0.000}
{"Event":"Restart","Time":32.372,"AdjustCount":9566,"Restarts":251,"Conflicts":77806,"Decisions":100735,"Propagations":22332605,"Vars":3936,"Clauses":53018,"Literals":108660,"LEARNT_Limit":67111,"LEARNT_Clauses":32541,"LEARNT_Lit/Cl":24,"Progress":0.000}
{"Event":"Restart","Time":32.675,"AdjustCount":8766,"Restarts":252,"Conflicts":78606,"Decisions":101655,"Propagations":22587659,"Vars":3936,"Clauses":53018,"Literals":108660,"LEARNT_Limit":67111,"LEARNT_Clauses":33341,"LEARNT_Lit/Cl":24,"Progress":0.000}
{"Event":"Restart","Time":33.213,"AdjustCount":7166,"Restarts":253,"Conflicts":80206,"Decisions":103531,"Propagations":23096652,"Vars":3936,"Clauses":53018,"Literals":108660,"LEARNT_Limit":67111,"LEARNT_Clauses":34941,"LEARNT_Lit/Cl":24,"Progress":0.000}
{"Event":"Restart","Time":34.489,"AdjustCount":3963,"Restarts":254,"Conflicts":83409,"Decisions":107295,"Propagations":24052614,"Vars":3936,"Clauses":53018,"Literals":108660,"LEARNT_Limit":67111,"LEARNT_Clauses":38144,"LEARNT_Lit/Cl":24,"Progress":0.000}
{"Event":"LearnMore","Time":35.884,"AdjustCount":43789,"Restarts":254,"Conflicts":87372,"Decisions":111939,"Propagations":25261511,"Vars":3936,"Clauses":53018,"Literals":108660,"LEARNT_Limit":73823,"LEARNT_Clauses":42107,"LEARNT_Lit/Cl":24,"Progress":0.000}
===============================================================================
restarts              : 254
conflicts             : 89516          (2445 /sec)
decisions             : 114347         (0.00 % random) (3123 /sec)
propagations          : 25949979       (708829 /sec)
conflict literals     : 2583080        (33.97 % deleted)
Memory used           : 25.00 MB
CPU time              : 36.6096 s

UNSATISFIABLE
