WARNING: for repeatability, setting FPU to use double precision
============================[ Problem Statistics ]=============================
|                                                                             |
|  Number of variables:          3603                                         |
|  Number of clauses:           36344                                         |
|  Parse time:                   0.02 s                                       |
|                                                                             |
============================[ Search Statistics ]==============================
| Conflicts |          ORIGINAL         |          LEARNT          | Progress |
|           |    Vars  Clauses Literals |    Limit  Clauses Lit/Cl |          |
===============================================================================
{"Event":"Restart","Time":0.022,"AdjustCount":99,"Restarts":1,"Conflicts":1,"Decisions":45,"Propagations":313,"Vars":3603,"Clauses":36344,"Literals":190288,"LEARNT_Limit":12114,"LEARNT_Clauses":1,"LEARNT_Lit/Cl":4,"Progress":0.000}
{"Event":"LearnMore","Time":0.035,"AdjustCount":150,"Restarts":1,"Conflicts":100,"Decisions":2465,"Propagations":19248,"Vars":3603,"Clauses":36344,"Literals":190288,"LEARNT_Limit":13326,"LEARNT_Clauses":100,"LEARNT_Lit/Cl":6,"Progress":0.000}
{"Event":"Restart","Time":0.035,"AdjustCount":149,"Restarts":2,"Conflicts":101,"Decisions":2493,"Propagations":19515,"Vars":3603,"Clauses":36344,"Literals":190288,"LEARNT_Limit":13326,"LEARNT_Clauses":101,"LEARNT_Lit/Cl":6,"Progress":0.000}
{"Event":"Restart","Time":0.049,"AdjustCount":48,"Restarts":3,"Conflicts":202,"Decisions":6490,"Propagations":50545,"Vars":3603,"Clauses":36344,"Literals":190288,"LEARNT_Limit":13326,"LEARNT_Clauses":202,"LEARNT_Lit/Cl":6,"Progress":0.000}
{"Event":"LearnMore","Time":0.052,"AdjustCount":225,"Restarts":3,"Conflicts":250,"Decisions":7236,"Propagations":56806,"Vars":3603,"Clauses":36344,"Literals":190288,"LEARNT_Limit":14658,"LEARNT_Clauses":250,"LEARNT_Lit/Cl":7,"Progress":0.000}
{"Event":"Restart","Time":0.069,"AdjustCount":73,"Restarts":4,"Conflicts":402,"Decisions":10057,"Propagations":80691,"Vars":3603,"Clauses":36344,"Literals":190288,"LEARNT_Limit":14658,"LEARNT_Clauses":402,"LEARNT_Lit/Cl":7,"Progress":0.000}
{"Event":"LearnMore","Time":0.070,"AdjustCount":337,"Restarts":4,"Conflicts":475,"Decisions":10142,"Propagations":82714,"Vars":3603,"Clauses":36344,"Literals":190288,"LEARNT_Limit":16124,"LEARNT_Clauses":475,"LEARNT_Lit/Cl":7,"Progress":0.000}
{"Event":"Restart","Time":0.070,"AdjustCount":310,"Restarts":5,"Conflicts":502,"Decisions":10180,"Propagations":83558,"Vars":3603,"Clauses":36344,"Literals":190288,"LEARNT_Limit":16124,"LEARNT_Clauses":502,"LEARNT_Lit/Cl":7,"Progress":0.000}
{"Event":"Restart","Time":0.071,"AdjustCount":210,"Restarts":6,"Conflicts":602,"Decisions":10298,"Propagations":86311,"Vars":3603,"Clauses":36344,"Literals":190288,"LEARNT_Limit":16124,"LEARNT_Clauses":602,"LEARNT_Lit/Cl":7,"Progress":0.000}
===============================================================================
restarts              : 6
conflicts             : 703            (9719 /sec)
decisions             : 10402          (0.00 % random) (143801 /sec)
propagations          : 89169          (1232706 /sec)
conflict literals     : 4497           (20.24 % deleted)
Memory used           : 8.00 MB
CPU time              : 0.072336 s

UNSATISFIABLE
