WARNING: for repeatability, setting FPU to use double precision
============================[ Problem Statistics ]=============================
|                                                                             |
|  Number of variables:          2220                                         |
|  Number of clauses:           23144                                         |
|  Parse time:                   0.00 s                                       |
|                                                                             |
============================[ Search Statistics ]==============================
| Conflicts |          ORIGINAL         |          LEARNT          | Progress |
|           |    Vars  Clauses Literals |    Limit  Clauses Lit/Cl |          |
===============================================================================
{"Event":"Restart","Time":0.000,"AdjustCount":99,"Restarts":1,"Conflicts":1,"Decisions":42,"Propagations":540,"Vars":2220,"Clauses":23144,"Literals":47620,"LEARNT_Limit":7714,"LEARNT_Clauses":1,"LEARNT_Lit/Cl":9,"Progress":0.000}
{"Event":"LearnMore","Time":0.003,"AdjustCount":150,"Restarts":1,"Conflicts":100,"Decisions":181,"Propagations":16870,"Vars":2220,"Clauses":23144,"Literals":47620,"LEARNT_Limit":8486,"LEARNT_Clauses":100,"LEARNT_Lit/Cl":14,"Progress":0.000}
{"Event":"Restart","Time":0.003,"AdjustCount":149,"Restarts":2,"Conflicts":101,"Decisions":196,"Propagations":17127,"Vars":2220,"Clauses":23144,"Literals":47620,"LEARNT_Limit":8486,"LEARNT_Clauses":101,"LEARNT_Lit/Cl":14,"Progress":0.000}
{"Event":"Restart","Time":0.003,"AdjustCount":48,"Restarts":3,"Conflicts":202,"Decisions":330,"Propagations":30113,"Vars":2220,"Clauses":23144,"Literals":47620,"LEARNT_Limit":8486,"LEARNT_Clauses":202,"LEARNT_Lit/Cl":12,"Progress":0.000}
{"Event":"LearnMore","Time":0.005,"AdjustCount":225,"Restarts":3,"Conflicts":250,"Decisions":385,"Propagations":34018,"Vars":2220,"Clauses":23144,"Literals":47620,"LEARNT_Limit":9334,"LEARNT_Clauses":250,"LEARNT_Lit/Cl":11,"Progress":0.000}
===============================================================================
restarts              : 3
conflicts             : 332            (50741 /sec)
decisions             : 474            (0.00 % random) (72444 /sec)
propagations          : 41576          (6354272 /sec)
conflict literals     : 3273           (10.38 % deleted)
Memory used           : 7.00 MB
CPU time              : 0.006543 s

UNSATISFIABLE
