WARNING: for repeatability, setting FPU to use double precision
============================[ Problem Statistics ]=============================
|                                                                             |
|  Number of variables:          1729                                         |
|  Number of clauses:           10880                                         |
|  Parse time:                   0.00 s                                       |
|                                                                             |
============================[ Search Statistics ]==============================
| Conflicts |          ORIGINAL         |          LEARNT          | Progress |
|           |    Vars  Clauses Literals |    Limit  Clauses Lit/Cl |          |
===============================================================================
{"Event":"Restart","Time":0.006,"AdjustCount":99,"Restarts":1,"Conflicts":1,"Decisions":122,"Propagations":180,"Vars":1680,"Clauses":10801,"Literals":40684,"LEARNT_Limit":3600,"LEARNT_Clauses":1,"LEARNT_Lit/Cl":2,"Progress":2.834}
{"Event":"LearnMore","Time":0.012,"AdjustCount":150,"Restarts":1,"Conflicts":100,"Decisions":1173,"Propagations":16143,"Vars":1678,"Clauses":10801,"Literals":40684,"LEARNT_Limit":3960,"LEARNT_Clauses":99,"LEARNT_Lit/Cl":25,"Progress":2.950}
{"Event":"Restart","Time":0.012,"AdjustCount":148,"Restarts":2,"Conflicts":102,"Decisions":1220,"Propagations":16715,"Vars":1678,"Clauses":10801,"Literals":40684,"LEARNT_Limit":3960,"LEARNT_Clauses":101,"LEARNT_Lit/Cl":25,"Progress":2.950}
{"Event":"Restart","Time":0.022,"AdjustCount":45,"Restarts":3,"Conflicts":205,"Decisions":1825,"Propagations":38219,"Vars":1678,"Clauses":10801,"Literals":40684,"LEARNT_Limit":3960,"LEARNT_Clauses":204,"LEARNT_Lit/Cl":29,"Progress":2.950}
{"Event":"LearnMore","Time":0.023,"AdjustCount":225,"Restarts":3,"Conflicts":250,"Decisions":1889,"Propagations":40761,"Vars":1678,"Clauses":10801,"Literals":40684,"LEARNT_Limit":4356,"LEARNT_Clauses":249,"LEARNT_Lit/Cl":27,"Progress":2.950}
{"Event":"Restart","Time":0.036,"AdjustCount":67,"Restarts":4,"Conflicts":408,"Decisions":2161,"Propagations":66357,"Vars":1678,"Clauses":10706,"Literals":40400,"LEARNT_Limit":4356,"LEARNT_Clauses":407,"LEARNT_Lit/Cl":35,"Progress":2.950}
{"Event":"LearnMore","Time":0.046,"AdjustCount":337,"Restarts":4,"Conflicts":475,"Decisions":2302,"Propagations":88358,"Vars":1678,"Clauses":10706,"Literals":40400,"LEARNT_Limit":4792,"LEARNT_Clauses":474,"LEARNT_Lit/Cl":36,"Progress":2.950}
{"Event":"Restart","Time":0.051,"AdjustCount":303,"Restarts":5,"Conflicts":509,"Decisions":2413,"Propagations":101048,"Vars":1678,"Clauses":10706,"Literals":40400,"LEARNT_Limit":4792,"LEARNT_Clauses":508,"LEARNT_Lit/Cl":37,"Progress":2.950}
{"Event":"Restart","Time":0.069,"AdjustCount":203,"Restarts":6,"Conflicts":609,"Decisions":2607,"Propagations":152213,"Vars":1678,"Clauses":10706,"Literals":40400,"LEARNT_Limit":4792,"LEARNT_Clauses":608,"LEARNT_Lit/Cl":48,"Progress":2.950}
{"Event":"Restart","Time":0.093,"AdjustCount":2,"Restarts":7,"Conflicts":810,"Decisions":3207,"Propagations":229457,"Vars":1677,"Clauses":10695,"Literals":40359,"LEARNT_Limit":4792,"LEARNT_Clauses":807,"LEARNT_Lit/Cl":46,"Progress":3.008}
{"Event":"LearnMore","Time":0.094,"AdjustCount":506,"Restarts":7,"Conflicts":812,"Decisions":3208,"Propagations":230168,"Vars":1677,"Clauses":10695,"Literals":40359,"LEARNT_Limit":5271,"LEARNT_Clauses":809,"LEARNT_Lit/Cl":46,"Progress":3.008}
{"Event":"Restart","Time":0.155,"AdjustCount":108,"Restarts":8,"Conflicts":1210,"Decisions":4121,"Propagations":415917,"Vars":1677,"Clauses":10695,"Literals":40359,"LEARNT_Limit":5271,"LEARNT_Clauses":1207,"LEARNT_Lit/Cl":47,"Progress":3.008}
{"Event":"Restart","Time":0.175,"AdjustCount":7,"Restarts":9,"Conflicts":1311,"Decisions":4293,"Propagations":475826,"Vars":1677,"Clauses":10695,"Literals":40359,"LEARNT_Limit":5271,"LEARNT_Clauses":1308,"LEARNT_Lit/Cl":46,"Progress":3.008}
{"Event":"LearnMore","Time":0.177,"AdjustCount":759,"Restarts":9,"Conflicts":1318,"Decisions":4300,"Propagations":480817,"Vars":1677,"Clauses":10695,"Literals":40359,"LEARNT_Limit":5798,"LEARNT_Clauses":1315,"LEARNT_Lit/Cl":46,"Progress":3.008}
{"Event":"Restart","Time":0.198,"AdjustCount":666,"Restarts":10,"Conflicts":1411,"Decisions":4419,"Propagations":548697,"Vars":1677,"Clauses":10695,"Literals":40359,"LEARNT_Limit":5798,"LEARNT_Clauses":1408,"LEARNT_Lit/Cl":45,"Progress":3.008}
{"Event":"Restart","Time":0.242,"AdjustCount":465,"Restarts":11,"Conflicts":1612,"Decisions":4648,"Propagations":693119,"Vars":1677,"Clauses":10695,"Literals":40359,"LEARNT_Limit":5798,"LEARNT_Clauses":1609,"LEARNT_Lit/Cl":43,"Progress":3.008}
{"Event":"Restart","Time":0.258,"AdjustCount":363,"Restarts":12,"Conflicts":1714,"Decisions":4801,"Propagations":746090,"Vars":1677,"Clauses":10695,"Literals":40359,"LEARNT_Limit":5798,"LEARNT_Clauses":1711,"LEARNT_Lit/Cl":43,"Progress":3.008}
{"Event":"Restart","Time":0.269,"AdjustCount":263,"Restarts":13,"Conflicts":1814,"Decisions":4993,"Propagations":770862,"Vars":1677,"Clauses":10695,"Literals":40359,"LEARNT_Limit":5798,"LEARNT_Clauses":1811,"LEARNT_Lit/Cl":42,"Progress":3.008}
{"Event":"Restart","Time":0.288,"AdjustCount":63,"Restarts":14,"Conflicts":2014,"Decisions":5721,"Propagations":819195,"Vars":1628,"Clauses":10686,"Literals":40327,"LEARNT_Limit":5798,"LEARNT_Clauses":2001,"LEARNT_Lit/Cl":41,"Progress":5.843}
{"Event":"LearnMore","Time":0.302,"AdjustCount":1139,"Restarts":14,"Conflicts":2077,"Decisions":5791,"Propagations":852385,"Vars":1628,"Clauses":10686,"Literals":40327,"LEARNT_Limit":6378,"LEARNT_Clauses":2064,"LEARNT_Lit/Cl":41,"Progress":5.843}
{"Event":"Restart","Time":0.390,"AdjustCount":802,"Restarts":15,"Conflicts":2414,"Decisions":6191,"Propagations":1086201,"Vars":1628,"Clauses":9983,"Literals":38020,"LEARNT_Limit":6378,"LEARNT_Clauses":2075,"LEARNT_Lit/Cl":39,"Progress":5.843}
{"Event":"Restart","Time":0.537,"AdjustCount":1,"Restarts":16,"Conflicts":3215,"Decisions":7176,"Propagations":1518955,"Vars":1628,"Clauses":9983,"Literals":38020,"LEARNT_Limit":6378,"LEARNT_Clauses":2876,"LEARNT_Lit/Cl":34,"Progress":5.843}
{"Event":"LearnMore","Time":0.537,"AdjustCount":1708,"Restarts":16,"Conflicts":3216,"Decisions":7176,"Propagations":1519773,"Vars":1628,"Clauses":9983,"Literals":38020,"LEARNT_Limit":7016,"LEARNT_Clauses":2877,"LEARNT_Lit/Cl":34,"Progress":5.843}
{"Event":"Restart","Time":0.553,"AdjustCount":1609,"Restarts":17,"Conflicts":3315,"Decisions":7318,"Propagations":1566210,"Vars":1628,"Clauses":9983,"Literals":38020,"LEARNT_Limit":7016,"LEARNT_Clauses":2976,"LEARNT_Lit/Cl":34,"Progress":5.843}
{"Event":"Restart","Time":0.578,"AdjustCount":1508,"Restarts":18,"Conflicts":3416,"Decisions":7438,"Propagations":1635460,"Vars":1628,"Clauses":9983,"Literals":38020,"LEARNT_Limit":7016,"LEARNT_Clauses":3077,"LEARNT_Lit/Cl":33,"Progress":5.842}
{"Event":"Restart","Time":0.606,"AdjustCount":1307,"Restarts":19,"Conflicts":3617,"Decisions":7683,"Propagations":1709158,"Vars":1628,"Clauses":9983,"Literals":38020,"LEARNT_Limit":7016,"LEARNT_Clauses":3278,"LEARNT_Lit/Cl":32,"Progress":5.843}
{"Event":"Restart","Time":0.626,"AdjustCount":1206,"Restarts":20,"Conflicts":3718,"Decisions":7804,"Propagations":1759493,"Vars":1628,"Clauses":9983,"Literals":38020,"LEARNT_Limit":7016,"LEARNT_Clauses":3379,"LEARNT_Lit/Cl":32,"Progress":5.843}
{"Event":"Restart","Time":0.655,"AdjustCount":1104,"Restarts":21,"Conflicts":3820,"Decisions":7913,"Propagations":1839594,"Vars":1628,"Clauses":9983,"Literals":38020,"LEARNT_Limit":7016,"LEARNT_Clauses":3481,"LEARNT_Lit/Cl":32,"Progress":5.843}
{"Event":"Restart","Time":0.699,"AdjustCount":902,"Restarts":22,"Conflicts":4022,"Decisions":8154,"Propagations":1963268,"Vars":1628,"Clauses":9983,"Literals":38020,"LEARNT_Limit":7016,"LEARNT_Clauses":3683,"LEARNT_Lit/Cl":31,"Progress":5.843}
{"Event":"Restart","Time":0.800,"AdjustCount":501,"Restarts":23,"Conflicts":4423,"Decisions":8633,"Propagations":2246003,"Vars":1628,"Clauses":9983,"Literals":38020,"LEARNT_Limit":7016,"LEARNT_Clauses":4084,"LEARNT_Lit/Cl":29,"Progress":5.842}
{"Event":"Restart","Time":0.819,"AdjustCount":399,"Restarts":24,"Conflicts":4525,"Decisions":8753,"Propagations":2297679,"Vars":1628,"Clauses":9983,"Literals":38020,"LEARNT_Limit":7016,"LEARNT_Clauses":4186,"LEARNT_Lit/Cl":29,"Progress":5.843}
{"Event":"Restart","Time":0.839,"AdjustCount":298,"Restarts":25,"Conflicts":4626,"Decisions":8876,"Propagations":2351496,"Vars":1628,"Clauses":9983,"Literals":38020,"LEARNT_Limit":7016,"LEARNT_Clauses":4287,"LEARNT_Lit/Cl":29,"Progress":5.842}
{"Event":"Restart","Time":0.883,"AdjustCount":97,"Restarts":26,"Conflicts":4827,"Decisions":9100,"Propagations":2470842,"Vars":1628,"Clauses":9983,"Literals":38020,"LEARNT_Limit":7016,"LEARNT_Clauses":4488,"LEARNT_Lit/Cl":28,"Progress":5.843}
{"Event":"LearnMore","Time":0.905,"AdjustCount":2562,"Restarts":26,"Conflicts":4924,"Decisions":9204,"Propagations":2527589,"Vars":1628,"Clauses":9983,"Literals":38020,"LEARNT_Limit":7717,"LEARNT_Clauses":4585,"LEARNT_Lit/Cl":28,"Progress":5.843}
{"Event":"Restart","Time":0.906,"AdjustCount":2558,"Restarts":27,"Conflicts":4928,"Decisions":9217,"Propagations":2531186,"Vars":1628,"Clauses":9983,"Literals":38020,"LEARNT_Limit":7717,"LEARNT_Clauses":4589,"LEARNT_Lit/Cl":28,"Progress":5.843}
{"Event":"Restart","Time":0.930,"AdjustCount":2457,"Restarts":28,"Conflicts":5029,"Decisions":9339,"Propagations":2596246,"Vars":1628,"Clauses":9983,"Literals":38020,"LEARNT_Limit":7717,"LEARNT_Clauses":4690,"LEARNT_Lit/Cl":28,"Progress":5.843}
{"Event":"Restart","Time":0.978,"AdjustCount":2257,"Restarts":29,"Conflicts":5229,"Decisions":9552,"Propagations":2728276,"Vars":1628,"Clauses":9983,"Literals":38020,"LEARNT_Limit":7717,"LEARNT_Clauses":4890,"LEARNT_Lit/Cl":27,"Progress":5.843}
{"Event":"Restart","Time":1.070,"AdjustCount":1856,"Restarts":30,"Conflicts":5630,"Decisions":10162,"Propagations":2991565,"Vars":1599,"Clauses":9864,"Literals":37600,"LEARNT_Limit":7717,"LEARNT_Clauses":5255,"LEARNT_Lit/Cl":26,"Progress":7.520}
{"Event":"Restart","Time":1.248,"AdjustCount":1056,"Restarts":31,"Conflicts":6430,"Decisions":11086,"Propagations":3437967,"Vars":1595,"Clauses":9715,"Literals":37052,"LEARNT_Limit":7717,"LEARNT_Clauses":5885,"LEARNT_Lit/Cl":25,"Progress":7.752}
{"Event":"LearnMore","Time":1.509,"AdjustCount":3844,"Restarts":31,"Conflicts":7486,"Decisions":12349,"Propagations":4142938,"Vars":1595,"Clauses":9715,"Literals":37052,"LEARNT_Limit":8489,"LEARNT_Clauses":6941,"LEARNT_Lit/Cl":24,"Progress":7.752}
{"Event":"Restart","Time":1.634,"AdjustCount":3299,"Restarts":32,"Conflicts":8031,"Decisions":12945,"Propagations":4503009,"Vars":1595,"Clauses":9715,"Literals":37052,"LEARNT_Limit":8489,"LEARNT_Clauses":7486,"LEARNT_Lit/Cl":23,"Progress":7.751}
{"Event":"Restart","Time":1.661,"AdjustCount":3198,"Restarts":33,"Conflicts":8132,"Decisions":13050,"Propagations":4577320,"Vars":1595,"Clauses":9715,"Literals":37052,"LEARNT_Limit":8489,"LEARNT_Clauses":7587,"LEARNT_Lit/Cl":23,"Progress":7.751}
{"Event":"Restart","Time":1.687,"AdjustCount":3097,"Restarts":34,"Conflicts":8233,"Decisions":13160,"Propagations":4654064,"Vars":1595,"Clauses":9715,"Literals":37052,"LEARNT_Limit":8489,"LEARNT_Clauses":7688,"LEARNT_Lit/Cl":23,"Progress":7.752}
{"Event":"Restart","Time":1.739,"AdjustCount":2896,"Restarts":35,"Conflicts":8434,"Decisions":13395,"Propagations":4792205,"Vars":1595,"Clauses":9715,"Literals":37052,"LEARNT_Limit":8489,"LEARNT_Clauses":7889,"LEARNT_Lit/Cl":22,"Progress":7.752}
{"Event":"Restart","Time":1.763,"AdjustCount":2794,"Restarts":36,"Conflicts":8536,"Decisions":13501,"Propagations":4859395,"Vars":1595,"Clauses":9715,"Literals":37052,"LEARNT_Limit":8489,"LEARNT_Clauses":7991,"LEARNT_Lit/Cl":22,"Progress":7.752}
{"Event":"Restart","Time":1.786,"AdjustCount":2693,"Restarts":37,"Conflicts":8637,"Decisions":13640,"Propagations":4912267,"Vars":1595,"Clauses":9715,"Literals":37052,"LEARNT_Limit":8489,"LEARNT_Clauses":8092,"LEARNT_Lit/Cl":22,"Progress":7.754}
{"Event":"Restart","Time":1.846,"AdjustCount":2493,"Restarts":38,"Conflicts":8837,"Decisions":13874,"Propagations":5074056,"Vars":1595,"Clauses":9715,"Literals":37052,"LEARNT_Limit":8489,"LEARNT_Clauses":8292,"LEARNT_Lit/Cl":22,"Progress":7.750}
{"Event":"Restart","Time":1.937,"AdjustCount":2093,"Restarts":39,"Conflicts":9237,"Decisions":14417,"Propagations":5305429,"Vars":1595,"Clauses":9715,"Literals":37052,"LEARNT_Limit":8489,"LEARNT_Clauses":4360,"LEARNT_Lit/Cl":14,"Progress":7.751}
{"Event":"Restart","Time":1.957,"AdjustCount":1993,"Restarts":40,"Conflicts":9337,"Decisions":14540,"Propagations":5365653,"Vars":1595,"Clauses":9715,"Literals":37052,"LEARNT_Limit":8489,"LEARNT_Clauses":4460,"LEARNT_Lit/Cl":14,"Progress":7.752}
{"Event":"Restart","Time":1.980,"AdjustCount":1893,"Restarts":41,"Conflicts":9437,"Decisions":14655,"Propagations":5431270,"Vars":1595,"Clauses":9715,"Literals":37052,"LEARNT_Limit":8489,"LEARNT_Clauses":4560,"LEARNT_Lit/Cl":14,"Progress":7.752}
{"Event":"Restart","Time":2.018,"AdjustCount":1692,"Restarts":42,"Conflicts":9638,"Decisions":14928,"Propagations":5537968,"Vars":1595,"Clauses":9715,"Literals":37052,"LEARNT_Limit":8489,"LEARNT_Clauses":4761,"LEARNT_Lit/Cl":14,"Progress":7.752}
{"Event":"Restart","Time":2.040,"AdjustCount":1592,"Restarts":43,"Conflicts":9738,"Decisions":15051,"Propagations":5604165,"Vars":1595,"Clauses":9715,"Literals":37052,"LEARNT_Limit":8489,"LEARNT_Clauses":4861,"LEARNT_Lit/Cl":14,"Progress":7.752}
{"Event":"Restart","Time":2.071,"AdjustCount":1492,"Restarts":44,"Conflicts":9838,"Decisions":15159,"Propagations":5701852,"Vars":1595,"Clauses":9715,"Literals":37052,"LEARNT_Limit":8489,"LEARNT_Clauses":4961,"LEARNT_Lit/Cl":14,"Progress":7.752}
{"Event":"Restart","Time":2.124,"AdjustCount":1291,"Restarts":45,"Conflicts":10039,"Decisions":15379,"Propagations":5863702,"Vars":1595,"Clauses":9715,"Literals":37052,"LEARNT_Limit":8489,"LEARNT_Clauses":5162,"LEARNT_Lit/Cl":14,"Progress":7.752}
{"Event":"Restart","Time":2.211,"AdjustCount":891,"Restarts":46,"Conflicts":10439,"Decisions":15836,"Propagations":6124742,"Vars":1595,"Clauses":9715,"Literals":37052,"LEARNT_Limit":8489,"LEARNT_Clauses":5562,"LEARNT_Lit/Cl":15,"Progress":7.750}
{"Event":"Restart","Time":2.374,"AdjustCount":90,"Restarts":47,"Conflicts":11240,"Decisions":16845,"Propagations":6614620,"Vars":1594,"Clauses":9704,"Literals":37011,"LEARNT_Limit":8489,"LEARNT_Clauses":6360,"LEARNT_Lit/Cl":17,"Progress":7.808}
{"Event":"LearnMore","Time":2.390,"AdjustCount":5766,"Restarts":47,"Conflicts":11330,"Decisions":16990,"Propagations":6657739,"Vars":1594,"Clauses":9704,"Literals":37011,"LEARNT_Limit":9338,"LEARNT_Clauses":6450,"LEARNT_Lit/Cl":17,"Progress":7.808}
{"Event":"Restart","Time":2.391,"AdjustCount":5756,"Restarts":48,"Conflicts":11340,"Decisions":17019,"Propagations":6661186,"Vars":1594,"Clauses":9704,"Literals":37011,"LEARNT_Limit":9338,"LEARNT_Clauses":6460,"LEARNT_Lit/Cl":17,"Progress":7.808}
{"Event":"Restart","Time":2.411,"AdjustCount":5655,"Restarts":49,"Conflicts":11441,"Decisions":17133,"Propagations":6715150,"Vars":1594,"Clauses":9704,"Literals":37011,"LEARNT_Limit":9338,"LEARNT_Clauses":6561,"LEARNT_Lit/Cl":17,"Progress":7.808}
{"Event":"Restart","Time":2.459,"AdjustCount":5454,"Restarts":50,"Conflicts":11642,"Decisions":17349,"Propagations":6842865,"Vars":1594,"Clauses":9704,"Literals":37011,"LEARNT_Limit":9338,"LEARNT_Clauses":6762,"LEARNT_Lit/Cl":17,"Progress":7.808}
{"Event":"Restart","Time":2.480,"AdjustCount":5353,"Restarts":51,"Conflicts":11743,"Decisions":17462,"Propagations":6900604,"Vars":1594,"Clauses":9704,"Literals":37011,"LEARNT_Limit":9338,"LEARNT_Clauses":6863,"LEARNT_Lit/Cl":17,"Progress":7.808}
{"Event":"Restart","Time":2.495,"AdjustCount":5253,"Restarts":52,"Conflicts":11843,"Decisions":17587,"Propagations":6936543,"Vars":1594,"Clauses":9704,"Literals":37011,"LEARNT_Limit":9338,"LEARNT_Clauses":6963,"LEARNT_Lit/Cl":17,"Progress":7.810}
{"Event":"Restart","Time":2.551,"AdjustCount":5053,"Restarts":53,"Conflicts":12043,"Decisions":17805,"Propagations":7092973,"Vars":1594,"Clauses":9704,"Literals":37011,"LEARNT_Limit":9338,"LEARNT_Clauses":7163,"LEARNT_Lit/Cl":17,"Progress":7.808}
{"Event":"Restart","Time":2.624,"AdjustCount":4651,"Restarts":54,"Conflicts":12445,"Decisions":18326,"Propagations":7273835,"Vars":1593,"Clauses":9693,"Literals":36970,"LEARNT_Limit":9338,"LEARNT_Clauses":7563,"LEARNT_Lit/Cl":17,"Progress":7.867}
{"Event":"Restart","Time":2.643,"AdjustCount":4551,"Restarts":55,"Conflicts":12545,"Decisions":18458,"Propagations":7325108,"Vars":1593,"Clauses":9693,"Literals":36970,"LEARNT_Limit":9338,"LEARNT_Clauses":7663,"LEARNT_Lit/Cl":17,"Progress":7.867}
{"Event":"Restart","Time":2.664,"AdjustCount":4450,"Restarts":56,"Conflicts":12646,"Decisions":18572,"Propagations":7382591,"Vars":1593,"Clauses":9693,"Literals":36970,"LEARNT_Limit":9338,"LEARNT_Clauses":7764,"LEARNT_Lit/Cl":17,"Progress":7.868}
{"Event":"Restart","Time":2.705,"AdjustCount":4250,"Restarts":57,"Conflicts":12846,"Decisions":18799,"Propagations":7494189,"Vars":1593,"Clauses":9693,"Literals":36970,"LEARNT_Limit":9338,"LEARNT_Clauses":7964,"LEARNT_Lit/Cl":17,"Progress":7.868}
{"Event":"Restart","Time":2.731,"AdjustCount":4149,"Restarts":58,"Conflicts":12947,"Decisions":18924,"Propagations":7565285,"Vars":1593,"Clauses":9693,"Literals":36970,"LEARNT_Limit":9338,"LEARNT_Clauses":8065,"LEARNT_Lit/Cl":17,"Progress":7.868}
{"Event":"Restart","Time":2.751,"AdjustCount":4048,"Restarts":59,"Conflicts":13048,"Decisions":19031,"Propagations":7616329,"Vars":1593,"Clauses":9693,"Literals":36970,"LEARNT_Limit":9338,"LEARNT_Clauses":8166,"LEARNT_Lit/Cl":17,"Progress":7.868}
{"Event":"Restart","Time":2.799,"AdjustCount":3846,"Restarts":60,"Conflicts":13250,"Decisions":19262,"Propagations":7742436,"Vars":1593,"Clauses":9693,"Literals":36970,"LEARNT_Limit":9338,"LEARNT_Clauses":8368,"LEARNT_Lit/Cl":17,"Progress":7.869}
{"Event":"Restart","Time":2.900,"AdjustCount":3445,"Restarts":61,"Conflicts":13651,"Decisions":19696,"Propagations":8013876,"Vars":1593,"Clauses":9693,"Literals":36970,"LEARNT_Limit":9338,"LEARNT_Clauses":8769,"LEARNT_Lit/Cl":17,"Progress":7.870}
{"Event":"Restart","Time":3.055,"AdjustCount":2644,"Restarts":62,"Conflicts":14452,"Decisions":20634,"Propagations":8424097,"Vars":1558,"Clauses":9311,"Literals":35578,"LEARNT_Limit":9338,"LEARNT_Clauses":4714,"LEARNT_Lit/Cl":17,"Progress":9.895}
{"Event":"Restart","Time":3.336,"AdjustCount":1044,"Restarts":63,"Conflicts":16052,"Decisions":22700,"Propagations":9158329,"Vars":1556,"Clauses":9290,"Literals":35499,"LEARNT_Limit":9338,"LEARNT_Clauses":6311,"LEARNT_Lit/Cl":17,"Progress":10.011}
{"Event":"LearnMore","Time":3.536,"AdjustCount":8649,"Restarts":63,"Conflicts":17096,"Decisions":23894,"Propagations":9719893,"Vars":1321,"Clauses":7900,"Literals":30333,"LEARNT_Limit":10272,"LEARNT_Clauses":1100,"LEARNT_Lit/Cl":8,"Progress":23.598}
===============================================================================
restarts              : 63
conflicts             : 17361          (4850 /sec)
decisions             : 24173          (0.00 % random) (6753 /sec)
propagations          : 9857417        (2753735 /sec)
conflict literals     : 355862         (75.37 % deleted)
Memory used           : 8.00 MB
CPU time              : 3.57965 s

UNSATISFIABLE
