WARNING: for repeatability, setting FPU to use double precision
============================[ Problem Statistics ]=============================
|                                                                             |
|  Number of variables:          1729                                         |
|  Number of clauses:           10868                                         |
|  Parse time:                   0.00 s                                       |
|                                                                             |
============================[ Search Statistics ]==============================
| Conflicts |          ORIGINAL         |          LEARNT          | Progress |
|           |    Vars  Clauses Literals |    Limit  Clauses Lit/Cl |          |
===============================================================================
{"Event":"Restart","Time":0.007,"AdjustCount":99,"Restarts":1,"Conflicts":1,"Decisions":90,"Propagations":149,"Vars":1680,"Clauses":10801,"Literals":40685,"LEARNT_Limit":3600,"LEARNT_Clauses":1,"LEARNT_Lit/Cl":2,"Progress":2.834}
{"Event":"LearnMore","Time":0.015,"AdjustCount":150,"Restarts":1,"Conflicts":100,"Decisions":859,"Propagations":18012,"Vars":1678,"Clauses":10801,"Literals":40685,"LEARNT_Limit":3960,"LEARNT_Clauses":99,"LEARNT_Lit/Cl":41,"Progress":2.950}
{"Event":"Restart","Time":0.015,"AdjustCount":148,"Restarts":2,"Conflicts":102,"Decisions":900,"Propagations":18835,"Vars":1678,"Clauses":10801,"Literals":40685,"LEARNT_Limit":3960,"LEARNT_Clauses":101,"LEARNT_Lit/Cl":41,"Progress":2.950}
{"Event":"Restart","Time":0.023,"AdjustCount":48,"Restarts":3,"Conflicts":202,"Decisions":1439,"Propagations":40156,"Vars":1669,"Clauses":10801,"Literals":40685,"LEARNT_Limit":3960,"LEARNT_Clauses":199,"LEARNT_Lit/Cl":33,"Progress":3.470}
{"Event":"LearnMore","Time":0.029,"AdjustCount":225,"Restarts":3,"Conflicts":250,"Decisions":1563,"Propagations":56130,"Vars":1669,"Clauses":10801,"Literals":40685,"LEARNT_Limit":4356,"LEARNT_Clauses":247,"LEARNT_Lit/Cl":31,"Progress":3.470}
{"Event":"Restart","Time":0.035,"AdjustCount":73,"Restarts":4,"Conflicts":402,"Decisions":2330,"Propagations":74961,"Vars":1629,"Clauses":10498,"Literals":39728,"LEARNT_Limit":4356,"LEARNT_Clauses":379,"LEARNT_Lit/Cl":23,"Progress":5.784}
{"Event":"LearnMore","Time":0.053,"AdjustCount":337,"Restarts":4,"Conflicts":475,"Decisions":2415,"Propagations":127712,"Vars":1629,"Clauses":10498,"Literals":39728,"LEARNT_Limit":4792,"LEARNT_Clauses":452,"LEARNT_Lit/Cl":25,"Progress":5.784}
{"Event":"Restart","Time":0.058,"AdjustCount":310,"Restarts":5,"Conflicts":502,"Decisions":2493,"Propagations":139986,"Vars":1629,"Clauses":9994,"Literals":38066,"LEARNT_Limit":4792,"LEARNT_Clauses":417,"LEARNT_Lit/Cl":24,"Progress":5.784}
{"Event":"Restart","Time":0.080,"AdjustCount":210,"Restarts":6,"Conflicts":602,"Decisions":2615,"Propagations":210000,"Vars":1629,"Clauses":9994,"Literals":38066,"LEARNT_Limit":4792,"LEARNT_Clauses":517,"LEARNT_Lit/Cl":22,"Progress":5.784}
{"Event":"Restart","Time":0.120,"AdjustCount":9,"Restarts":7,"Conflicts":803,"Decisions":2888,"Propagations":340232,"Vars":1629,"Clauses":9994,"Literals":38066,"LEARNT_Limit":4792,"LEARNT_Clauses":718,"LEARNT_Lit/Cl":22,"Progress":5.784}
{"Event":"LearnMore","Time":0.122,"AdjustCount":506,"Restarts":7,"Conflicts":812,"Decisions":2894,"Propagations":344426,"Vars":1629,"Clauses":9994,"Literals":38066,"LEARNT_Limit":5271,"LEARNT_Clauses":727,"LEARNT_Lit/Cl":22,"Progress":5.784}
{"Event":"Restart","Time":0.196,"AdjustCount":115,"Restarts":8,"Conflicts":1203,"Decisions":3342,"Propagations":572119,"Vars":1629,"Clauses":9994,"Literals":38066,"LEARNT_Limit":5271,"LEARNT_Clauses":1118,"LEARNT_Lit/Cl":21,"Progress":5.784}
{"Event":"Restart","Time":0.210,"AdjustCount":15,"Restarts":9,"Conflicts":1303,"Decisions":3509,"Propagations":615950,"Vars":1629,"Clauses":9994,"Literals":38066,"LEARNT_Limit":5271,"LEARNT_Clauses":1218,"LEARNT_Lit/Cl":21,"Progress":5.784}
{"Event":"LearnMore","Time":0.212,"AdjustCount":759,"Restarts":9,"Conflicts":1318,"Decisions":3519,"Propagations":621835,"Vars":1629,"Clauses":9994,"Literals":38066,"LEARNT_Limit":5798,"LEARNT_Clauses":1233,"LEARNT_Lit/Cl":21,"Progress":5.784}
{"Event":"Restart","Time":0.220,"AdjustCount":672,"Restarts":10,"Conflicts":1405,"Decisions":3655,"Propagations":657141,"Vars":1629,"Clauses":9994,"Literals":38066,"LEARNT_Limit":5798,"LEARNT_Clauses":1320,"LEARNT_Lit/Cl":21,"Progress":5.784}
{"Event":"Restart","Time":0.261,"AdjustCount":472,"Restarts":11,"Conflicts":1605,"Decisions":3868,"Propagations":778436,"Vars":1629,"Clauses":9994,"Literals":38066,"LEARNT_Limit":5798,"LEARNT_Clauses":1520,"LEARNT_Lit/Cl":21,"Progress":5.784}
{"Event":"Restart","Time":0.273,"AdjustCount":370,"Restarts":12,"Conflicts":1707,"Decisions":4007,"Propagations":810910,"Vars":1629,"Clauses":9994,"Literals":38066,"LEARNT_Limit":5798,"LEARNT_Clauses":1622,"LEARNT_Lit/Cl":21,"Progress":5.784}
{"Event":"Restart","Time":0.292,"AdjustCount":269,"Restarts":13,"Conflicts":1808,"Decisions":4149,"Propagations":872836,"Vars":1629,"Clauses":9994,"Literals":38066,"LEARNT_Limit":5798,"LEARNT_Clauses":1723,"LEARNT_Lit/Cl":21,"Progress":5.784}
{"Event":"Restart","Time":0.332,"AdjustCount":69,"Restarts":14,"Conflicts":2008,"Decisions":4434,"Propagations":1003307,"Vars":1629,"Clauses":9994,"Literals":38066,"LEARNT_Limit":5798,"LEARNT_Clauses":1923,"LEARNT_Lit/Cl":21,"Progress":5.784}
{"Event":"LearnMore","Time":0.345,"AdjustCount":1139,"Restarts":14,"Conflicts":2077,"Decisions":4521,"Propagations":1044693,"Vars":1629,"Clauses":9994,"Literals":38066,"LEARNT_Limit":6378,"LEARNT_Clauses":1992,"LEARNT_Lit/Cl":21,"Progress":5.784}
{"Event":"Restart","Time":0.420,"AdjustCount":808,"Restarts":15,"Conflicts":2408,"Decisions":4894,"Propagations":1297311,"Vars":1629,"Clauses":9994,"Literals":38066,"LEARNT_Limit":6378,"LEARNT_Clauses":2323,"LEARNT_Lit/Cl":21,"Progress":5.784}
{"Event":"Restart","Time":0.576,"AdjustCount":8,"Restarts":16,"Conflicts":3208,"Decisions":5952,"Propagations":1806455,"Vars":1629,"Clauses":9994,"Literals":38066,"LEARNT_Limit":6378,"LEARNT_Clauses":3123,"LEARNT_Lit/Cl":20,"Progress":5.784}
{"Event":"LearnMore","Time":0.577,"AdjustCount":1708,"Restarts":16,"Conflicts":3216,"Decisions":5959,"Propagations":1809440,"Vars":1629,"Clauses":9994,"Literals":38066,"LEARNT_Limit":7016,"LEARNT_Clauses":3131,"LEARNT_Lit/Cl":20,"Progress":5.784}
{"Event":"Restart","Time":0.595,"AdjustCount":1616,"Restarts":17,"Conflicts":3308,"Decisions":6076,"Propagations":1856576,"Vars":1629,"Clauses":9994,"Literals":38066,"LEARNT_Limit":7016,"LEARNT_Clauses":3223,"LEARNT_Lit/Cl":20,"Progress":5.784}
{"Event":"Restart","Time":0.614,"AdjustCount":1513,"Restarts":18,"Conflicts":3411,"Decisions":6196,"Propagations":1905301,"Vars":1629,"Clauses":9994,"Literals":38066,"LEARNT_Limit":7016,"LEARNT_Clauses":3326,"LEARNT_Lit/Cl":20,"Progress":5.784}
{"Event":"Restart","Time":0.665,"AdjustCount":1312,"Restarts":19,"Conflicts":3612,"Decisions":6414,"Propagations":2060535,"Vars":1629,"Clauses":9994,"Literals":38066,"LEARNT_Limit":7016,"LEARNT_Clauses":3527,"LEARNT_Lit/Cl":20,"Progress":5.784}
{"Event":"Restart","Time":0.684,"AdjustCount":1212,"Restarts":20,"Conflicts":3712,"Decisions":6530,"Propagations":2114247,"Vars":1629,"Clauses":9994,"Literals":38066,"LEARNT_Limit":7016,"LEARNT_Clauses":3627,"LEARNT_Lit/Cl":20,"Progress":5.784}
{"Event":"Restart","Time":0.707,"AdjustCount":1112,"Restarts":21,"Conflicts":3812,"Decisions":6640,"Propagations":2185780,"Vars":1629,"Clauses":9994,"Literals":38066,"LEARNT_Limit":7016,"LEARNT_Clauses":3727,"LEARNT_Lit/Cl":20,"Progress":5.784}
{"Event":"Restart","Time":0.747,"AdjustCount":912,"Restarts":22,"Conflicts":4012,"Decisions":6865,"Propagations":2307993,"Vars":1629,"Clauses":9994,"Literals":38066,"LEARNT_Limit":7016,"LEARNT_Clauses":3927,"LEARNT_Lit/Cl":20,"Progress":5.784}
{"Event":"Restart","Time":0.834,"AdjustCount":512,"Restarts":23,"Conflicts":4412,"Decisions":7329,"Propagations":2575628,"Vars":1629,"Clauses":9994,"Literals":38066,"LEARNT_Limit":7016,"LEARNT_Clauses":4327,"LEARNT_Lit/Cl":20,"Progress":5.784}
{"Event":"Restart","Time":0.852,"AdjustCount":411,"Restarts":24,"Conflicts":4513,"Decisions":7471,"Propagations":2624837,"Vars":1629,"Clauses":9994,"Literals":38066,"LEARNT_Limit":7016,"LEARNT_Clauses":4428,"LEARNT_Lit/Cl":20,"Progress":5.785}
{"Event":"Restart","Time":0.865,"AdjustCount":311,"Restarts":25,"Conflicts":4613,"Decisions":7597,"Propagations":2658708,"Vars":1629,"Clauses":9994,"Literals":38066,"LEARNT_Limit":7016,"LEARNT_Clauses":4528,"LEARNT_Lit/Cl":20,"Progress":5.785}
{"Event":"Restart","Time":0.909,"AdjustCount":111,"Restarts":26,"Conflicts":4813,"Decisions":7819,"Propagations":2775355,"Vars":1629,"Clauses":9994,"Literals":38066,"LEARNT_Limit":7016,"LEARNT_Clauses":4728,"LEARNT_Lit/Cl":20,"Progress":5.784}
{"Event":"Restart","Time":0.930,"AdjustCount":11,"Restarts":27,"Conflicts":4913,"Decisions":7935,"Propagations":2832527,"Vars":1629,"Clauses":9994,"Literals":38066,"LEARNT_Limit":7016,"LEARNT_Clauses":4828,"LEARNT_Lit/Cl":20,"Progress":5.785}
{"Event":"LearnMore","Time":0.932,"AdjustCount":2562,"Restarts":27,"Conflicts":4924,"Decisions":7945,"Propagations":2838451,"Vars":1629,"Clauses":9994,"Literals":38066,"LEARNT_Limit":7717,"LEARNT_Clauses":4839,"LEARNT_Lit/Cl":20,"Progress":5.785}
{"Event":"Restart","Time":0.951,"AdjustCount":2473,"Restarts":28,"Conflicts":5013,"Decisions":8056,"Propagations":2896816,"Vars":1629,"Clauses":9994,"Literals":38066,"LEARNT_Limit":7717,"LEARNT_Clauses":4928,"LEARNT_Lit/Cl":20,"Progress":5.785}
{"Event":"Restart","Time":0.995,"AdjustCount":2272,"Restarts":29,"Conflicts":5214,"Decisions":8288,"Propagations":3022926,"Vars":1629,"Clauses":9994,"Literals":38066,"LEARNT_Limit":7717,"LEARNT_Clauses":5129,"LEARNT_Lit/Cl":20,"Progress":5.784}
{"Event":"Restart","Time":1.095,"AdjustCount":1871,"Restarts":30,"Conflicts":5615,"Decisions":8751,"Propagations":3325639,"Vars":1629,"Clauses":9994,"Literals":38066,"LEARNT_Limit":7717,"LEARNT_Clauses":5530,"LEARNT_Lit/Cl":20,"Progress":5.785}
{"Event":"Restart","Time":1.274,"AdjustCount":1071,"Restarts":31,"Conflicts":6415,"Decisions":9650,"Propagations":3848013,"Vars":1629,"Clauses":9994,"Literals":38066,"LEARNT_Limit":7717,"LEARNT_Clauses":6330,"LEARNT_Lit/Cl":20,"Progress":5.785}
{"Event":"LearnMore","Time":1.550,"AdjustCount":3844,"Restarts":31,"Conflicts":7486,"Decisions":10859,"Propagations":4630152,"Vars":1629,"Clauses":9994,"Literals":38066,"LEARNT_Limit":8489,"LEARNT_Clauses":7401,"LEARNT_Lit/Cl":19,"Progress":5.786}
{"Event":"Restart","Time":1.684,"AdjustCount":3314,"Restarts":32,"Conflicts":8016,"Decisions":11454,"Propagations":5008671,"Vars":1628,"Clauses":9983,"Literals":38025,"LEARNT_Limit":8489,"LEARNT_Clauses":7929,"LEARNT_Lit/Cl":19,"Progress":5.844}
{"Event":"Restart","Time":1.712,"AdjustCount":3213,"Restarts":33,"Conflicts":8117,"Decisions":11568,"Propagations":5085630,"Vars":1628,"Clauses":9983,"Literals":38025,"LEARNT_Limit":8489,"LEARNT_Clauses":8030,"LEARNT_Lit/Cl":19,"Progress":5.844}
{"Event":"Restart","Time":1.742,"AdjustCount":3113,"Restarts":34,"Conflicts":8217,"Decisions":11689,"Propagations":5173954,"Vars":1628,"Clauses":9983,"Literals":38025,"LEARNT_Limit":8489,"LEARNT_Clauses":8130,"LEARNT_Lit/Cl":19,"Progress":5.844}
{"Event":"Restart","Time":1.776,"AdjustCount":2913,"Restarts":35,"Conflicts":8417,"Decisions":11931,"Propagations":5273415,"Vars":1628,"Clauses":9983,"Literals":38025,"LEARNT_Limit":8489,"LEARNT_Clauses":8330,"LEARNT_Lit/Cl":19,"Progress":5.842}
{"Event":"Restart","Time":1.798,"AdjustCount":2813,"Restarts":36,"Conflicts":8517,"Decisions":12069,"Propagations":5330833,"Vars":1628,"Clauses":9983,"Literals":38025,"LEARNT_Limit":8489,"LEARNT_Clauses":8430,"LEARNT_Lit/Cl":19,"Progress":5.844}
{"Event":"Restart","Time":1.820,"AdjustCount":2712,"Restarts":37,"Conflicts":8618,"Decisions":12176,"Propagations":5388902,"Vars":1628,"Clauses":9983,"Literals":38025,"LEARNT_Limit":8489,"LEARNT_Clauses":8531,"LEARNT_Lit/Cl":19,"Progress":5.844}
{"Event":"Restart","Time":1.876,"AdjustCount":2512,"Restarts":38,"Conflicts":8818,"Decisions":12390,"Propagations":5522839,"Vars":1628,"Clauses":9983,"Literals":38025,"LEARNT_Limit":8489,"LEARNT_Clauses":4366,"LEARNT_Lit/Cl":15,"Progress":5.844}
{"Event":"Restart","Time":1.959,"AdjustCount":2111,"Restarts":39,"Conflicts":9219,"Decisions":12842,"Propagations":5783497,"Vars":1628,"Clauses":9983,"Literals":38025,"LEARNT_Limit":8489,"LEARNT_Clauses":4767,"LEARNT_Lit/Cl":15,"Progress":5.844}
{"Event":"Restart","Time":1.979,"AdjustCount":2010,"Restarts":40,"Conflicts":9320,"Decisions":12954,"Propagations":5842902,"Vars":1628,"Clauses":9983,"Literals":38025,"LEARNT_Limit":8489,"LEARNT_Clauses":4868,"LEARNT_Lit/Cl":15,"Progress":5.844}
{"Event":"Restart","Time":1.996,"AdjustCount":1908,"Restarts":41,"Conflicts":9422,"Decisions":13070,"Propagations":5887308,"Vars":1628,"Clauses":9983,"Literals":38025,"LEARNT_Limit":8489,"LEARNT_Clauses":4970,"LEARNT_Lit/Cl":15,"Progress":5.844}
{"Event":"Restart","Time":2.041,"AdjustCount":1708,"Restarts":42,"Conflicts":9622,"Decisions":13285,"Propagations":6023359,"Vars":1628,"Clauses":9983,"Literals":38025,"LEARNT_Limit":8489,"LEARNT_Clauses":5170,"LEARNT_Lit/Cl":15,"Progress":5.844}
{"Event":"Restart","Time":2.062,"AdjustCount":1605,"Restarts":43,"Conflicts":9725,"Decisions":13419,"Propagations":6085701,"Vars":1628,"Clauses":9983,"Literals":38025,"LEARNT_Limit":8489,"LEARNT_Clauses":5273,"LEARNT_Lit/Cl":15,"Progress":5.844}
{"Event":"Restart","Time":2.084,"AdjustCount":1504,"Restarts":44,"Conflicts":9826,"Decisions":13544,"Propagations":6152445,"Vars":1628,"Clauses":9983,"Literals":38025,"LEARNT_Limit":8489,"LEARNT_Clauses":5374,"LEARNT_Lit/Cl":15,"Progress":5.844}
{"Event":"Restart","Time":2.114,"AdjustCount":1303,"Restarts":45,"Conflicts":10027,"Decisions":13768,"Propagations":6239856,"Vars":1628,"Clauses":9983,"Literals":38025,"LEARNT_Limit":8489,"LEARNT_Clauses":5575,"LEARNT_Lit/Cl":15,"Progress":5.844}
{"Event":"Restart","Time":2.194,"AdjustCount":902,"Restarts":46,"Conflicts":10428,"Decisions":14225,"Propagations":6478034,"Vars":1628,"Clauses":9983,"Literals":38025,"LEARNT_Limit":8489,"LEARNT_Clauses":5976,"LEARNT_Lit/Cl":15,"Progress":5.842}
{"Event":"Restart","Time":2.368,"AdjustCount":102,"Restarts":47,"Conflicts":11228,"Decisions":15119,"Propagations":6989441,"Vars":1628,"Clauses":9983,"Literals":38025,"LEARNT_Limit":8489,"LEARNT_Clauses":6776,"LEARNT_Lit/Cl":15,"Progress":5.843}
{"Event":"Restart","Time":2.385,"AdjustCount":1,"Restarts":48,"Conflicts":11329,"Decisions":15239,"Propagations":7033852,"Vars":1628,"Clauses":9983,"Literals":38025,"LEARNT_Limit":8489,"LEARNT_Clauses":6877,"LEARNT_Lit/Cl":15,"Progress":5.843}
{"Event":"LearnMore","Time":2.385,"AdjustCount":5766,"Restarts":48,"Conflicts":11330,"Decisions":15239,"Propagations":7034962,"Vars":1628,"Clauses":9983,"Literals":38025,"LEARNT_Limit":9338,"LEARNT_Clauses":6878,"LEARNT_Lit/Cl":15,"Progress":5.843}
{"Event":"Restart","Time":2.405,"AdjustCount":5667,"Restarts":49,"Conflicts":11429,"Decisions":15353,"Propagations":7092530,"Vars":1628,"Clauses":9983,"Literals":38025,"LEARNT_Limit":9338,"LEARNT_Clauses":6977,"LEARNT_Lit/Cl":15,"Progress":5.843}
{"Event":"Restart","Time":2.438,"AdjustCount":5467,"Restarts":50,"Conflicts":11629,"Decisions":15603,"Propagations":7178437,"Vars":1628,"Clauses":9983,"Literals":38025,"LEARNT_Limit":9338,"LEARNT_Clauses":7177,"LEARNT_Lit/Cl":15,"Progress":5.843}
{"Event":"Restart","Time":2.457,"AdjustCount":5367,"Restarts":51,"Conflicts":11729,"Decisions":15720,"Propagations":7230539,"Vars":1628,"Clauses":9983,"Literals":38025,"LEARNT_Limit":9338,"LEARNT_Clauses":7277,"LEARNT_Lit/Cl":15,"Progress":5.843}
{"Event":"Restart","Time":2.481,"AdjustCount":5266,"Restarts":52,"Conflicts":11830,"Decisions":15832,"Propagations":7300786,"Vars":1628,"Clauses":9983,"Literals":38025,"LEARNT_Limit":9338,"LEARNT_Clauses":7378,"LEARNT_Lit/Cl":15,"Progress":5.843}
{"Event":"Restart","Time":2.521,"AdjustCount":5065,"Restarts":53,"Conflicts":12031,"Decisions":16052,"Propagations":7413327,"Vars":1628,"Clauses":9983,"Literals":38025,"LEARNT_Limit":9338,"LEARNT_Clauses":7579,"LEARNT_Lit/Cl":15,"Progress":5.843}
{"Event":"Restart","Time":2.613,"AdjustCount":4665,"Restarts":54,"Conflicts":12431,"Decisions":16484,"Propagations":7682074,"Vars":1628,"Clauses":9983,"Literals":38025,"LEARNT_Limit":9338,"LEARNT_Clauses":7979,"LEARNT_Lit/Cl":15,"Progress":5.843}
{"Event":"Restart","Time":2.635,"AdjustCount":4565,"Restarts":55,"Conflicts":12531,"Decisions":16610,"Propagations":7741692,"Vars":1628,"Clauses":9983,"Literals":38025,"LEARNT_Limit":9338,"LEARNT_Clauses":8079,"LEARNT_Lit/Cl":15,"Progress":5.842}
{"Event":"Restart","Time":2.662,"AdjustCount":4465,"Restarts":56,"Conflicts":12631,"Decisions":16720,"Propagations":7822832,"Vars":1628,"Clauses":9983,"Literals":38025,"LEARNT_Limit":9338,"LEARNT_Clauses":8179,"LEARNT_Lit/Cl":15,"Progress":5.843}
{"Event":"Restart","Time":2.714,"AdjustCount":4264,"Restarts":57,"Conflicts":12832,"Decisions":16951,"Propagations":7972676,"Vars":1628,"Clauses":9983,"Literals":38025,"LEARNT_Limit":9338,"LEARNT_Clauses":8380,"LEARNT_Lit/Cl":15,"Progress":5.843}
{"Event":"Restart","Time":2.728,"AdjustCount":4163,"Restarts":58,"Conflicts":12933,"Decisions":17069,"Propagations":8007538,"Vars":1628,"Clauses":9983,"Literals":38025,"LEARNT_Limit":9338,"LEARNT_Clauses":8481,"LEARNT_Lit/Cl":15,"Progress":5.843}
{"Event":"Restart","Time":2.751,"AdjustCount":4063,"Restarts":59,"Conflicts":13033,"Decisions":17189,"Propagations":8070409,"Vars":1628,"Clauses":9983,"Literals":38025,"LEARNT_Limit":9338,"LEARNT_Clauses":8581,"LEARNT_Lit/Cl":15,"Progress":5.843}
{"Event":"Restart","Time":2.800,"AdjustCount":3861,"Restarts":60,"Conflicts":13235,"Decisions":17410,"Propagations":8199804,"Vars":1628,"Clauses":9983,"Literals":38025,"LEARNT_Limit":9338,"LEARNT_Clauses":8783,"LEARNT_Lit/Cl":15,"Progress":5.843}
{"Event":"Restart","Time":2.901,"AdjustCount":3459,"Restarts":61,"Conflicts":13637,"Decisions":17823,"Propagations":8488432,"Vars":1628,"Clauses":9983,"Literals":38025,"LEARNT_Limit":9338,"LEARNT_Clauses":9185,"LEARNT_Lit/Cl":15,"Progress":5.843}
{"Event":"Restart","Time":3.104,"AdjustCount":2657,"Restarts":62,"Conflicts":14439,"Decisions":18718,"Propagations":9123646,"Vars":1628,"Clauses":9983,"Literals":38025,"LEARNT_Limit":9338,"LEARNT_Clauses":5189,"LEARNT_Lit/Cl":14,"Progress":5.843}
{"Event":"Restart","Time":3.438,"AdjustCount":1056,"Restarts":63,"Conflicts":16040,"Decisions":20572,"Propagations":10175154,"Vars":1628,"Clauses":9983,"Literals":38025,"LEARNT_Limit":9338,"LEARNT_Clauses":6790,"LEARNT_Lit/Cl":15,"Progress":5.843}
{"Event":"LearnMore","Time":3.692,"AdjustCount":8649,"Restarts":63,"Conflicts":17096,"Decisions":21709,"Propagations":10930958,"Vars":1605,"Clauses":9745,"Literals":37147,"LEARNT_Limit":10272,"LEARNT_Clauses":2282,"LEARNT_Lit/Cl":11,"Progress":7.172}
{"Event":"Restart","Time":4.101,"AdjustCount":6505,"Restarts":64,"Conflicts":19240,"Decisions":24131,"Propagations":12198293,"Vars":1605,"Clauses":9745,"Literals":37147,"LEARNT_Limit":10272,"LEARNT_Clauses":4426,"LEARNT_Lit/Cl":16,"Progress":7.172}
{"Event":"Restart","Time":4.118,"AdjustCount":6404,"Restarts":65,"Conflicts":19341,"Decisions":24239,"Propagations":12245489,"Vars":1605,"Clauses":9745,"Literals":37147,"LEARNT_Limit":10272,"LEARNT_Clauses":4527,"LEARNT_Lit/Cl":16,"Progress":7.172}
{"Event":"Restart","Time":4.138,"AdjustCount":6302,"Restarts":66,"Conflicts":19443,"Decisions":24356,"Propagations":12299924,"Vars":1605,"Clauses":9745,"Literals":37147,"LEARNT_Limit":10272,"LEARNT_Clauses":4629,"LEARNT_Lit/Cl":16,"Progress":7.172}
{"Event":"Restart","Time":4.176,"AdjustCount":6102,"Restarts":67,"Conflicts":19643,"Decisions":24567,"Propagations":12406476,"Vars":1605,"Clauses":9745,"Literals":37147,"LEARNT_Limit":10272,"LEARNT_Clauses":4829,"LEARNT_Lit/Cl":16,"Progress":7.172}
{"Event":"Restart","Time":4.199,"AdjustCount":6002,"Restarts":68,"Conflicts":19743,"Decisions":24683,"Propagations":12470655,"Vars":1605,"Clauses":9745,"Literals":37147,"LEARNT_Limit":10272,"LEARNT_Clauses":4929,"LEARNT_Lit/Cl":16,"Progress":7.172}
{"Event":"Restart","Time":4.226,"AdjustCount":5900,"Restarts":69,"Conflicts":19845,"Decisions":24792,"Propagations":12548361,"Vars":1605,"Clauses":9745,"Literals":37147,"LEARNT_Limit":10272,"LEARNT_Clauses":5031,"LEARNT_Lit/Cl":16,"Progress":7.175}
{"Event":"Restart","Time":4.275,"AdjustCount":5700,"Restarts":70,"Conflicts":20045,"Decisions":25010,"Propagations":12700522,"Vars":1605,"Clauses":9745,"Literals":37147,"LEARNT_Limit":10272,"LEARNT_Clauses":5231,"LEARNT_Lit/Cl":16,"Progress":7.175}
{"Event":"Restart","Time":4.365,"AdjustCount":5300,"Restarts":71,"Conflicts":20445,"Decisions":25421,"Propagations":12980009,"Vars":1605,"Clauses":9745,"Literals":37147,"LEARNT_Limit":10272,"LEARNT_Clauses":5631,"LEARNT_Lit/Cl":15,"Progress":7.175}
{"Event":"Restart","Time":4.390,"AdjustCount":5199,"Restarts":72,"Conflicts":20546,"Decisions":25536,"Propagations":13057032,"Vars":1605,"Clauses":9745,"Literals":37147,"LEARNT_Limit":10272,"LEARNT_Clauses":5732,"LEARNT_Lit/Cl":15,"Progress":7.175}
{"Event":"Restart","Time":4.412,"AdjustCount":5097,"Restarts":73,"Conflicts":20648,"Decisions":25648,"Propagations":13130521,"Vars":1605,"Clauses":9745,"Literals":37147,"LEARNT_Limit":10272,"LEARNT_Clauses":5834,"LEARNT_Lit/Cl":15,"Progress":7.172}
{"Event":"Restart","Time":4.454,"AdjustCount":4897,"Restarts":74,"Conflicts":20848,"Decisions":25862,"Propagations":13252415,"Vars":1605,"Clauses":9745,"Literals":37147,"LEARNT_Limit":10272,"LEARNT_Clauses":6034,"LEARNT_Lit/Cl":15,"Progress":7.173}
{"Event":"Restart","Time":4.481,"AdjustCount":4797,"Restarts":75,"Conflicts":20948,"Decisions":25976,"Propagations":13331237,"Vars":1605,"Clauses":9745,"Literals":37147,"LEARNT_Limit":10272,"LEARNT_Clauses":6134,"LEARNT_Lit/Cl":15,"Progress":7.172}
{"Event":"Restart","Time":4.511,"AdjustCount":4697,"Restarts":76,"Conflicts":21048,"Decisions":26078,"Propagations":13424180,"Vars":1605,"Clauses":9745,"Literals":37147,"LEARNT_Limit":10272,"LEARNT_Clauses":6234,"LEARNT_Lit/Cl":15,"Progress":7.172}
{"Event":"Restart","Time":4.558,"AdjustCount":4497,"Restarts":77,"Conflicts":21248,"Decisions":26302,"Propagations":13566181,"Vars":1605,"Clauses":9745,"Literals":37147,"LEARNT_Limit":10272,"LEARNT_Clauses":6434,"LEARNT_Lit/Cl":15,"Progress":7.172}
{"Event":"Restart","Time":4.633,"AdjustCount":4096,"Restarts":78,"Conflicts":21649,"Decisions":26775,"Propagations":13789846,"Vars":1605,"Clauses":9745,"Literals":37147,"LEARNT_Limit":10272,"LEARNT_Clauses":6835,"LEARNT_Lit/Cl":15,"Progress":7.174}
{"Event":"Restart","Time":4.813,"AdjustCount":3296,"Restarts":79,"Conflicts":22449,"Decisions":27630,"Propagations":14319189,"Vars":1605,"Clauses":9745,"Literals":37147,"LEARNT_Limit":10272,"LEARNT_Clauses":7635,"LEARNT_Lit/Cl":15,"Progress":7.172}
{"Event":"Restart","Time":4.834,"AdjustCount":3195,"Restarts":80,"Conflicts":22550,"Decisions":27740,"Propagations":14379109,"Vars":1605,"Clauses":9745,"Literals":37147,"LEARNT_Limit":10272,"LEARNT_Clauses":7736,"LEARNT_Lit/Cl":15,"Progress":7.174}
{"Event":"Restart","Time":4.853,"AdjustCount":3095,"Restarts":81,"Conflicts":22650,"Decisions":27868,"Propagations":14434674,"Vars":1605,"Clauses":9745,"Literals":37147,"LEARNT_Limit":10272,"LEARNT_Clauses":7836,"LEARNT_Lit/Cl":15,"Progress":7.173}
{"Event":"Restart","Time":4.896,"AdjustCount":2894,"Restarts":82,"Conflicts":22851,"Decisions":28093,"Propagations":14555297,"Vars":1605,"Clauses":9745,"Literals":37147,"LEARNT_Limit":10272,"LEARNT_Clauses":8037,"LEARNT_Lit/Cl":15,"Progress":7.172}
{"Event":"Restart","Time":4.915,"AdjustCount":2794,"Restarts":83,"Conflicts":22951,"Decisions":28205,"Propagations":14612805,"Vars":1605,"Clauses":9745,"Literals":37147,"LEARNT_Limit":10272,"LEARNT_Clauses":8137,"LEARNT_Lit/Cl":15,"Progress":7.172}
{"Event":"Restart","Time":4.935,"AdjustCount":2694,"Restarts":84,"Conflicts":23051,"Decisions":28318,"Propagations":14668941,"Vars":1605,"Clauses":9745,"Literals":37147,"LEARNT_Limit":10272,"LEARNT_Clauses":8237,"LEARNT_Lit/Cl":15,"Progress":7.172}
{"Event":"Restart","Time":4.973,"AdjustCount":2492,"Restarts":85,"Conflicts":23253,"Decisions":28540,"Propagations":14767275,"Vars":1605,"Clauses":9745,"Literals":37147,"LEARNT_Limit":10272,"LEARNT_Clauses":8439,"LEARNT_Lit/Cl":15,"Progress":7.172}
{"Event":"Restart","Time":5.060,"AdjustCount":2092,"Restarts":86,"Conflicts":23653,"Decisions":28963,"Propagations":15018424,"Vars":1605,"Clauses":9745,"Literals":37147,"LEARNT_Limit":10272,"LEARNT_Clauses":8839,"LEARNT_Lit/Cl":15,"Progress":7.173}
{"Event":"Restart","Time":5.082,"AdjustCount":1991,"Restarts":87,"Conflicts":23754,"Decisions":29069,"Propagations":15079048,"Vars":1605,"Clauses":9745,"Literals":37147,"LEARNT_Limit":10272,"LEARNT_Clauses":8940,"LEARNT_Lit/Cl":15,"Progress":7.173}
{"Event":"Restart","Time":5.108,"AdjustCount":1891,"Restarts":88,"Conflicts":23854,"Decisions":29181,"Propagations":15156301,"Vars":1605,"Clauses":9745,"Literals":37147,"LEARNT_Limit":10272,"LEARNT_Clauses":9040,"LEARNT_Lit/Cl":15,"Progress":7.172}
{"Event":"Restart","Time":5.159,"AdjustCount":1690,"Restarts":89,"Conflicts":24055,"Decisions":29405,"Propagations":15307054,"Vars":1605,"Clauses":9745,"Literals":37147,"LEARNT_Limit":10272,"LEARNT_Clauses":9241,"LEARNT_Lit/Cl":15,"Progress":7.172}
{"Event":"Restart","Time":5.177,"AdjustCount":1588,"Restarts":90,"Conflicts":24157,"Decisions":29549,"Propagations":15346274,"Vars":1605,"Clauses":9745,"Literals":37147,"LEARNT_Limit":10272,"LEARNT_Clauses":9343,"LEARNT_Lit/Cl":15,"Progress":7.175}
{"Event":"Restart","Time":5.196,"AdjustCount":1488,"Restarts":91,"Conflicts":24257,"Decisions":29650,"Propagations":15397914,"Vars":1605,"Clauses":9745,"Literals":37147,"LEARNT_Limit":10272,"LEARNT_Clauses":9443,"LEARNT_Lit/Cl":15,"Progress":7.175}
{"Event":"Restart","Time":5.241,"AdjustCount":1288,"Restarts":92,"Conflicts":24457,"Decisions":29925,"Propagations":15531664,"Vars":1568,"Clauses":9399,"Literals":35936,"LEARNT_Limit":10272,"LEARNT_Clauses":6466,"LEARNT_Lit/Cl":16,"Progress":9.314}
{"Event":"Restart","Time":5.309,"AdjustCount":888,"Restarts":93,"Conflicts":24857,"Decisions":30416,"Propagations":15720586,"Vars":1567,"Clauses":9388,"Literals":35895,"LEARNT_Limit":10272,"LEARNT_Clauses":6864,"LEARNT_Lit/Cl":16,"Progress":9.372}
===============================================================================
restarts              : 93
conflicts             : 25331          (4678 /sec)
decisions             : 30922          (0.00 % random) (5710 /sec)
propagations          : 16015448       (2957487 /sec)
conflict literals     : 424266         (76.67 % deleted)
Memory used           : 8.00 MB
CPU time              : 5.41522 s

UNSATISFIABLE
