WARNING: for repeatability, setting FPU to use double precision
============================[ Problem Statistics ]=============================
|                                                                             |
|  Number of variables:          1729                                         |
|  Number of clauses:           10880                                         |
|  Parse time:                   0.01 s                                       |
|                                                                             |
============================[ Search Statistics ]==============================
| Conflicts |          ORIGINAL         |          LEARNT          | Progress |
|           |    Vars  Clauses Literals |    Limit  Clauses Lit/Cl |          |
===============================================================================
{"Event":"Restart","Time":0.013,"AdjustCount":99,"Restarts":1,"Conflicts":1,"Decisions":92,"Propagations":143,"Vars":1680,"Clauses":10801,"Literals":40687,"LEARNT_Limit":3600,"LEARNT_Clauses":1,"LEARNT_Lit/Cl":2,"Progress":2.834}
{"Event":"LearnMore","Time":0.016,"AdjustCount":150,"Restarts":1,"Conflicts":100,"Decisions":2213,"Propagations":9779,"Vars":1677,"Clauses":10801,"Literals":40687,"LEARNT_Limit":3960,"LEARNT_Clauses":98,"LEARNT_Lit/Cl":5,"Progress":3.008}
{"Event":"Restart","Time":0.017,"AdjustCount":148,"Restarts":2,"Conflicts":102,"Decisions":2280,"Propagations":10996,"Vars":1677,"Clauses":10801,"Literals":40687,"LEARNT_Limit":3960,"LEARNT_Clauses":100,"LEARNT_Lit/Cl":6,"Progress":3.008}
{"Event":"Restart","Time":0.022,"AdjustCount":48,"Restarts":3,"Conflicts":202,"Decisions":3508,"Propagations":29097,"Vars":1649,"Clauses":10801,"Literals":40687,"LEARNT_Limit":3960,"LEARNT_Clauses":197,"LEARNT_Lit/Cl":10,"Progress":4.628}
{"Event":"LearnMore","Time":0.028,"AdjustCount":225,"Restarts":3,"Conflicts":250,"Decisions":3873,"Propagations":42971,"Vars":1635,"Clauses":10801,"Literals":40687,"LEARNT_Limit":4356,"LEARNT_Clauses":241,"LEARNT_Lit/Cl":12,"Progress":5.437}
{"Event":"Restart","Time":0.044,"AdjustCount":72,"Restarts":4,"Conflicts":403,"Decisions":4284,"Propagations":96999,"Vars":1633,"Clauses":10055,"Literals":38264,"LEARNT_Limit":4356,"LEARNT_Clauses":355,"LEARNT_Lit/Cl":20,"Progress":5.553}
{"Event":"LearnMore","Time":0.058,"AdjustCount":337,"Restarts":4,"Conflicts":475,"Decisions":4357,"Propagations":136136,"Vars":1633,"Clauses":10055,"Literals":38264,"LEARNT_Limit":4792,"LEARNT_Clauses":427,"LEARNT_Lit/Cl":22,"Progress":5.553}
{"Event":"Restart","Time":0.063,"AdjustCount":309,"Restarts":5,"Conflicts":503,"Decisions":4406,"Propagations":152201,"Vars":1633,"Clauses":10055,"Literals":38264,"LEARNT_Limit":4792,"LEARNT_Clauses":455,"LEARNT_Lit/Cl":23,"Progress":5.553}
{"Event":"Restart","Time":0.083,"AdjustCount":209,"Restarts":6,"Conflicts":603,"Decisions":4519,"Propagations":206229,"Vars":1633,"Clauses":10055,"Literals":38264,"LEARNT_Limit":4792,"LEARNT_Clauses":555,"LEARNT_Lit/Cl":25,"Progress":5.553}
{"Event":"Restart","Time":0.107,"AdjustCount":9,"Restarts":7,"Conflicts":803,"Decisions":4784,"Propagations":290539,"Vars":1633,"Clauses":10055,"Literals":38264,"LEARNT_Limit":4792,"LEARNT_Clauses":755,"LEARNT_Lit/Cl":23,"Progress":5.553}
{"Event":"LearnMore","Time":0.109,"AdjustCount":506,"Restarts":7,"Conflicts":812,"Decisions":4796,"Propagations":295621,"Vars":1633,"Clauses":10055,"Literals":38264,"LEARNT_Limit":5271,"LEARNT_Clauses":764,"LEARNT_Lit/Cl":23,"Progress":5.553}
{"Event":"Restart","Time":0.165,"AdjustCount":114,"Restarts":8,"Conflicts":1204,"Decisions":5271,"Propagations":458434,"Vars":1633,"Clauses":10055,"Literals":38264,"LEARNT_Limit":5271,"LEARNT_Clauses":1156,"LEARNT_Lit/Cl":23,"Progress":5.553}
{"Event":"Restart","Time":0.185,"AdjustCount":13,"Restarts":9,"Conflicts":1305,"Decisions":5397,"Propagations":522423,"Vars":1633,"Clauses":10055,"Literals":38264,"LEARNT_Limit":5271,"LEARNT_Clauses":1257,"LEARNT_Lit/Cl":23,"Progress":5.553}
{"Event":"LearnMore","Time":0.187,"AdjustCount":759,"Restarts":9,"Conflicts":1318,"Decisions":5405,"Propagations":528234,"Vars":1633,"Clauses":10055,"Literals":38264,"LEARNT_Limit":5798,"LEARNT_Clauses":1270,"LEARNT_Lit/Cl":23,"Progress":5.553}
{"Event":"Restart","Time":0.201,"AdjustCount":671,"Restarts":10,"Conflicts":1406,"Decisions":5516,"Propagations":569936,"Vars":1633,"Clauses":10055,"Literals":38264,"LEARNT_Limit":5798,"LEARNT_Clauses":1358,"LEARNT_Lit/Cl":23,"Progress":5.553}
{"Event":"Restart","Time":0.240,"AdjustCount":470,"Restarts":11,"Conflicts":1607,"Decisions":5758,"Propagations":677003,"Vars":1633,"Clauses":10055,"Literals":38264,"LEARNT_Limit":5798,"LEARNT_Clauses":1559,"LEARNT_Lit/Cl":22,"Progress":5.553}
{"Event":"Restart","Time":0.264,"AdjustCount":369,"Restarts":12,"Conflicts":1708,"Decisions":5892,"Propagations":741394,"Vars":1633,"Clauses":10055,"Literals":38264,"LEARNT_Limit":5798,"LEARNT_Clauses":1660,"LEARNT_Lit/Cl":22,"Progress":5.553}
{"Event":"Restart","Time":0.282,"AdjustCount":269,"Restarts":13,"Conflicts":1808,"Decisions":6019,"Propagations":798251,"Vars":1633,"Clauses":10055,"Literals":38264,"LEARNT_Limit":5798,"LEARNT_Clauses":1760,"LEARNT_Lit/Cl":22,"Progress":5.553}
{"Event":"Restart","Time":0.323,"AdjustCount":68,"Restarts":14,"Conflicts":2009,"Decisions":6245,"Propagations":919927,"Vars":1633,"Clauses":10055,"Literals":38264,"LEARNT_Limit":5798,"LEARNT_Clauses":1961,"LEARNT_Lit/Cl":23,"Progress":5.553}
{"Event":"LearnMore","Time":0.338,"AdjustCount":1139,"Restarts":14,"Conflicts":2077,"Decisions":6322,"Propagations":968761,"Vars":1633,"Clauses":10055,"Literals":38264,"LEARNT_Limit":6378,"LEARNT_Clauses":2029,"LEARNT_Lit/Cl":23,"Progress":5.553}
{"Event":"Restart","Time":0.415,"AdjustCount":807,"Restarts":15,"Conflicts":2409,"Decisions":6704,"Propagations":1218626,"Vars":1633,"Clauses":10055,"Literals":38264,"LEARNT_Limit":6378,"LEARNT_Clauses":2361,"LEARNT_Lit/Cl":22,"Progress":5.553}
{"Event":"Restart","Time":0.593,"AdjustCount":7,"Restarts":16,"Conflicts":3209,"Decisions":7644,"Propagations":1752312,"Vars":1633,"Clauses":10055,"Literals":38264,"LEARNT_Limit":6378,"LEARNT_Clauses":3161,"LEARNT_Lit/Cl":21,"Progress":5.553}
{"Event":"LearnMore","Time":0.594,"AdjustCount":1708,"Restarts":16,"Conflicts":3216,"Decisions":7648,"Propagations":1755877,"Vars":1633,"Clauses":10055,"Literals":38264,"LEARNT_Limit":7016,"LEARNT_Clauses":3168,"LEARNT_Lit/Cl":21,"Progress":5.553}
{"Event":"Restart","Time":0.617,"AdjustCount":1614,"Restarts":17,"Conflicts":3310,"Decisions":7751,"Propagations":1824759,"Vars":1633,"Clauses":10055,"Literals":38264,"LEARNT_Limit":7016,"LEARNT_Clauses":3262,"LEARNT_Lit/Cl":21,"Progress":5.553}
{"Event":"Restart","Time":0.638,"AdjustCount":1513,"Restarts":18,"Conflicts":3411,"Decisions":7897,"Propagations":1884757,"Vars":1633,"Clauses":10055,"Literals":38264,"LEARNT_Limit":7016,"LEARNT_Clauses":3363,"LEARNT_Lit/Cl":21,"Progress":5.553}
{"Event":"Restart","Time":0.680,"AdjustCount":1313,"Restarts":19,"Conflicts":3611,"Decisions":8156,"Propagations":2011855,"Vars":1633,"Clauses":10055,"Literals":38264,"LEARNT_Limit":7016,"LEARNT_Clauses":3563,"LEARNT_Lit/Cl":22,"Progress":5.553}
{"Event":"Restart","Time":0.701,"AdjustCount":1211,"Restarts":20,"Conflicts":3713,"Decisions":8285,"Propagations":2069121,"Vars":1633,"Clauses":10055,"Literals":38264,"LEARNT_Limit":7016,"LEARNT_Clauses":3665,"LEARNT_Lit/Cl":21,"Progress":5.553}
{"Event":"Restart","Time":0.723,"AdjustCount":1111,"Restarts":21,"Conflicts":3813,"Decisions":8406,"Propagations":2136550,"Vars":1633,"Clauses":10055,"Literals":38264,"LEARNT_Limit":7016,"LEARNT_Clauses":3765,"LEARNT_Lit/Cl":21,"Progress":5.553}
{"Event":"Restart","Time":0.764,"AdjustCount":911,"Restarts":22,"Conflicts":4013,"Decisions":8676,"Propagations":2254492,"Vars":1633,"Clauses":10055,"Literals":38264,"LEARNT_Limit":7016,"LEARNT_Clauses":3965,"LEARNT_Lit/Cl":21,"Progress":5.553}
{"Event":"Restart","Time":0.847,"AdjustCount":511,"Restarts":23,"Conflicts":4413,"Decisions":9126,"Propagations":2481867,"Vars":1633,"Clauses":10055,"Literals":38264,"LEARNT_Limit":7016,"LEARNT_Clauses":4365,"LEARNT_Lit/Cl":21,"Progress":5.553}
{"Event":"Restart","Time":0.873,"AdjustCount":411,"Restarts":24,"Conflicts":4513,"Decisions":9268,"Propagations":2558110,"Vars":1633,"Clauses":10055,"Literals":38264,"LEARNT_Limit":7016,"LEARNT_Clauses":4465,"LEARNT_Lit/Cl":22,"Progress":5.553}
{"Event":"Restart","Time":0.903,"AdjustCount":310,"Restarts":25,"Conflicts":4614,"Decisions":9393,"Propagations":2644706,"Vars":1633,"Clauses":10055,"Literals":38264,"LEARNT_Limit":7016,"LEARNT_Clauses":4566,"LEARNT_Lit/Cl":22,"Progress":5.553}
{"Event":"Restart","Time":0.938,"AdjustCount":109,"Restarts":26,"Conflicts":4815,"Decisions":9629,"Propagations":2741424,"Vars":1633,"Clauses":10055,"Literals":38264,"LEARNT_Limit":7016,"LEARNT_Clauses":4767,"LEARNT_Lit/Cl":22,"Progress":5.553}
{"Event":"Restart","Time":0.963,"AdjustCount":8,"Restarts":27,"Conflicts":4916,"Decisions":9758,"Propagations":2814787,"Vars":1633,"Clauses":10055,"Literals":38264,"LEARNT_Limit":7016,"LEARNT_Clauses":4868,"LEARNT_Lit/Cl":22,"Progress":5.553}
{"Event":"LearnMore","Time":0.965,"AdjustCount":2562,"Restarts":27,"Conflicts":4924,"Decisions":9764,"Propagations":2821269,"Vars":1633,"Clauses":10055,"Literals":38264,"LEARNT_Limit":7717,"LEARNT_Clauses":4876,"LEARNT_Lit/Cl":22,"Progress":5.553}
{"Event":"Restart","Time":0.989,"AdjustCount":2469,"Restarts":28,"Conflicts":5017,"Decisions":9870,"Propagations":2887407,"Vars":1633,"Clauses":10055,"Literals":38264,"LEARNT_Limit":7717,"LEARNT_Clauses":4969,"LEARNT_Lit/Cl":22,"Progress":5.553}
{"Event":"Restart","Time":1.033,"AdjustCount":2269,"Restarts":29,"Conflicts":5217,"Decisions":10098,"Propagations":3024035,"Vars":1633,"Clauses":10055,"Literals":38264,"LEARNT_Limit":7717,"LEARNT_Clauses":5169,"LEARNT_Lit/Cl":22,"Progress":5.553}
{"Event":"Restart","Time":1.134,"AdjustCount":1869,"Restarts":30,"Conflicts":5617,"Decisions":10554,"Propagations":3329916,"Vars":1633,"Clauses":10055,"Literals":38264,"LEARNT_Limit":7717,"LEARNT_Clauses":5569,"LEARNT_Lit/Cl":22,"Progress":5.553}
{"Event":"Restart","Time":1.342,"AdjustCount":1068,"Restarts":31,"Conflicts":6418,"Decisions":11416,"Propagations":3928436,"Vars":1633,"Clauses":10055,"Literals":38264,"LEARNT_Limit":7717,"LEARNT_Clauses":6370,"LEARNT_Lit/Cl":21,"Progress":5.553}
{"Event":"LearnMore","Time":1.664,"AdjustCount":3844,"Restarts":31,"Conflicts":7486,"Decisions":12568,"Propagations":4883626,"Vars":1633,"Clauses":10055,"Literals":38264,"LEARNT_Limit":8489,"LEARNT_Clauses":7438,"LEARNT_Lit/Cl":20,"Progress":5.553}
{"Event":"Restart","Time":1.806,"AdjustCount":3312,"Restarts":32,"Conflicts":8018,"Decisions":13179,"Propagations":5310571,"Vars":1633,"Clauses":10055,"Literals":38264,"LEARNT_Limit":8489,"LEARNT_Clauses":7970,"LEARNT_Lit/Cl":20,"Progress":5.552}
{"Event":"Restart","Time":1.823,"AdjustCount":3212,"Restarts":33,"Conflicts":8118,"Decisions":13331,"Propagations":5370616,"Vars":1633,"Clauses":10055,"Literals":38264,"LEARNT_Limit":8489,"LEARNT_Clauses":8070,"LEARNT_Lit/Cl":20,"Progress":5.553}
{"Event":"Restart","Time":1.838,"AdjustCount":3112,"Restarts":34,"Conflicts":8218,"Decisions":13513,"Propagations":5417406,"Vars":1633,"Clauses":10055,"Literals":38264,"LEARNT_Limit":8489,"LEARNT_Clauses":8170,"LEARNT_Lit/Cl":20,"Progress":5.553}
{"Event":"Restart","Time":1.888,"AdjustCount":2912,"Restarts":35,"Conflicts":8418,"Decisions":13766,"Propagations":5559848,"Vars":1633,"Clauses":10055,"Literals":38264,"LEARNT_Limit":8489,"LEARNT_Clauses":8370,"LEARNT_Lit/Cl":20,"Progress":5.553}
{"Event":"Restart","Time":1.915,"AdjustCount":2812,"Restarts":36,"Conflicts":8518,"Decisions":13881,"Propagations":5636883,"Vars":1633,"Clauses":10055,"Literals":38264,"LEARNT_Limit":8489,"LEARNT_Clauses":8470,"LEARNT_Lit/Cl":20,"Progress":5.553}
{"Event":"Restart","Time":1.948,"AdjustCount":2711,"Restarts":37,"Conflicts":8619,"Decisions":14004,"Propagations":5735320,"Vars":1633,"Clauses":10055,"Literals":38264,"LEARNT_Limit":8489,"LEARNT_Clauses":8571,"LEARNT_Lit/Cl":20,"Progress":5.553}
{"Event":"Restart","Time":2.015,"AdjustCount":2511,"Restarts":38,"Conflicts":8819,"Decisions":14224,"Propagations":5935633,"Vars":1633,"Clauses":10055,"Literals":38264,"LEARNT_Limit":8489,"LEARNT_Clauses":4386,"LEARNT_Lit/Cl":15,"Progress":5.553}
{"Event":"Restart","Time":2.125,"AdjustCount":2111,"Restarts":39,"Conflicts":9219,"Decisions":14650,"Propagations":6287076,"Vars":1633,"Clauses":10055,"Literals":38264,"LEARNT_Limit":8489,"LEARNT_Clauses":4786,"LEARNT_Lit/Cl":15,"Progress":5.553}
{"Event":"Restart","Time":2.151,"AdjustCount":2010,"Restarts":40,"Conflicts":9320,"Decisions":14776,"Propagations":6370732,"Vars":1633,"Clauses":10055,"Literals":38264,"LEARNT_Limit":8489,"LEARNT_Clauses":4887,"LEARNT_Lit/Cl":15,"Progress":5.553}
{"Event":"Restart","Time":2.183,"AdjustCount":1909,"Restarts":41,"Conflicts":9421,"Decisions":14886,"Propagations":6479811,"Vars":1633,"Clauses":10055,"Literals":38264,"LEARNT_Limit":8489,"LEARNT_Clauses":4988,"LEARNT_Lit/Cl":15,"Progress":5.553}
{"Event":"Restart","Time":2.243,"AdjustCount":1709,"Restarts":42,"Conflicts":9621,"Decisions":15102,"Propagations":6676953,"Vars":1633,"Clauses":10055,"Literals":38264,"LEARNT_Limit":8489,"LEARNT_Clauses":5188,"LEARNT_Lit/Cl":14,"Progress":5.553}
{"Event":"Restart","Time":2.273,"AdjustCount":1607,"Restarts":43,"Conflicts":9723,"Decisions":15236,"Propagations":6775797,"Vars":1633,"Clauses":10055,"Literals":38264,"LEARNT_Limit":8489,"LEARNT_Clauses":5290,"LEARNT_Lit/Cl":15,"Progress":5.553}
{"Event":"Restart","Time":2.289,"AdjustCount":1507,"Restarts":44,"Conflicts":9823,"Decisions":15366,"Propagations":6820588,"Vars":1633,"Clauses":10055,"Literals":38264,"LEARNT_Limit":8489,"LEARNT_Clauses":5390,"LEARNT_Lit/Cl":15,"Progress":5.553}
{"Event":"Restart","Time":2.332,"AdjustCount":1303,"Restarts":45,"Conflicts":10027,"Decisions":15582,"Propagations":6941249,"Vars":1633,"Clauses":10055,"Literals":38264,"LEARNT_Limit":8489,"LEARNT_Clauses":5594,"LEARNT_Lit/Cl":15,"Progress":5.553}
{"Event":"Restart","Time":2.425,"AdjustCount":902,"Restarts":46,"Conflicts":10428,"Decisions":16032,"Propagations":7220479,"Vars":1633,"Clauses":10055,"Literals":38264,"LEARNT_Limit":8489,"LEARNT_Clauses":5995,"LEARNT_Lit/Cl":15,"Progress":5.553}
{"Event":"Restart","Time":2.600,"AdjustCount":102,"Restarts":47,"Conflicts":11228,"Decisions":16922,"Propagations":7731556,"Vars":1633,"Clauses":10055,"Literals":38264,"LEARNT_Limit":8489,"LEARNT_Clauses":6795,"LEARNT_Lit/Cl":15,"Progress":5.553}
{"Event":"Restart","Time":2.622,"AdjustCount":2,"Restarts":48,"Conflicts":11328,"Decisions":17038,"Propagations":7797956,"Vars":1633,"Clauses":10055,"Literals":38264,"LEARNT_Limit":8489,"LEARNT_Clauses":6895,"LEARNT_Lit/Cl":15,"Progress":5.553}
{"Event":"LearnMore","Time":2.622,"AdjustCount":5766,"Restarts":48,"Conflicts":11330,"Decisions":17038,"Propagations":7799166,"Vars":1633,"Clauses":10055,"Literals":38264,"LEARNT_Limit":9338,"LEARNT_Clauses":6897,"LEARNT_Lit/Cl":15,"Progress":5.553}
{"Event":"Restart","Time":2.647,"AdjustCount":5668,"Restarts":49,"Conflicts":11428,"Decisions":17164,"Propagations":7873528,"Vars":1633,"Clauses":10055,"Literals":38264,"LEARNT_Limit":9338,"LEARNT_Clauses":6995,"LEARNT_Lit/Cl":15,"Progress":5.553}
{"Event":"Restart","Time":2.693,"AdjustCount":5468,"Restarts":50,"Conflicts":11628,"Decisions":17390,"Propagations":8005684,"Vars":1633,"Clauses":10055,"Literals":38264,"LEARNT_Limit":9338,"LEARNT_Clauses":7195,"LEARNT_Lit/Cl":15,"Progress":5.553}
{"Event":"Restart","Time":2.715,"AdjustCount":5368,"Restarts":51,"Conflicts":11728,"Decisions":17522,"Propagations":8071552,"Vars":1633,"Clauses":10055,"Literals":38264,"LEARNT_Limit":9338,"LEARNT_Clauses":7295,"LEARNT_Lit/Cl":15,"Progress":5.553}
{"Event":"Restart","Time":2.742,"AdjustCount":5266,"Restarts":52,"Conflicts":11830,"Decisions":17641,"Propagations":8158610,"Vars":1633,"Clauses":10055,"Literals":38264,"LEARNT_Limit":9338,"LEARNT_Clauses":7397,"LEARNT_Lit/Cl":15,"Progress":5.553}
{"Event":"Restart","Time":2.792,"AdjustCount":5064,"Restarts":53,"Conflicts":12032,"Decisions":17881,"Propagations":8311127,"Vars":1633,"Clauses":10055,"Literals":38264,"LEARNT_Limit":9338,"LEARNT_Clauses":7599,"LEARNT_Lit/Cl":15,"Progress":5.553}
{"Event":"Restart","Time":2.886,"AdjustCount":4662,"Restarts":54,"Conflicts":12434,"Decisions":18322,"Propagations":8584602,"Vars":1633,"Clauses":10055,"Literals":38264,"LEARNT_Limit":9338,"LEARNT_Clauses":8001,"LEARNT_Lit/Cl":15,"Progress":5.553}
{"Event":"Restart","Time":2.913,"AdjustCount":4561,"Restarts":55,"Conflicts":12535,"Decisions":18433,"Propagations":8664771,"Vars":1633,"Clauses":10055,"Literals":38264,"LEARNT_Limit":9338,"LEARNT_Clauses":8102,"LEARNT_Lit/Cl":15,"Progress":5.553}
{"Event":"Restart","Time":2.936,"AdjustCount":4461,"Restarts":56,"Conflicts":12635,"Decisions":18552,"Propagations":8726875,"Vars":1633,"Clauses":10055,"Literals":38264,"LEARNT_Limit":9338,"LEARNT_Clauses":8202,"LEARNT_Lit/Cl":15,"Progress":5.553}
{"Event":"Restart","Time":2.985,"AdjustCount":4260,"Restarts":57,"Conflicts":12836,"Decisions":18779,"Propagations":8879922,"Vars":1633,"Clauses":10055,"Literals":38264,"LEARNT_Limit":9338,"LEARNT_Clauses":8403,"LEARNT_Lit/Cl":15,"Progress":5.553}
{"Event":"Restart","Time":3.008,"AdjustCount":4160,"Restarts":58,"Conflicts":12936,"Decisions":18907,"Propagations":8948572,"Vars":1633,"Clauses":10055,"Literals":38264,"LEARNT_Limit":9338,"LEARNT_Clauses":8503,"LEARNT_Lit/Cl":15,"Progress":5.553}
{"Event":"Restart","Time":3.025,"AdjustCount":4058,"Restarts":59,"Conflicts":13038,"Decisions":19039,"Propagations":8992991,"Vars":1633,"Clauses":10055,"Literals":38264,"LEARNT_Limit":9338,"LEARNT_Clauses":8605,"LEARNT_Lit/Cl":15,"Progress":5.553}
{"Event":"Restart","Time":3.067,"AdjustCount":3854,"Restarts":60,"Conflicts":13242,"Decisions":19276,"Propagations":9117785,"Vars":1633,"Clauses":10055,"Literals":38264,"LEARNT_Limit":9338,"LEARNT_Clauses":8809,"LEARNT_Lit/Cl":15,"Progress":5.553}
{"Event":"Restart","Time":3.157,"AdjustCount":3454,"Restarts":61,"Conflicts":13642,"Decisions":19728,"Propagations":9382091,"Vars":1633,"Clauses":10055,"Literals":38264,"LEARNT_Limit":9338,"LEARNT_Clauses":9209,"LEARNT_Lit/Cl":16,"Progress":5.553}
{"Event":"Restart","Time":3.339,"AdjustCount":2654,"Restarts":62,"Conflicts":14442,"Decisions":20614,"Propagations":9889477,"Vars":1633,"Clauses":10055,"Literals":38264,"LEARNT_Limit":9338,"LEARNT_Clauses":5159,"LEARNT_Lit/Cl":15,"Progress":5.553}
{"Event":"Restart","Time":3.714,"AdjustCount":1053,"Restarts":63,"Conflicts":16043,"Decisions":22437,"Propagations":10994523,"Vars":1633,"Clauses":10055,"Literals":38264,"LEARNT_Limit":9338,"LEARNT_Clauses":6760,"LEARNT_Lit/Cl":17,"Progress":5.553}
{"Event":"LearnMore","Time":3.975,"AdjustCount":8649,"Restarts":63,"Conflicts":17096,"Decisions":23598,"Propagations":11775051,"Vars":1633,"Clauses":10055,"Literals":38264,"LEARNT_Limit":10272,"LEARNT_Clauses":7813,"LEARNT_Lit/Cl":16,"Progress":5.553}
{"Event":"Restart","Time":4.462,"AdjustCount":6502,"Restarts":64,"Conflicts":19243,"Decisions":26097,"Propagations":13212525,"Vars":1633,"Clauses":10055,"Literals":38264,"LEARNT_Limit":10272,"LEARNT_Clauses":9960,"LEARNT_Lit/Cl":17,"Progress":5.554}
{"Event":"Restart","Time":4.480,"AdjustCount":6401,"Restarts":65,"Conflicts":19344,"Decisions":26213,"Propagations":13259839,"Vars":1633,"Clauses":10055,"Literals":38264,"LEARNT_Limit":10272,"LEARNT_Clauses":10061,"LEARNT_Lit/Cl":17,"Progress":5.554}
{"Event":"Restart","Time":4.501,"AdjustCount":6300,"Restarts":66,"Conflicts":19445,"Decisions":26324,"Propagations":13315505,"Vars":1633,"Clauses":10055,"Literals":38264,"LEARNT_Limit":10272,"LEARNT_Clauses":10162,"LEARNT_Lit/Cl":17,"Progress":5.554}
{"Event":"Restart","Time":4.544,"AdjustCount":6098,"Restarts":67,"Conflicts":19647,"Decisions":26538,"Propagations":13435038,"Vars":1633,"Clauses":10055,"Literals":38264,"LEARNT_Limit":10272,"LEARNT_Clauses":10364,"LEARNT_Lit/Cl":17,"Progress":5.554}
{"Event":"Restart","Time":4.567,"AdjustCount":5997,"Restarts":68,"Conflicts":19748,"Decisions":26653,"Propagations":13497330,"Vars":1633,"Clauses":10055,"Literals":38264,"LEARNT_Limit":10272,"LEARNT_Clauses":5233,"LEARNT_Lit/Cl":15,"Progress":5.554}
{"Event":"Restart","Time":4.582,"AdjustCount":5897,"Restarts":69,"Conflicts":19848,"Decisions":26782,"Propagations":13536696,"Vars":1633,"Clauses":10055,"Literals":38264,"LEARNT_Limit":10272,"LEARNT_Clauses":5333,"LEARNT_Lit/Cl":15,"Progress":5.554}
{"Event":"Restart","Time":4.623,"AdjustCount":5696,"Restarts":70,"Conflicts":20049,"Decisions":27026,"Propagations":13654744,"Vars":1633,"Clauses":10055,"Literals":38264,"LEARNT_Limit":10272,"LEARNT_Clauses":5534,"LEARNT_Lit/Cl":16,"Progress":5.554}
{"Event":"Restart","Time":4.713,"AdjustCount":5295,"Restarts":71,"Conflicts":20450,"Decisions":27483,"Propagations":13910489,"Vars":1633,"Clauses":10055,"Literals":38264,"LEARNT_Limit":10272,"LEARNT_Clauses":5935,"LEARNT_Lit/Cl":16,"Progress":5.554}
{"Event":"Restart","Time":4.734,"AdjustCount":5195,"Restarts":72,"Conflicts":20550,"Decisions":27605,"Propagations":13969603,"Vars":1633,"Clauses":10055,"Literals":38264,"LEARNT_Limit":10272,"LEARNT_Clauses":6035,"LEARNT_Lit/Cl":16,"Progress":5.554}
{"Event":"Restart","Time":4.753,"AdjustCount":5095,"Restarts":73,"Conflicts":20650,"Decisions":27721,"Propagations":14020923,"Vars":1633,"Clauses":10055,"Literals":38264,"LEARNT_Limit":10272,"LEARNT_Clauses":6135,"LEARNT_Lit/Cl":16,"Progress":5.554}
{"Event":"Restart","Time":4.792,"AdjustCount":4895,"Restarts":74,"Conflicts":20850,"Decisions":27978,"Propagations":14120684,"Vars":1633,"Clauses":10055,"Literals":38264,"LEARNT_Limit":10272,"LEARNT_Clauses":6335,"LEARNT_Lit/Cl":17,"Progress":5.554}
{"Event":"Restart","Time":4.812,"AdjustCount":4795,"Restarts":75,"Conflicts":20950,"Decisions":28098,"Propagations":14169280,"Vars":1633,"Clauses":10055,"Literals":38264,"LEARNT_Limit":10272,"LEARNT_Clauses":6435,"LEARNT_Lit/Cl":17,"Progress":5.553}
{"Event":"Restart","Time":4.836,"AdjustCount":4695,"Restarts":76,"Conflicts":21050,"Decisions":28221,"Propagations":14237891,"Vars":1633,"Clauses":10055,"Literals":38264,"LEARNT_Limit":10272,"LEARNT_Clauses":6535,"LEARNT_Lit/Cl":17,"Progress":5.554}
{"Event":"Restart","Time":4.887,"AdjustCount":4493,"Restarts":77,"Conflicts":21252,"Decisions":28448,"Propagations":14380060,"Vars":1633,"Clauses":10055,"Literals":38264,"LEARNT_Limit":10272,"LEARNT_Clauses":6737,"LEARNT_Lit/Cl":17,"Progress":5.554}
{"Event":"Restart","Time":4.984,"AdjustCount":4091,"Restarts":78,"Conflicts":21654,"Decisions":28896,"Propagations":14637714,"Vars":1633,"Clauses":10055,"Literals":38264,"LEARNT_Limit":10272,"LEARNT_Clauses":7139,"LEARNT_Lit/Cl":17,"Progress":5.554}
{"Event":"Restart","Time":5.149,"AdjustCount":3290,"Restarts":79,"Conflicts":22455,"Decisions":29900,"Propagations":15069220,"Vars":1607,"Clauses":9872,"Literals":37587,"LEARNT_Limit":10272,"LEARNT_Clauses":7929,"LEARNT_Lit/Cl":17,"Progress":7.058}
{"Event":"Restart","Time":5.168,"AdjustCount":3189,"Restarts":80,"Conflicts":22556,"Decisions":30014,"Propagations":15120754,"Vars":1607,"Clauses":9872,"Literals":37587,"LEARNT_Limit":10272,"LEARNT_Clauses":8030,"LEARNT_Lit/Cl":17,"Progress":7.058}
{"Event":"Restart","Time":5.187,"AdjustCount":3086,"Restarts":81,"Conflicts":22659,"Decisions":30124,"Propagations":15169787,"Vars":1607,"Clauses":9872,"Literals":37587,"LEARNT_Limit":10272,"LEARNT_Clauses":8133,"LEARNT_Lit/Cl":17,"Progress":7.058}
{"Event":"Restart","Time":5.224,"AdjustCount":2885,"Restarts":82,"Conflicts":22860,"Decisions":30374,"Propagations":15263564,"Vars":1607,"Clauses":9872,"Literals":37587,"LEARNT_Limit":10272,"LEARNT_Clauses":8334,"LEARNT_Lit/Cl":17,"Progress":7.058}
{"Event":"Restart","Time":5.249,"AdjustCount":2785,"Restarts":83,"Conflicts":22960,"Decisions":30490,"Propagations":15326486,"Vars":1607,"Clauses":9872,"Literals":37587,"LEARNT_Limit":10272,"LEARNT_Clauses":8434,"LEARNT_Lit/Cl":17,"Progress":7.058}
{"Event":"Restart","Time":5.274,"AdjustCount":2683,"Restarts":84,"Conflicts":23062,"Decisions":30604,"Propagations":15393393,"Vars":1607,"Clauses":9872,"Literals":37587,"LEARNT_Limit":10272,"LEARNT_Clauses":8536,"LEARNT_Lit/Cl":17,"Progress":7.058}
{"Event":"Restart","Time":5.314,"AdjustCount":2483,"Restarts":85,"Conflicts":23262,"Decisions":30841,"Propagations":15492492,"Vars":1607,"Clauses":9872,"Literals":37587,"LEARNT_Limit":10272,"LEARNT_Clauses":8736,"LEARNT_Lit/Cl":17,"Progress":7.058}
{"Event":"Restart","Time":5.386,"AdjustCount":2083,"Restarts":86,"Conflicts":23662,"Decisions":31365,"Propagations":15692043,"Vars":1607,"Clauses":9872,"Literals":37587,"LEARNT_Limit":10272,"LEARNT_Clauses":9136,"LEARNT_Lit/Cl":18,"Progress":7.058}
{"Event":"Restart","Time":5.400,"AdjustCount":1983,"Restarts":87,"Conflicts":23762,"Decisions":31533,"Propagations":15734308,"Vars":1607,"Clauses":9872,"Literals":37587,"LEARNT_Limit":10272,"LEARNT_Clauses":9236,"LEARNT_Lit/Cl":18,"Progress":7.058}
{"Event":"Restart","Time":5.423,"AdjustCount":1883,"Restarts":88,"Conflicts":23862,"Decisions":31649,"Propagations":15786941,"Vars":1607,"Clauses":9872,"Literals":37587,"LEARNT_Limit":10272,"LEARNT_Clauses":9336,"LEARNT_Lit/Cl":18,"Progress":7.058}
{"Event":"Restart","Time":5.465,"AdjustCount":1683,"Restarts":89,"Conflicts":24062,"Decisions":31881,"Propagations":15893208,"Vars":1607,"Clauses":9872,"Literals":37587,"LEARNT_Limit":10272,"LEARNT_Clauses":9536,"LEARNT_Lit/Cl":18,"Progress":7.058}
{"Event":"Restart","Time":5.483,"AdjustCount":1582,"Restarts":90,"Conflicts":24163,"Decisions":32005,"Propagations":15936728,"Vars":1607,"Clauses":9872,"Literals":37587,"LEARNT_Limit":10272,"LEARNT_Clauses":9637,"LEARNT_Lit/Cl":18,"Progress":7.058}
{"Event":"Restart","Time":5.505,"AdjustCount":1481,"Restarts":91,"Conflicts":24264,"Decisions":32117,"Propagations":15987922,"Vars":1607,"Clauses":9872,"Literals":37587,"LEARNT_Limit":10272,"LEARNT_Clauses":9738,"LEARNT_Lit/Cl":19,"Progress":7.058}
{"Event":"Restart","Time":5.554,"AdjustCount":1281,"Restarts":92,"Conflicts":24464,"Decisions":32340,"Propagations":16118436,"Vars":1607,"Clauses":9872,"Literals":37587,"LEARNT_Limit":10272,"LEARNT_Clauses":9938,"LEARNT_Lit/Cl":19,"Progress":7.057}
{"Event":"Restart","Time":5.651,"AdjustCount":880,"Restarts":93,"Conflicts":24865,"Decisions":32795,"Propagations":16357566,"Vars":1607,"Clauses":9872,"Literals":37587,"LEARNT_Limit":10272,"LEARNT_Clauses":10339,"LEARNT_Lit/Cl":18,"Progress":7.058}
{"Event":"Restart","Time":5.808,"AdjustCount":79,"Restarts":94,"Conflicts":25666,"Decisions":33693,"Propagations":16790411,"Vars":1607,"Clauses":9872,"Literals":37587,"LEARNT_Limit":10272,"LEARNT_Clauses":5814,"LEARNT_Lit/Cl":18,"Progress":7.057}
{"Event":"LearnMore","Time":5.826,"AdjustCount":12974,"Restarts":94,"Conflicts":25745,"Decisions":33777,"Propagations":16839830,"Vars":1607,"Clauses":9872,"Literals":37587,"LEARNT_Limit":11299,"LEARNT_Clauses":5893,"LEARNT_Lit/Cl":18,"Progress":7.057}
{"Event":"Restart","Time":6.146,"AdjustCount":11453,"Restarts":95,"Conflicts":27266,"Decisions":35542,"Propagations":17709484,"Vars":1607,"Clauses":9872,"Literals":37587,"LEARNT_Limit":11299,"LEARNT_Clauses":7414,"LEARNT_Lit/Cl":19,"Progress":7.057}
{"Event":"Restart","Time":6.168,"AdjustCount":11353,"Restarts":96,"Conflicts":27366,"Decisions":35666,"Propagations":17768558,"Vars":1607,"Clauses":9872,"Literals":37587,"LEARNT_Limit":11299,"LEARNT_Clauses":7514,"LEARNT_Lit/Cl":19,"Progress":7.057}
{"Event":"Restart","Time":6.188,"AdjustCount":11252,"Restarts":97,"Conflicts":27467,"Decisions":35787,"Propagations":17823202,"Vars":1607,"Clauses":9872,"Literals":37587,"LEARNT_Limit":11299,"LEARNT_Clauses":7615,"LEARNT_Lit/Cl":19,"Progress":7.057}
{"Event":"Restart","Time":6.235,"AdjustCount":11051,"Restarts":98,"Conflicts":27668,"Decisions":36051,"Propagations":17948910,"Vars":1607,"Clauses":9872,"Literals":37587,"LEARNT_Limit":11299,"LEARNT_Clauses":7816,"LEARNT_Lit/Cl":20,"Progress":7.058}
{"Event":"Restart","Time":6.258,"AdjustCount":10950,"Restarts":99,"Conflicts":27769,"Decisions":36172,"Propagations":18012832,"Vars":1607,"Clauses":9872,"Literals":37587,"LEARNT_Limit":11299,"LEARNT_Clauses":7917,"LEARNT_Lit/Cl":20,"Progress":7.057}
{"Event":"Restart","Time":6.273,"AdjustCount":10849,"Restarts":100,"Conflicts":27870,"Decisions":36290,"Propagations":18050085,"Vars":1607,"Clauses":9872,"Literals":37587,"LEARNT_Limit":11299,"LEARNT_Clauses":8018,"LEARNT_Lit/Cl":20,"Progress":7.057}
{"Event":"Restart","Time":6.308,"AdjustCount":10649,"Restarts":101,"Conflicts":28070,"Decisions":36518,"Propagations":18136826,"Vars":1607,"Clauses":9872,"Literals":37587,"LEARNT_Limit":11299,"LEARNT_Clauses":8218,"LEARNT_Lit/Cl":20,"Progress":7.056}
{"Event":"Restart","Time":6.397,"AdjustCount":10248,"Restarts":102,"Conflicts":28471,"Decisions":36995,"Propagations":18357151,"Vars":1607,"Clauses":9872,"Literals":37587,"LEARNT_Limit":11299,"LEARNT_Clauses":8619,"LEARNT_Lit/Cl":20,"Progress":7.057}
{"Event":"Restart","Time":6.419,"AdjustCount":10148,"Restarts":103,"Conflicts":28571,"Decisions":37106,"Propagations":18413516,"Vars":1607,"Clauses":9872,"Literals":37587,"LEARNT_Limit":11299,"LEARNT_Clauses":8719,"LEARNT_Lit/Cl":20,"Progress":7.057}
{"Event":"Restart","Time":6.440,"AdjustCount":10048,"Restarts":104,"Conflicts":28671,"Decisions":37232,"Propagations":18462615,"Vars":1607,"Clauses":9872,"Literals":37587,"LEARNT_Limit":11299,"LEARNT_Clauses":8819,"LEARNT_Lit/Cl":20,"Progress":7.057}
{"Event":"Restart","Time":6.486,"AdjustCount":9848,"Restarts":105,"Conflicts":28871,"Decisions":37459,"Propagations":18580299,"Vars":1607,"Clauses":9872,"Literals":37587,"LEARNT_Limit":11299,"LEARNT_Clauses":9019,"LEARNT_Lit/Cl":20,"Progress":7.058}
{"Event":"Restart","Time":6.507,"AdjustCount":9748,"Restarts":106,"Conflicts":28971,"Decisions":37584,"Propagations":18628642,"Vars":1607,"Clauses":9872,"Literals":37587,"LEARNT_Limit":11299,"LEARNT_Clauses":9119,"LEARNT_Lit/Cl":20,"Progress":7.057}
{"Event":"Restart","Time":6.528,"AdjustCount":9648,"Restarts":107,"Conflicts":29071,"Decisions":37706,"Propagations":18679412,"Vars":1607,"Clauses":9872,"Literals":37587,"LEARNT_Limit":11299,"LEARNT_Clauses":9219,"LEARNT_Lit/Cl":20,"Progress":7.057}
{"Event":"Restart","Time":6.568,"AdjustCount":9446,"Restarts":108,"Conflicts":29273,"Decisions":37938,"Propagations":18781549,"Vars":1607,"Clauses":9872,"Literals":37587,"LEARNT_Limit":11299,"LEARNT_Clauses":9421,"LEARNT_Lit/Cl":20,"Progress":7.057}
{"Event":"Restart","Time":6.655,"AdjustCount":9045,"Restarts":109,"Conflicts":29674,"Decisions":38406,"Propagations":18998091,"Vars":1607,"Clauses":9872,"Literals":37587,"LEARNT_Limit":11299,"LEARNT_Clauses":9822,"LEARNT_Lit/Cl":20,"Progress":7.057}
{"Event":"Restart","Time":6.829,"AdjustCount":8244,"Restarts":110,"Conflicts":30475,"Decisions":39290,"Propagations":19409474,"Vars":1607,"Clauses":9872,"Literals":37587,"LEARNT_Limit":11299,"LEARNT_Clauses":10623,"LEARNT_Lit/Cl":20,"Progress":7.058}
{"Event":"Restart","Time":6.851,"AdjustCount":8142,"Restarts":111,"Conflicts":30577,"Decisions":39409,"Propagations":19464258,"Vars":1607,"Clauses":9872,"Literals":37587,"LEARNT_Limit":11299,"LEARNT_Clauses":10725,"LEARNT_Lit/Cl":20,"Progress":7.057}
{"Event":"Restart","Time":6.874,"AdjustCount":8041,"Restarts":112,"Conflicts":30678,"Decisions":39531,"Propagations":19520340,"Vars":1607,"Clauses":9872,"Literals":37587,"LEARNT_Limit":11299,"LEARNT_Clauses":10826,"LEARNT_Lit/Cl":20,"Progress":7.057}
{"Event":"Restart","Time":6.908,"AdjustCount":7840,"Restarts":113,"Conflicts":30879,"Decisions":39767,"Propagations":19596874,"Vars":1607,"Clauses":9872,"Literals":37587,"LEARNT_Limit":11299,"LEARNT_Clauses":11027,"LEARNT_Lit/Cl":20,"Progress":7.058}
{"Event":"Restart","Time":6.927,"AdjustCount":7739,"Restarts":114,"Conflicts":30980,"Decisions":39888,"Propagations":19633120,"Vars":1607,"Clauses":9872,"Literals":37587,"LEARNT_Limit":11299,"LEARNT_Clauses":11128,"LEARNT_Lit/Cl":20,"Progress":7.057}
{"Event":"Restart","Time":6.945,"AdjustCount":7639,"Restarts":115,"Conflicts":31080,"Decisions":40009,"Propagations":19669399,"Vars":1607,"Clauses":9872,"Literals":37587,"LEARNT_Limit":11299,"LEARNT_Clauses":11228,"LEARNT_Lit/Cl":20,"Progress":7.057}
{"Event":"Restart","Time":6.994,"AdjustCount":7439,"Restarts":116,"Conflicts":31280,"Decisions":40239,"Propagations":19767904,"Vars":1607,"Clauses":9872,"Literals":37587,"LEARNT_Limit":11299,"LEARNT_Clauses":5715,"LEARNT_Lit/Cl":17,"Progress":7.058}
{"Event":"Restart","Time":7.074,"AdjustCount":7038,"Restarts":117,"Conflicts":31681,"Decisions":40657,"Propagations":19954844,"Vars":1607,"Clauses":9872,"Literals":37587,"LEARNT_Limit":11299,"LEARNT_Clauses":6116,"LEARNT_Lit/Cl":17,"Progress":7.057}
{"Event":"Restart","Time":7.099,"AdjustCount":6936,"Restarts":118,"Conflicts":31783,"Decisions":40776,"Propagations":20017674,"Vars":1607,"Clauses":9872,"Literals":37587,"LEARNT_Limit":11299,"LEARNT_Clauses":6218,"LEARNT_Lit/Cl":17,"Progress":7.057}
{"Event":"Restart","Time":7.123,"AdjustCount":6835,"Restarts":119,"Conflicts":31884,"Decisions":40883,"Propagations":20073835,"Vars":1607,"Clauses":9872,"Literals":37587,"LEARNT_Limit":11299,"LEARNT_Clauses":6319,"LEARNT_Lit/Cl":17,"Progress":7.057}
{"Event":"Restart","Time":7.175,"AdjustCount":6635,"Restarts":120,"Conflicts":32084,"Decisions":41090,"Propagations":20205565,"Vars":1607,"Clauses":9872,"Literals":37587,"LEARNT_Limit":11299,"LEARNT_Clauses":6519,"LEARNT_Lit/Cl":17,"Progress":7.057}
{"Event":"Restart","Time":7.196,"AdjustCount":6534,"Restarts":121,"Conflicts":32185,"Decisions":41212,"Propagations":20260306,"Vars":1607,"Clauses":9872,"Literals":37587,"LEARNT_Limit":11299,"LEARNT_Clauses":6620,"LEARNT_Lit/Cl":17,"Progress":7.057}
{"Event":"Restart","Time":7.214,"AdjustCount":6433,"Restarts":122,"Conflicts":32286,"Decisions":41323,"Propagations":20303098,"Vars":1607,"Clauses":9872,"Literals":37587,"LEARNT_Limit":11299,"LEARNT_Clauses":6721,"LEARNT_Lit/Cl":17,"Progress":7.057}
{"Event":"Restart","Time":7.255,"AdjustCount":6233,"Restarts":123,"Conflicts":32486,"Decisions":41547,"Propagations":20406771,"Vars":1607,"Clauses":9872,"Literals":37587,"LEARNT_Limit":11299,"LEARNT_Clauses":6921,"LEARNT_Lit/Cl":17,"Progress":7.058}
{"Event":"Restart","Time":7.338,"AdjustCount":5832,"Restarts":124,"Conflicts":32887,"Decisions":42037,"Propagations":20633609,"Vars":1607,"Clauses":9872,"Literals":37587,"LEARNT_Limit":11299,"LEARNT_Clauses":7322,"LEARNT_Lit/Cl":17,"Progress":7.058}
{"Event":"Restart","Time":7.484,"AdjustCount":5031,"Restarts":125,"Conflicts":33688,"Decisions":42938,"Propagations":21001309,"Vars":1607,"Clauses":9872,"Literals":37587,"LEARNT_Limit":11299,"LEARNT_Clauses":8123,"LEARNT_Lit/Cl":17,"Progress":7.056}
{"Event":"Restart","Time":7.805,"AdjustCount":3430,"Restarts":126,"Conflicts":35289,"Decisions":44786,"Propagations":21823919,"Vars":1607,"Clauses":9872,"Literals":37587,"LEARNT_Limit":11299,"LEARNT_Clauses":9724,"LEARNT_Lit/Cl":17,"Progress":7.058}
{"Event":"Restart","Time":8.473,"AdjustCount":230,"Restarts":127,"Conflicts":38489,"Decisions":48445,"Propagations":23459521,"Vars":1607,"Clauses":9872,"Literals":37587,"LEARNT_Limit":11299,"LEARNT_Clauses":7167,"LEARNT_Lit/Cl":15,"Progress":7.056}
{"Event":"LearnMore","Time":8.507,"AdjustCount":19461,"Restarts":127,"Conflicts":38719,"Decisions":48761,"Propagations":23525044,"Vars":1607,"Clauses":9872,"Literals":37587,"LEARNT_Limit":12429,"LEARNT_Clauses":7397,"LEARNT_Lit/Cl":15,"Progress":7.056}
{"Event":"Restart","Time":9.478,"AdjustCount":13288,"Restarts":128,"Conflicts":44892,"Decisions":55938,"Propagations":25568218,"Vars":1607,"Clauses":9872,"Literals":37587,"LEARNT_Limit":12429,"LEARNT_Clauses":7176,"LEARNT_Lit/Cl":17,"Progress":7.061}
{"Event":"Restart","Time":9.495,"AdjustCount":13187,"Restarts":129,"Conflicts":44993,"Decisions":56052,"Propagations":25607421,"Vars":1607,"Clauses":9872,"Literals":37587,"LEARNT_Limit":12429,"LEARNT_Clauses":7277,"LEARNT_Lit/Cl":17,"Progress":7.061}
{"Event":"Restart","Time":9.518,"AdjustCount":13084,"Restarts":130,"Conflicts":45096,"Decisions":56177,"Propagations":25657034,"Vars":1607,"Clauses":9872,"Literals":37587,"LEARNT_Limit":12429,"LEARNT_Clauses":7380,"LEARNT_Lit/Cl":17,"Progress":7.061}
{"Event":"Restart","Time":9.552,"AdjustCount":12884,"Restarts":131,"Conflicts":45296,"Decisions":56391,"Propagations":25728156,"Vars":1607,"Clauses":9872,"Literals":37587,"LEARNT_Limit":12429,"LEARNT_Clauses":7580,"LEARNT_Lit/Cl":17,"Progress":7.061}
{"Event":"Restart","Time":9.570,"AdjustCount":12784,"Restarts":132,"Conflicts":45396,"Decisions":56508,"Propagations":25765032,"Vars":1607,"Clauses":9872,"Literals":37587,"LEARNT_Limit":12429,"LEARNT_Clauses":7680,"LEARNT_Lit/Cl":17,"Progress":7.061}
{"Event":"Restart","Time":9.590,"AdjustCount":12684,"Restarts":133,"Conflicts":45496,"Decisions":56625,"Propagations":25803327,"Vars":1607,"Clauses":9872,"Literals":37587,"LEARNT_Limit":12429,"LEARNT_Clauses":7780,"LEARNT_Lit/Cl":17,"Progress":7.061}
{"Event":"Restart","Time":9.630,"AdjustCount":12484,"Restarts":134,"Conflicts":45696,"Decisions":56840,"Propagations":25886518,"Vars":1607,"Clauses":9872,"Literals":37587,"LEARNT_Limit":12429,"LEARNT_Clauses":7980,"LEARNT_Lit/Cl":17,"Progress":7.061}
{"Event":"Restart","Time":9.704,"AdjustCount":12084,"Restarts":135,"Conflicts":46096,"Decisions":57288,"Propagations":26050027,"Vars":1607,"Clauses":9872,"Literals":37587,"LEARNT_Limit":12429,"LEARNT_Clauses":8380,"LEARNT_Lit/Cl":18,"Progress":7.060}
{"Event":"Restart","Time":9.725,"AdjustCount":11983,"Restarts":136,"Conflicts":46197,"Decisions":57411,"Propagations":26091780,"Vars":1607,"Clauses":9872,"Literals":37587,"LEARNT_Limit":12429,"LEARNT_Clauses":8481,"LEARNT_Lit/Cl":18,"Progress":7.061}
{"Event":"Restart","Time":9.745,"AdjustCount":11882,"Restarts":137,"Conflicts":46298,"Decisions":57532,"Propagations":26134334,"Vars":1607,"Clauses":9872,"Literals":37587,"LEARNT_Limit":12429,"LEARNT_Clauses":8582,"LEARNT_Lit/Cl":18,"Progress":7.061}
{"Event":"Restart","Time":9.788,"AdjustCount":11682,"Restarts":138,"Conflicts":46498,"Decisions":57752,"Propagations":26224517,"Vars":1607,"Clauses":9872,"Literals":37587,"LEARNT_Limit":12429,"LEARNT_Clauses":8782,"LEARNT_Lit/Cl":18,"Progress":7.061}
{"Event":"Restart","Time":9.810,"AdjustCount":11582,"Restarts":139,"Conflicts":46598,"Decisions":57871,"Propagations":26271446,"Vars":1607,"Clauses":9872,"Literals":37587,"LEARNT_Limit":12429,"LEARNT_Clauses":8882,"LEARNT_Lit/Cl":18,"Progress":7.061}
{"Event":"Restart","Time":9.833,"AdjustCount":11482,"Restarts":140,"Conflicts":46698,"Decisions":57976,"Propagations":26320720,"Vars":1607,"Clauses":9872,"Literals":37587,"LEARNT_Limit":12429,"LEARNT_Clauses":8982,"LEARNT_Lit/Cl":18,"Progress":7.061}
{"Event":"Restart","Time":9.878,"AdjustCount":11280,"Restarts":141,"Conflicts":46900,"Decisions":58199,"Propagations":26408846,"Vars":1607,"Clauses":9872,"Literals":37587,"LEARNT_Limit":12429,"LEARNT_Clauses":9184,"LEARNT_Lit/Cl":18,"Progress":7.061}
{"Event":"Restart","Time":9.968,"AdjustCount":10880,"Restarts":142,"Conflicts":47300,"Decisions":58655,"Propagations":26596463,"Vars":1607,"Clauses":9872,"Literals":37587,"LEARNT_Limit":12429,"LEARNT_Clauses":9584,"LEARNT_Lit/Cl":18,"Progress":7.065}
{"Event":"Restart","Time":10.121,"AdjustCount":10079,"Restarts":143,"Conflicts":48101,"Decisions":59495,"Propagations":26942042,"Vars":1607,"Clauses":9872,"Literals":37587,"LEARNT_Limit":12429,"LEARNT_Clauses":10385,"LEARNT_Lit/Cl":18,"Progress":7.056}
{"Event":"Restart","Time":10.137,"AdjustCount":9978,"Restarts":144,"Conflicts":48202,"Decisions":59610,"Propagations":26973100,"Vars":1607,"Clauses":9872,"Literals":37587,"LEARNT_Limit":12429,"LEARNT_Clauses":10486,"LEARNT_Lit/Cl":18,"Progress":7.065}
{"Event":"Restart","Time":10.155,"AdjustCount":9877,"Restarts":145,"Conflicts":48303,"Decisions":59722,"Propagations":27016370,"Vars":1607,"Clauses":9872,"Literals":37587,"LEARNT_Limit":12429,"LEARNT_Clauses":10587,"LEARNT_Lit/Cl":18,"Progress":7.065}
{"Event":"Restart","Time":10.196,"AdjustCount":9677,"Restarts":146,"Conflicts":48503,"Decisions":59943,"Propagations":27108915,"Vars":1607,"Clauses":9872,"Literals":37587,"LEARNT_Limit":12429,"LEARNT_Clauses":10787,"LEARNT_Lit/Cl":18,"Progress":7.065}
{"Event":"Restart","Time":10.216,"AdjustCount":9577,"Restarts":147,"Conflicts":48603,"Decisions":60061,"Propagations":27160411,"Vars":1607,"Clauses":9872,"Literals":37587,"LEARNT_Limit":12429,"LEARNT_Clauses":10887,"LEARNT_Lit/Cl":18,"Progress":7.056}
{"Event":"Restart","Time":10.235,"AdjustCount":9476,"Restarts":148,"Conflicts":48704,"Decisions":60176,"Propagations":27203900,"Vars":1607,"Clauses":9872,"Literals":37587,"LEARNT_Limit":12429,"LEARNT_Clauses":10988,"LEARNT_Lit/Cl":18,"Progress":7.065}
{"Event":"Restart","Time":10.267,"AdjustCount":9276,"Restarts":149,"Conflicts":48904,"Decisions":60392,"Propagations":27274432,"Vars":1607,"Clauses":9872,"Literals":37587,"LEARNT_Limit":12429,"LEARNT_Clauses":11188,"LEARNT_Lit/Cl":18,"Progress":7.065}
{"Event":"Restart","Time":10.333,"AdjustCount":8875,"Restarts":150,"Conflicts":49305,"Decisions":60876,"Propagations":27438889,"Vars":1607,"Clauses":9872,"Literals":37587,"LEARNT_Limit":12429,"LEARNT_Clauses":11589,"LEARNT_Lit/Cl":18,"Progress":7.074}
{"Event":"Restart","Time":10.347,"AdjustCount":8774,"Restarts":151,"Conflicts":49406,"Decisions":60996,"Propagations":27471704,"Vars":1607,"Clauses":9872,"Literals":37587,"LEARNT_Limit":12429,"LEARNT_Clauses":11690,"LEARNT_Lit/Cl":18,"Progress":7.077}
{"Event":"Restart","Time":10.363,"AdjustCount":8674,"Restarts":152,"Conflicts":49506,"Decisions":61159,"Propagations":27495576,"Vars":1582,"Clauses":9612,"Literals":36629,"LEARNT_Limit":12429,"LEARNT_Clauses":5505,"LEARNT_Lit/Cl":15,"Progress":8.502}
{"Event":"Restart","Time":10.397,"AdjustCount":8474,"Restarts":153,"Conflicts":49706,"Decisions":61417,"Propagations":27579792,"Vars":1582,"Clauses":9612,"Literals":36629,"LEARNT_Limit":12429,"LEARNT_Clauses":5705,"LEARNT_Lit/Cl":16,"Progress":8.507}
{"Event":"Restart","Time":10.408,"AdjustCount":8373,"Restarts":154,"Conflicts":49807,"Decisions":61535,"Propagations":27603859,"Vars":1582,"Clauses":9612,"Literals":36629,"LEARNT_Limit":12429,"LEARNT_Clauses":5806,"LEARNT_Lit/Cl":16,"Progress":8.507}
{"Event":"Restart","Time":10.426,"AdjustCount":8273,"Restarts":155,"Conflicts":49907,"Decisions":61649,"Propagations":27646509,"Vars":1582,"Clauses":9612,"Literals":36629,"LEARNT_Limit":12429,"LEARNT_Clauses":5906,"LEARNT_Lit/Cl":16,"Progress":8.507}
{"Event":"Restart","Time":10.455,"AdjustCount":8072,"Restarts":156,"Conflicts":50108,"Decisions":61885,"Propagations":27720969,"Vars":1582,"Clauses":9612,"Literals":36629,"LEARNT_Limit":12429,"LEARNT_Clauses":6107,"LEARNT_Lit/Cl":16,"Progress":8.507}
{"Event":"Restart","Time":10.513,"AdjustCount":7669,"Restarts":157,"Conflicts":50511,"Decisions":62336,"Propagations":27842584,"Vars":1582,"Clauses":9612,"Literals":36629,"LEARNT_Limit":12429,"LEARNT_Clauses":6510,"LEARNT_Lit/Cl":17,"Progress":8.507}
{"Event":"Restart","Time":10.664,"AdjustCount":6869,"Restarts":158,"Conflicts":51311,"Decisions":63185,"Propagations":28189061,"Vars":1582,"Clauses":9612,"Literals":36629,"LEARNT_Limit":12429,"LEARNT_Clauses":7310,"LEARNT_Lit/Cl":17,"Progress":8.510}
{"Event":"Restart","Time":10.934,"AdjustCount":5268,"Restarts":159,"Conflicts":52912,"Decisions":64931,"Propagations":28746290,"Vars":1582,"Clauses":9612,"Literals":36629,"LEARNT_Limit":12429,"LEARNT_Clauses":8911,"LEARNT_Lit/Cl":18,"Progress":8.504}
{"Event":"Restart","Time":10.953,"AdjustCount":5166,"Restarts":160,"Conflicts":53014,"Decisions":65043,"Propagations":28788126,"Vars":1582,"Clauses":9612,"Literals":36629,"LEARNT_Limit":12429,"LEARNT_Clauses":9013,"LEARNT_Lit/Cl":18,"Progress":8.502}
{"Event":"Restart","Time":10.969,"AdjustCount":5065,"Restarts":161,"Conflicts":53115,"Decisions":65157,"Propagations":28820295,"Vars":1582,"Clauses":9612,"Literals":36629,"LEARNT_Limit":12429,"LEARNT_Clauses":9114,"LEARNT_Lit/Cl":18,"Progress":8.504}
{"Event":"Restart","Time":11.000,"AdjustCount":4865,"Restarts":162,"Conflicts":53315,"Decisions":65391,"Propagations":28883488,"Vars":1582,"Clauses":9612,"Literals":36629,"LEARNT_Limit":12429,"LEARNT_Clauses":9314,"LEARNT_Lit/Cl":18,"Progress":8.507}
{"Event":"Restart","Time":11.020,"AdjustCount":4760,"Restarts":163,"Conflicts":53420,"Decisions":65511,"Propagations":28926099,"Vars":1582,"Clauses":9612,"Literals":36629,"LEARNT_Limit":12429,"LEARNT_Clauses":9419,"LEARNT_Lit/Cl":18,"Progress":8.511}
{"Event":"Restart","Time":11.039,"AdjustCount":4660,"Restarts":164,"Conflicts":53520,"Decisions":65631,"Propagations":28967225,"Vars":1582,"Clauses":9612,"Literals":36629,"LEARNT_Limit":12429,"LEARNT_Clauses":9519,"LEARNT_Lit/Cl":18,"Progress":8.511}
{"Event":"Restart","Time":11.077,"AdjustCount":4459,"Restarts":165,"Conflicts":53721,"Decisions":65861,"Propagations":29054128,"Vars":1582,"Clauses":9612,"Literals":36629,"LEARNT_Limit":12429,"LEARNT_Clauses":9720,"LEARNT_Lit/Cl":18,"Progress":8.503}
{"Event":"Restart","Time":11.144,"AdjustCount":4059,"Restarts":166,"Conflicts":54121,"Decisions":66327,"Propagations":29211729,"Vars":1582,"Clauses":9612,"Literals":36629,"LEARNT_Limit":12429,"LEARNT_Clauses":10120,"LEARNT_Lit/Cl":18,"Progress":8.511}
{"Event":"Restart","Time":11.160,"AdjustCount":3959,"Restarts":167,"Conflicts":54221,"Decisions":66491,"Propagations":29253043,"Vars":1582,"Clauses":9612,"Literals":36629,"LEARNT_Limit":12429,"LEARNT_Clauses":10220,"LEARNT_Lit/Cl":18,"Progress":8.511}
{"Event":"Restart","Time":11.177,"AdjustCount":3859,"Restarts":168,"Conflicts":54321,"Decisions":66604,"Propagations":29283833,"Vars":1582,"Clauses":9612,"Literals":36629,"LEARNT_Limit":12429,"LEARNT_Clauses":10320,"LEARNT_Lit/Cl":18,"Progress":8.511}
{"Event":"Restart","Time":11.218,"AdjustCount":3659,"Restarts":169,"Conflicts":54521,"Decisions":66821,"Propagations":29371101,"Vars":1582,"Clauses":9612,"Literals":36629,"LEARNT_Limit":12429,"LEARNT_Clauses":10520,"LEARNT_Lit/Cl":18,"Progress":8.511}
{"Event":"Restart","Time":11.233,"AdjustCount":3559,"Restarts":170,"Conflicts":54621,"Decisions":66967,"Propagations":29403215,"Vars":1582,"Clauses":9612,"Literals":36629,"LEARNT_Limit":12429,"LEARNT_Clauses":10620,"LEARNT_Lit/Cl":18,"Progress":8.502}
{"Event":"Restart","Time":11.247,"AdjustCount":3458,"Restarts":171,"Conflicts":54722,"Decisions":67082,"Propagations":29433896,"Vars":1582,"Clauses":9612,"Literals":36629,"LEARNT_Limit":12429,"LEARNT_Clauses":10721,"LEARNT_Lit/Cl":18,"Progress":8.502}
{"Event":"Restart","Time":11.285,"AdjustCount":3258,"Restarts":172,"Conflicts":54922,"Decisions":67329,"Propagations":29514648,"Vars":1582,"Clauses":9612,"Literals":36629,"LEARNT_Limit":12429,"LEARNT_Clauses":10921,"LEARNT_Lit/Cl":18,"Progress":8.510}
{"Event":"Restart","Time":11.367,"AdjustCount":2856,"Restarts":173,"Conflicts":55324,"Decisions":67763,"Propagations":29692206,"Vars":1582,"Clauses":9612,"Literals":36629,"LEARNT_Limit":12429,"LEARNT_Clauses":11323,"LEARNT_Lit/Cl":18,"Progress":8.510}
{"Event":"Restart","Time":11.512,"AdjustCount":2053,"Restarts":174,"Conflicts":56127,"Decisions":68673,"Propagations":30003545,"Vars":1582,"Clauses":9612,"Literals":36629,"LEARNT_Limit":12429,"LEARNT_Clauses":12126,"LEARNT_Lit/Cl":18,"Progress":8.513}
{"Event":"Restart","Time":11.531,"AdjustCount":1953,"Restarts":175,"Conflicts":56227,"Decisions":68794,"Propagations":30047038,"Vars":1582,"Clauses":9612,"Literals":36629,"LEARNT_Limit":12429,"LEARNT_Clauses":12226,"LEARNT_Lit/Cl":18,"Progress":8.513}
{"Event":"Restart","Time":11.546,"AdjustCount":1852,"Restarts":176,"Conflicts":56328,"Decisions":68922,"Propagations":30079789,"Vars":1582,"Clauses":9612,"Literals":36629,"LEARNT_Limit":12429,"LEARNT_Clauses":12327,"LEARNT_Lit/Cl":18,"Progress":8.513}
{"Event":"Restart","Time":11.581,"AdjustCount":1652,"Restarts":177,"Conflicts":56528,"Decisions":69152,"Propagations":30164555,"Vars":1582,"Clauses":9612,"Literals":36629,"LEARNT_Limit":12429,"LEARNT_Clauses":12527,"LEARNT_Lit/Cl":18,"Progress":8.513}
{"Event":"Restart","Time":11.603,"AdjustCount":1552,"Restarts":178,"Conflicts":56628,"Decisions":69297,"Propagations":30204669,"Vars":1582,"Clauses":9612,"Literals":36629,"LEARNT_Limit":12429,"LEARNT_Clauses":6314,"LEARNT_Lit/Cl":14,"Progress":8.512}
{"Event":"Restart","Time":11.616,"AdjustCount":1452,"Restarts":179,"Conflicts":56728,"Decisions":69421,"Propagations":30235817,"Vars":1582,"Clauses":9612,"Literals":36629,"LEARNT_Limit":12429,"LEARNT_Clauses":6414,"LEARNT_Lit/Cl":14,"Progress":8.513}
{"Event":"Restart","Time":11.644,"AdjustCount":1251,"Restarts":180,"Conflicts":56929,"Decisions":69634,"Propagations":30315324,"Vars":1582,"Clauses":9612,"Literals":36629,"LEARNT_Limit":12429,"LEARNT_Clauses":6615,"LEARNT_Lit/Cl":14,"Progress":8.513}
{"Event":"Restart","Time":11.705,"AdjustCount":849,"Restarts":181,"Conflicts":57331,"Decisions":70182,"Propagations":30455417,"Vars":1506,"Clauses":9207,"Literals":35149,"LEARNT_Limit":12429,"LEARNT_Clauses":4219,"LEARNT_Lit/Cl":13,"Progress":12.898}
{"Event":"Restart","Time":11.718,"AdjustCount":749,"Restarts":182,"Conflicts":57431,"Decisions":70302,"Propagations":30482583,"Vars":1506,"Clauses":9017,"Literals":34394,"LEARNT_Limit":12429,"LEARNT_Clauses":4286,"LEARNT_Lit/Cl":13,"Progress":12.905}
{"Event":"Restart","Time":11.734,"AdjustCount":649,"Restarts":183,"Conflicts":57531,"Decisions":70427,"Propagations":30516985,"Vars":1506,"Clauses":9017,"Literals":34394,"LEARNT_Limit":12429,"LEARNT_Clauses":4386,"LEARNT_Lit/Cl":13,"Progress":12.905}
{"Event":"Restart","Time":11.765,"AdjustCount":448,"Restarts":184,"Conflicts":57732,"Decisions":70652,"Propagations":30590266,"Vars":1506,"Clauses":9017,"Literals":34394,"LEARNT_Limit":12429,"LEARNT_Clauses":4587,"LEARNT_Lit/Cl":13,"Progress":12.909}
{"Event":"Restart","Time":11.778,"AdjustCount":348,"Restarts":185,"Conflicts":57832,"Decisions":70786,"Propagations":30625857,"Vars":1505,"Clauses":9007,"Literals":34356,"LEARNT_Limit":12429,"LEARNT_Clauses":4686,"LEARNT_Lit/Cl":13,"Progress":12.966}
{"Event":"Restart","Time":11.793,"AdjustCount":248,"Restarts":186,"Conflicts":57932,"Decisions":70916,"Propagations":30660676,"Vars":1505,"Clauses":9007,"Literals":34356,"LEARNT_Limit":12429,"LEARNT_Clauses":4786,"LEARNT_Lit/Cl":13,"Progress":12.955}
{"Event":"Restart","Time":11.817,"AdjustCount":46,"Restarts":187,"Conflicts":58134,"Decisions":71171,"Propagations":30717579,"Vars":1505,"Clauses":9007,"Literals":34356,"LEARNT_Limit":12429,"LEARNT_Clauses":4988,"LEARNT_Lit/Cl":14,"Progress":12.959}
{"Event":"LearnMore","Time":11.823,"AdjustCount":29192,"Restarts":187,"Conflicts":58180,"Decisions":71229,"Propagations":30731922,"Vars":1505,"Clauses":9007,"Literals":34356,"LEARNT_Limit":13672,"LEARNT_Clauses":5034,"LEARNT_Lit/Cl":14,"Progress":12.959}
{"Event":"Restart","Time":11.875,"AdjustCount":28837,"Restarts":188,"Conflicts":58535,"Decisions":71669,"Propagations":30857343,"Vars":1505,"Clauses":9007,"Literals":34356,"LEARNT_Limit":13672,"LEARNT_Clauses":5389,"LEARNT_Lit/Cl":14,"Progress":12.959}
===============================================================================
restarts              : 188
conflicts             : 58860          (4937 /sec)
decisions             : 72024          (0.00 % random) (6041 /sec)
propagations          : 30967310       (2597277 /sec)
conflict literals     : 1126982        (76.45 % deleted)
Memory used           : 8.00 MB
CPU time              : 11.923 s

UNSATISFIABLE
