WARNING: for repeatability, setting FPU to use double precision
============================[ Problem Statistics ]=============================
|                                                                             |
|  Number of variables:         20458                                         |
|  Number of clauses:           56506                                         |
|  Parse time:                   0.03 s                                       |
|                                                                             |
============================[ Search Statistics ]==============================
| Conflicts |          ORIGINAL         |          LEARNT          | Progress |
|           |    Vars  Clauses Literals |    Limit  Clauses Lit/Cl |          |
===============================================================================
{"Event":"Restart","Time":0.044,"AdjustCount":99,"Restarts":1,"Conflicts":1,"Decisions":5,"Propagations":7385,"Vars":13626,"Clauses":39913,"Literals":93878,"LEARNT_Limit":13304,"LEARNT_Clauses":0,"LEARNT_Lit/Cl":-nan,"Progress":33.395}
{"Event":"LearnMore","Time":0.063,"AdjustCount":150,"Restarts":1,"Conflicts":100,"Decisions":574,"Propagations":75864,"Vars":13615,"Clauses":39913,"Literals":93878,"LEARNT_Limit":14634,"LEARNT_Clauses":97,"LEARNT_Lit/Cl":11,"Progress":33.449}
{"Event":"Restart","Time":0.064,"AdjustCount":149,"Restarts":2,"Conflicts":101,"Decisions":612,"Propagations":77053,"Vars":13615,"Clauses":39913,"Literals":93878,"LEARNT_Limit":14634,"LEARNT_Clauses":98,"LEARNT_Lit/Cl":11,"Progress":33.449}
{"Event":"Restart","Time":0.098,"AdjustCount":48,"Restarts":3,"Conflicts":202,"Decisions":1398,"Propagations":209224,"Vars":13441,"Clauses":39290,"Literals":92445,"LEARNT_Limit":14634,"LEARNT_Clauses":192,"LEARNT_Lit/Cl":16,"Progress":34.300}
{"Event":"LearnMore","Time":0.109,"AdjustCount":225,"Restarts":3,"Conflicts":250,"Decisions":1550,"Propagations":255670,"Vars":13441,"Clauses":39290,"Literals":92445,"LEARNT_Limit":16098,"LEARNT_Clauses":240,"LEARNT_Lit/Cl":15,"Progress":34.300}
{"Event":"Restart","Time":0.142,"AdjustCount":73,"Restarts":4,"Conflicts":402,"Decisions":2744,"Propagations":386947,"Vars":12659,"Clauses":39240,"Literals":92331,"LEARNT_Limit":16098,"LEARNT_Clauses":385,"LEARNT_Lit/Cl":17,"Progress":38.122}
{"Event":"LearnMore","Time":0.147,"AdjustCount":337,"Restarts":4,"Conflicts":475,"Decisions":2944,"Propagations":407630,"Vars":12659,"Clauses":39240,"Literals":92331,"LEARNT_Limit":17708,"LEARNT_Clauses":458,"LEARNT_Lit/Cl":16,"Progress":38.122}
{"Event":"Restart","Time":0.150,"AdjustCount":309,"Restarts":5,"Conflicts":503,"Decisions":2999,"Propagations":419104,"Vars":12659,"Clauses":39240,"Literals":92331,"LEARNT_Limit":17708,"LEARNT_Clauses":486,"LEARNT_Lit/Cl":15,"Progress":38.122}
{"Event":"Restart","Time":0.178,"AdjustCount":209,"Restarts":6,"Conflicts":603,"Decisions":3497,"Propagations":514665,"Vars":12316,"Clauses":36391,"Literals":85646,"LEARNT_Limit":17708,"LEARNT_Clauses":578,"LEARNT_Lit/Cl":15,"Progress":39.799}
{"Event":"Restart","Time":0.223,"AdjustCount":8,"Restarts":7,"Conflicts":804,"Decisions":4626,"Propagations":682423,"Vars":12289,"Clauses":35642,"Literals":83911,"LEARNT_Limit":17708,"LEARNT_Clauses":765,"LEARNT_Lit/Cl":16,"Progress":39.931}
{"Event":"LearnMore","Time":0.224,"AdjustCount":506,"Restarts":7,"Conflicts":812,"Decisions":4646,"Propagations":686766,"Vars":12289,"Clauses":35642,"Literals":83911,"LEARNT_Limit":19478,"LEARNT_Clauses":773,"LEARNT_Lit/Cl":16,"Progress":39.931}
{"Event":"Restart","Time":0.300,"AdjustCount":112,"Restarts":8,"Conflicts":1206,"Decisions":6091,"Propagations":976793,"Vars":12276,"Clauses":35599,"Literals":83814,"LEARNT_Limit":19478,"LEARNT_Clauses":1161,"LEARNT_Lit/Cl":18,"Progress":39.994}
{"Event":"Restart","Time":0.330,"AdjustCount":11,"Restarts":9,"Conflicts":1307,"Decisions":6738,"Propagations":1089892,"Vars":12256,"Clauses":35528,"Literals":83653,"LEARNT_Limit":19478,"LEARNT_Clauses":1259,"LEARNT_Lit/Cl":18,"Progress":40.092}
{"Event":"LearnMore","Time":0.332,"AdjustCount":759,"Restarts":9,"Conflicts":1318,"Decisions":6802,"Propagations":1097766,"Vars":12256,"Clauses":35528,"Literals":83653,"LEARNT_Limit":21426,"LEARNT_Clauses":1270,"LEARNT_Lit/Cl":18,"Progress":40.092}
{"Event":"Restart","Time":0.342,"AdjustCount":670,"Restarts":10,"Conflicts":1407,"Decisions":7165,"Propagations":1159403,"Vars":12230,"Clauses":35528,"Literals":83653,"LEARNT_Limit":21426,"LEARNT_Clauses":1357,"LEARNT_Lit/Cl":18,"Progress":40.219}
{"Event":"Restart","Time":0.383,"AdjustCount":469,"Restarts":11,"Conflicts":1608,"Decisions":7808,"Propagations":1322869,"Vars":12226,"Clauses":35426,"Literals":83418,"LEARNT_Limit":21426,"LEARNT_Clauses":1554,"LEARNT_Lit/Cl":19,"Progress":40.239}
{"Event":"Restart","Time":0.406,"AdjustCount":369,"Restarts":12,"Conflicts":1708,"Decisions":8207,"Propagations":1425656,"Vars":12173,"Clauses":35422,"Literals":83410,"LEARNT_Limit":21426,"LEARNT_Clauses":1648,"LEARNT_Lit/Cl":18,"Progress":40.498}
{"Event":"Restart","Time":0.439,"AdjustCount":269,"Restarts":13,"Conflicts":1808,"Decisions":9150,"Propagations":1544177,"Vars":12003,"Clauses":34620,"Literals":81528,"LEARNT_Limit":21426,"LEARNT_Clauses":1722,"LEARNT_Lit/Cl":18,"Progress":41.329}
{"Event":"Restart","Time":0.490,"AdjustCount":69,"Restarts":14,"Conflicts":2008,"Decisions":9764,"Propagations":1717767,"Vars":12003,"Clauses":34620,"Literals":81528,"LEARNT_Limit":21426,"LEARNT_Clauses":1922,"LEARNT_Lit/Cl":20,"Progress":41.329}
{"Event":"LearnMore","Time":0.505,"AdjustCount":1139,"Restarts":14,"Conflicts":2077,"Decisions":9954,"Propagations":1783198,"Vars":12003,"Clauses":34620,"Literals":81528,"LEARNT_Limit":23569,"LEARNT_Clauses":1991,"LEARNT_Lit/Cl":20,"Progress":41.329}
{"Event":"Restart","Time":0.600,"AdjustCount":808,"Restarts":15,"Conflicts":2408,"Decisions":10450,"Propagations":2186397,"Vars":12003,"Clauses":34620,"Literals":81528,"LEARNT_Limit":23569,"LEARNT_Clauses":2322,"LEARNT_Lit/Cl":21,"Progress":41.329}
{"Event":"Restart","Time":0.772,"AdjustCount":8,"Restarts":16,"Conflicts":3208,"Decisions":12753,"Propagations":2825930,"Vars":11984,"Clauses":34557,"Literals":81385,"LEARNT_Limit":23569,"LEARNT_Clauses":3120,"LEARNT_Lit/Cl":24,"Progress":41.421}
{"Event":"LearnMore","Time":0.775,"AdjustCount":1708,"Restarts":16,"Conflicts":3216,"Decisions":12847,"Propagations":2835722,"Vars":11984,"Clauses":34557,"Literals":81385,"LEARNT_Limit":25926,"LEARNT_Clauses":3128,"LEARNT_Lit/Cl":24,"Progress":41.421}
{"Event":"Restart","Time":0.795,"AdjustCount":1614,"Restarts":17,"Conflicts":3310,"Decisions":13122,"Propagations":2916934,"Vars":11984,"Clauses":34557,"Literals":81385,"LEARNT_Limit":25926,"LEARNT_Clauses":3222,"LEARNT_Lit/Cl":24,"Progress":41.421}
{"Event":"Restart","Time":0.815,"AdjustCount":1513,"Restarts":18,"Conflicts":3411,"Decisions":13709,"Propagations":2978749,"Vars":11967,"Clauses":34503,"Literals":81261,"LEARNT_Limit":25926,"LEARNT_Clauses":3322,"LEARNT_Lit/Cl":23,"Progress":41.505}
{"Event":"Restart","Time":0.847,"AdjustCount":1313,"Restarts":19,"Conflicts":3611,"Decisions":14638,"Propagations":3091505,"Vars":11967,"Clauses":34503,"Literals":81261,"LEARNT_Limit":25926,"LEARNT_Clauses":3522,"LEARNT_Lit/Cl":25,"Progress":41.505}
{"Event":"Restart","Time":0.869,"AdjustCount":1212,"Restarts":20,"Conflicts":3712,"Decisions":14921,"Propagations":3156525,"Vars":11963,"Clauses":34490,"Literals":81233,"LEARNT_Limit":25926,"LEARNT_Clauses":3622,"LEARNT_Lit/Cl":25,"Progress":41.524}
{"Event":"Restart","Time":0.898,"AdjustCount":1109,"Restarts":21,"Conflicts":3815,"Decisions":15185,"Propagations":3268625,"Vars":11963,"Clauses":34490,"Literals":81233,"LEARNT_Limit":25926,"LEARNT_Clauses":3725,"LEARNT_Lit/Cl":25,"Progress":41.524}
{"Event":"Restart","Time":0.938,"AdjustCount":906,"Restarts":22,"Conflicts":4018,"Decisions":16027,"Propagations":3405771,"Vars":11963,"Clauses":34490,"Literals":81233,"LEARNT_Limit":25926,"LEARNT_Clauses":3928,"LEARNT_Lit/Cl":27,"Progress":41.524}
{"Event":"Restart","Time":1.040,"AdjustCount":506,"Restarts":23,"Conflicts":4418,"Decisions":17920,"Propagations":3754281,"Vars":11958,"Clauses":34472,"Literals":81194,"LEARNT_Limit":25926,"LEARNT_Clauses":4325,"LEARNT_Lit/Cl":28,"Progress":41.549}
{"Event":"Restart","Time":1.062,"AdjustCount":405,"Restarts":24,"Conflicts":4519,"Decisions":18247,"Propagations":3829132,"Vars":11958,"Clauses":34472,"Literals":81194,"LEARNT_Limit":25926,"LEARNT_Clauses":4426,"LEARNT_Lit/Cl":28,"Progress":41.549}
{"Event":"Restart","Time":1.087,"AdjustCount":305,"Restarts":25,"Conflicts":4619,"Decisions":18713,"Propagations":3912535,"Vars":11958,"Clauses":34472,"Literals":81194,"LEARNT_Limit":25926,"LEARNT_Clauses":4526,"LEARNT_Lit/Cl":28,"Progress":41.549}
{"Event":"Restart","Time":1.131,"AdjustCount":105,"Restarts":26,"Conflicts":4819,"Decisions":19257,"Propagations":4053039,"Vars":11958,"Clauses":34472,"Literals":81194,"LEARNT_Limit":25926,"LEARNT_Clauses":4726,"LEARNT_Lit/Cl":29,"Progress":41.549}
{"Event":"Restart","Time":1.159,"AdjustCount":4,"Restarts":27,"Conflicts":4920,"Decisions":19667,"Propagations":4135729,"Vars":11887,"Clauses":34265,"Literals":80712,"LEARNT_Limit":25926,"LEARNT_Clauses":4821,"LEARNT_Lit/Cl":29,"Progress":41.896}
{"Event":"LearnMore","Time":1.159,"AdjustCount":2562,"Restarts":27,"Conflicts":4924,"Decisions":19702,"Propagations":4137348,"Vars":11887,"Clauses":34265,"Literals":80712,"LEARNT_Limit":28519,"LEARNT_Clauses":4825,"LEARNT_Lit/Cl":29,"Progress":41.896}
{"Event":"Restart","Time":1.182,"AdjustCount":2466,"Restarts":28,"Conflicts":5020,"Decisions":19964,"Propagations":4208604,"Vars":11887,"Clauses":34265,"Literals":80712,"LEARNT_Limit":28519,"LEARNT_Clauses":4921,"LEARNT_Lit/Cl":28,"Progress":41.896}
{"Event":"Restart","Time":1.220,"AdjustCount":2266,"Restarts":29,"Conflicts":5220,"Decisions":20835,"Propagations":4318918,"Vars":11887,"Clauses":34249,"Literals":80677,"LEARNT_Limit":28519,"LEARNT_Clauses":5121,"LEARNT_Lit/Cl":29,"Progress":41.896}
{"Event":"Restart","Time":1.292,"AdjustCount":1865,"Restarts":30,"Conflicts":5621,"Decisions":21725,"Propagations":4604223,"Vars":11887,"Clauses":34249,"Literals":80677,"LEARNT_Limit":28519,"LEARNT_Clauses":5522,"LEARNT_Lit/Cl":28,"Progress":41.896}
{"Event":"Restart","Time":1.474,"AdjustCount":1065,"Restarts":31,"Conflicts":6421,"Decisions":24185,"Propagations":5219508,"Vars":11887,"Clauses":34249,"Literals":80677,"LEARNT_Limit":28519,"LEARNT_Clauses":6322,"LEARNT_Lit/Cl":29,"Progress":41.896}
{"Event":"LearnMore","Time":1.739,"AdjustCount":3844,"Restarts":31,"Conflicts":7486,"Decisions":26716,"Propagations":6067690,"Vars":11887,"Clauses":34249,"Literals":80677,"LEARNT_Limit":31370,"LEARNT_Clauses":7387,"LEARNT_Lit/Cl":34,"Progress":41.896}
{"Event":"Restart","Time":1.883,"AdjustCount":3309,"Restarts":32,"Conflicts":8021,"Decisions":27800,"Propagations":6525648,"Vars":11887,"Clauses":34249,"Literals":80677,"LEARNT_Limit":31370,"LEARNT_Clauses":7922,"LEARNT_Lit/Cl":36,"Progress":41.896}
{"Event":"Restart","Time":1.908,"AdjustCount":3209,"Restarts":33,"Conflicts":8121,"Decisions":28017,"Propagations":6612569,"Vars":11887,"Clauses":34249,"Literals":80677,"LEARNT_Limit":31370,"LEARNT_Clauses":8022,"LEARNT_Lit/Cl":36,"Progress":41.896}
{"Event":"Restart","Time":1.938,"AdjustCount":3109,"Restarts":34,"Conflicts":8221,"Decisions":28683,"Propagations":6709722,"Vars":11887,"Clauses":34249,"Literals":80677,"LEARNT_Limit":31370,"LEARNT_Clauses":8122,"LEARNT_Lit/Cl":36,"Progress":41.896}
{"Event":"Restart","Time":1.990,"AdjustCount":2909,"Restarts":35,"Conflicts":8421,"Decisions":28993,"Propagations":6882642,"Vars":11887,"Clauses":34249,"Literals":80677,"LEARNT_Limit":31370,"LEARNT_Clauses":8322,"LEARNT_Lit/Cl":35,"Progress":41.896}
{"Event":"Restart","Time":2.006,"AdjustCount":2808,"Restarts":36,"Conflicts":8522,"Decisions":29185,"Propagations":6937848,"Vars":11887,"Clauses":34249,"Literals":80677,"LEARNT_Limit":31370,"LEARNT_Clauses":8423,"LEARNT_Lit/Cl":35,"Progress":41.896}
{"Event":"Restart","Time":2.028,"AdjustCount":2706,"Restarts":37,"Conflicts":8624,"Decisions":29549,"Propagations":7007729,"Vars":11887,"Clauses":34249,"Literals":80677,"LEARNT_Limit":31370,"LEARNT_Clauses":8525,"LEARNT_Lit/Cl":35,"Progress":41.896}
{"Event":"Restart","Time":2.064,"AdjustCount":2505,"Restarts":38,"Conflicts":8825,"Decisions":30091,"Propagations":7126969,"Vars":11887,"Clauses":34249,"Literals":80677,"LEARNT_Limit":31370,"LEARNT_Clauses":8726,"LEARNT_Lit/Cl":35,"Progress":41.896}
{"Event":"Restart","Time":2.157,"AdjustCount":2105,"Restarts":39,"Conflicts":9225,"Decisions":31010,"Propagations":7432441,"Vars":11883,"Clauses":34236,"Literals":80648,"LEARNT_Limit":31370,"LEARNT_Clauses":9125,"LEARNT_Lit/Cl":35,"Progress":41.915}
{"Event":"Restart","Time":2.179,"AdjustCount":2005,"Restarts":40,"Conflicts":9325,"Decisions":31213,"Propagations":7502487,"Vars":11883,"Clauses":34236,"Literals":80648,"LEARNT_Limit":31370,"LEARNT_Clauses":9225,"LEARNT_Lit/Cl":35,"Progress":41.915}
{"Event":"Restart","Time":2.205,"AdjustCount":1904,"Restarts":41,"Conflicts":9426,"Decisions":31380,"Propagations":7610876,"Vars":11883,"Clauses":34236,"Literals":80648,"LEARNT_Limit":31370,"LEARNT_Clauses":9326,"LEARNT_Lit/Cl":35,"Progress":41.915}
{"Event":"Restart","Time":2.245,"AdjustCount":1702,"Restarts":42,"Conflicts":9628,"Decisions":31882,"Propagations":7729541,"Vars":11883,"Clauses":34236,"Literals":80648,"LEARNT_Limit":31370,"LEARNT_Clauses":9528,"LEARNT_Lit/Cl":35,"Progress":41.915}
{"Event":"Restart","Time":2.272,"AdjustCount":1600,"Restarts":43,"Conflicts":9730,"Decisions":32306,"Propagations":7810307,"Vars":11883,"Clauses":34236,"Literals":80648,"LEARNT_Limit":31370,"LEARNT_Clauses":9630,"LEARNT_Lit/Cl":35,"Progress":41.915}
{"Event":"Restart","Time":2.294,"AdjustCount":1499,"Restarts":44,"Conflicts":9831,"Decisions":32788,"Propagations":7869790,"Vars":11878,"Clauses":34220,"Literals":80613,"LEARNT_Limit":31370,"LEARNT_Clauses":9721,"LEARNT_Lit/Cl":35,"Progress":41.940}
{"Event":"Restart","Time":2.333,"AdjustCount":1299,"Restarts":45,"Conflicts":10031,"Decisions":33373,"Propagations":7973245,"Vars":11878,"Clauses":34220,"Literals":80613,"LEARNT_Limit":31370,"LEARNT_Clauses":9921,"LEARNT_Lit/Cl":35,"Progress":41.940}
{"Event":"Restart","Time":2.402,"AdjustCount":899,"Restarts":46,"Conflicts":10431,"Decisions":34308,"Propagations":8206759,"Vars":11878,"Clauses":34220,"Literals":80613,"LEARNT_Limit":31370,"LEARNT_Clauses":10321,"LEARNT_Lit/Cl":35,"Progress":41.940}
{"Event":"Restart","Time":2.569,"AdjustCount":97,"Restarts":47,"Conflicts":11233,"Decisions":36026,"Propagations":8586946,"Vars":11878,"Clauses":34220,"Literals":80613,"LEARNT_Limit":31370,"LEARNT_Clauses":11123,"LEARNT_Lit/Cl":37,"Progress":41.940}
{"Event":"LearnMore","Time":2.581,"AdjustCount":5766,"Restarts":47,"Conflicts":11330,"Decisions":36229,"Propagations":8632364,"Vars":11878,"Clauses":34220,"Literals":80613,"LEARNT_Limit":34508,"LEARNT_Clauses":11220,"LEARNT_Lit/Cl":36,"Progress":41.940}
{"Event":"Restart","Time":2.582,"AdjustCount":5763,"Restarts":48,"Conflicts":11333,"Decisions":36249,"Propagations":8635573,"Vars":11878,"Clauses":34220,"Literals":80613,"LEARNT_Limit":34508,"LEARNT_Clauses":11223,"LEARNT_Lit/Cl":36,"Progress":41.940}
{"Event":"Restart","Time":2.605,"AdjustCount":5662,"Restarts":49,"Conflicts":11434,"Decisions":36725,"Propagations":8711025,"Vars":11875,"Clauses":34211,"Literals":80593,"LEARNT_Limit":34508,"LEARNT_Clauses":11323,"LEARNT_Lit/Cl":36,"Progress":41.954}
{"Event":"Restart","Time":2.642,"AdjustCount":5457,"Restarts":50,"Conflicts":11639,"Decisions":37247,"Propagations":8806288,"Vars":11875,"Clauses":34211,"Literals":80593,"LEARNT_Limit":34508,"LEARNT_Clauses":11528,"LEARNT_Lit/Cl":36,"Progress":41.954}
{"Event":"Restart","Time":2.664,"AdjustCount":5357,"Restarts":51,"Conflicts":11739,"Decisions":37595,"Propagations":8873493,"Vars":11863,"Clauses":34211,"Literals":80593,"LEARNT_Limit":34508,"LEARNT_Clauses":11626,"LEARNT_Lit/Cl":36,"Progress":42.013}
{"Event":"Restart","Time":2.691,"AdjustCount":5257,"Restarts":52,"Conflicts":11839,"Decisions":37944,"Propagations":8940770,"Vars":11863,"Clauses":34211,"Literals":80593,"LEARNT_Limit":34508,"LEARNT_Clauses":11726,"LEARNT_Lit/Cl":36,"Progress":42.013}
{"Event":"Restart","Time":2.737,"AdjustCount":5057,"Restarts":53,"Conflicts":12039,"Decisions":38407,"Propagations":9079125,"Vars":11863,"Clauses":34211,"Literals":80593,"LEARNT_Limit":34508,"LEARNT_Clauses":11926,"LEARNT_Lit/Cl":36,"Progress":42.013}
{"Event":"Restart","Time":2.829,"AdjustCount":4657,"Restarts":54,"Conflicts":12439,"Decisions":39318,"Propagations":9299493,"Vars":11863,"Clauses":34163,"Literals":80482,"LEARNT_Limit":34508,"LEARNT_Clauses":12325,"LEARNT_Lit/Cl":37,"Progress":42.013}
{"Event":"Restart","Time":2.853,"AdjustCount":4555,"Restarts":55,"Conflicts":12541,"Decisions":39748,"Propagations":9372539,"Vars":11863,"Clauses":34163,"Literals":80482,"LEARNT_Limit":34508,"LEARNT_Clauses":12427,"LEARNT_Lit/Cl":37,"Progress":42.013}
{"Event":"Restart","Time":2.885,"AdjustCount":4453,"Restarts":56,"Conflicts":12643,"Decisions":40078,"Propagations":9480456,"Vars":11863,"Clauses":34163,"Literals":80482,"LEARNT_Limit":34508,"LEARNT_Clauses":12529,"LEARNT_Lit/Cl":37,"Progress":42.013}
{"Event":"Restart","Time":2.953,"AdjustCount":4253,"Restarts":57,"Conflicts":12843,"Decisions":40912,"Propagations":9663353,"Vars":11863,"Clauses":34163,"Literals":80482,"LEARNT_Limit":34508,"LEARNT_Clauses":12729,"LEARNT_Lit/Cl":37,"Progress":42.013}
{"Event":"Restart","Time":2.982,"AdjustCount":4153,"Restarts":58,"Conflicts":12943,"Decisions":41109,"Propagations":9750840,"Vars":11863,"Clauses":34163,"Literals":80482,"LEARNT_Limit":34508,"LEARNT_Clauses":12829,"LEARNT_Lit/Cl":37,"Progress":42.013}
{"Event":"Restart","Time":3.018,"AdjustCount":4053,"Restarts":59,"Conflicts":13043,"Decisions":41543,"Propagations":9851956,"Vars":11863,"Clauses":34163,"Literals":80482,"LEARNT_Limit":34508,"LEARNT_Clauses":12929,"LEARNT_Lit/Cl":37,"Progress":42.013}
{"Event":"Restart","Time":3.064,"AdjustCount":3852,"Restarts":60,"Conflicts":13244,"Decisions":41871,"Propagations":9998044,"Vars":11863,"Clauses":34163,"Literals":80482,"LEARNT_Limit":34508,"LEARNT_Clauses":13130,"LEARNT_Lit/Cl":37,"Progress":42.013}
{"Event":"Restart","Time":3.148,"AdjustCount":3452,"Restarts":61,"Conflicts":13644,"Decisions":42563,"Propagations":10244897,"Vars":11863,"Clauses":34163,"Literals":80482,"LEARNT_Limit":34508,"LEARNT_Clauses":13530,"LEARNT_Lit/Cl":37,"Progress":42.013}
{"Event":"Restart","Time":3.358,"AdjustCount":2652,"Restarts":62,"Conflicts":14444,"Decisions":43736,"Propagations":10881910,"Vars":11863,"Clauses":34163,"Literals":80482,"LEARNT_Limit":34508,"LEARNT_Clauses":14330,"LEARNT_Lit/Cl":37,"Progress":42.013}
{"Event":"Restart","Time":3.791,"AdjustCount":1052,"Restarts":63,"Conflicts":16044,"Decisions":46914,"Propagations":11983110,"Vars":11749,"Clauses":33844,"Literals":79803,"LEARNT_Limit":34508,"LEARNT_Clauses":15925,"LEARNT_Lit/Cl":38,"Progress":42.570}
{"Event":"LearnMore","Time":4.104,"AdjustCount":8649,"Restarts":63,"Conflicts":17096,"Decisions":48540,"Propagations":12807291,"Vars":11721,"Clauses":33844,"Literals":79803,"LEARNT_Limit":37958,"LEARNT_Clauses":16976,"LEARNT_Lit/Cl":39,"Progress":42.707}
{"Event":"Restart","Time":4.758,"AdjustCount":6500,"Restarts":64,"Conflicts":19245,"Decisions":52282,"Propagations":14491606,"Vars":11718,"Clauses":33730,"Literals":79540,"LEARNT_Limit":37958,"LEARNT_Clauses":19121,"LEARNT_Lit/Cl":41,"Progress":42.722}
{"Event":"Restart","Time":4.791,"AdjustCount":6397,"Restarts":65,"Conflicts":19348,"Decisions":52503,"Propagations":14570731,"Vars":11718,"Clauses":33730,"Literals":79540,"LEARNT_Limit":37958,"LEARNT_Clauses":19224,"LEARNT_Lit/Cl":41,"Progress":42.722}
{"Event":"Restart","Time":4.823,"AdjustCount":6297,"Restarts":66,"Conflicts":19448,"Decisions":52862,"Propagations":14649879,"Vars":11718,"Clauses":33730,"Literals":79540,"LEARNT_Limit":37958,"LEARNT_Clauses":19324,"LEARNT_Lit/Cl":41,"Progress":42.722}
{"Event":"Restart","Time":4.890,"AdjustCount":6096,"Restarts":67,"Conflicts":19649,"Decisions":53314,"Propagations":14833848,"Vars":11718,"Clauses":33730,"Literals":79540,"LEARNT_Limit":37958,"LEARNT_Clauses":19525,"LEARNT_Lit/Cl":41,"Progress":42.722}
{"Event":"Restart","Time":4.927,"AdjustCount":5996,"Restarts":68,"Conflicts":19749,"Decisions":53493,"Propagations":14924622,"Vars":11718,"Clauses":33730,"Literals":79540,"LEARNT_Limit":37958,"LEARNT_Clauses":19625,"LEARNT_Lit/Cl":41,"Progress":42.722}
{"Event":"Restart","Time":4.969,"AdjustCount":5895,"Restarts":69,"Conflicts":19850,"Decisions":53671,"Propagations":15040189,"Vars":11718,"Clauses":33730,"Literals":79540,"LEARNT_Limit":37958,"LEARNT_Clauses":19726,"LEARNT_Lit/Cl":41,"Progress":42.722}
{"Event":"Restart","Time":5.024,"AdjustCount":5695,"Restarts":70,"Conflicts":20050,"Decisions":54045,"Propagations":15177655,"Vars":11641,"Clauses":33435,"Literals":78775,"LEARNT_Limit":37958,"LEARNT_Clauses":18944,"LEARNT_Lit/Cl":41,"Progress":43.098}
{"Event":"Restart","Time":5.135,"AdjustCount":5295,"Restarts":71,"Conflicts":20450,"Decisions":54728,"Propagations":15355492,"Vars":11641,"Clauses":33435,"Literals":78775,"LEARNT_Limit":37958,"LEARNT_Clauses":19344,"LEARNT_Lit/Cl":42,"Progress":43.098}
{"Event":"Restart","Time":5.166,"AdjustCount":5193,"Restarts":72,"Conflicts":20552,"Decisions":55118,"Propagations":15427273,"Vars":11634,"Clauses":33435,"Literals":78775,"LEARNT_Limit":37958,"LEARNT_Clauses":19445,"LEARNT_Lit/Cl":42,"Progress":43.132}
{"Event":"Restart","Time":5.194,"AdjustCount":5093,"Restarts":73,"Conflicts":20652,"Decisions":55465,"Propagations":15506642,"Vars":11634,"Clauses":33435,"Literals":78775,"LEARNT_Limit":37958,"LEARNT_Clauses":19545,"LEARNT_Lit/Cl":42,"Progress":43.132}
{"Event":"Restart","Time":5.272,"AdjustCount":4893,"Restarts":74,"Conflicts":20852,"Decisions":55751,"Propagations":15713921,"Vars":11634,"Clauses":33435,"Literals":78775,"LEARNT_Limit":37958,"LEARNT_Clauses":19745,"LEARNT_Lit/Cl":42,"Progress":43.132}
{"Event":"Restart","Time":5.305,"AdjustCount":4793,"Restarts":75,"Conflicts":20952,"Decisions":56048,"Propagations":15776597,"Vars":11634,"Clauses":33435,"Literals":78775,"LEARNT_Limit":37958,"LEARNT_Clauses":19845,"LEARNT_Lit/Cl":42,"Progress":43.132}
{"Event":"Restart","Time":5.339,"AdjustCount":4692,"Restarts":76,"Conflicts":21053,"Decisions":56349,"Propagations":15862097,"Vars":11634,"Clauses":33435,"Literals":78775,"LEARNT_Limit":37958,"LEARNT_Clauses":19946,"LEARNT_Lit/Cl":42,"Progress":43.132}
{"Event":"Restart","Time":5.426,"AdjustCount":4491,"Restarts":77,"Conflicts":21254,"Decisions":56716,"Propagations":16068137,"Vars":11634,"Clauses":33305,"Literals":78474,"LEARNT_Limit":37958,"LEARNT_Clauses":20132,"LEARNT_Lit/Cl":42,"Progress":43.132}
{"Event":"Restart","Time":5.571,"AdjustCount":4089,"Restarts":78,"Conflicts":21656,"Decisions":57833,"Propagations":16415885,"Vars":11634,"Clauses":33305,"Literals":78474,"LEARNT_Limit":37958,"LEARNT_Clauses":20534,"LEARNT_Lit/Cl":42,"Progress":43.132}
{"Event":"Restart","Time":5.845,"AdjustCount":3289,"Restarts":79,"Conflicts":22456,"Decisions":59266,"Propagations":17125446,"Vars":11634,"Clauses":33305,"Literals":78474,"LEARNT_Limit":37958,"LEARNT_Clauses":21334,"LEARNT_Lit/Cl":42,"Progress":43.132}
{"Event":"Restart","Time":5.883,"AdjustCount":3189,"Restarts":80,"Conflicts":22556,"Decisions":59447,"Propagations":17230369,"Vars":11634,"Clauses":33305,"Literals":78474,"LEARNT_Limit":37958,"LEARNT_Clauses":21434,"LEARNT_Lit/Cl":42,"Progress":43.132}
{"Event":"Restart","Time":5.920,"AdjustCount":3088,"Restarts":81,"Conflicts":22657,"Decisions":59654,"Propagations":17302456,"Vars":11634,"Clauses":33305,"Literals":78474,"LEARNT_Limit":37958,"LEARNT_Clauses":21535,"LEARNT_Lit/Cl":42,"Progress":43.132}
{"Event":"Restart","Time":5.998,"AdjustCount":2887,"Restarts":82,"Conflicts":22858,"Decisions":60013,"Propagations":17496305,"Vars":11634,"Clauses":33305,"Literals":78474,"LEARNT_Limit":37958,"LEARNT_Clauses":21736,"LEARNT_Lit/Cl":42,"Progress":43.132}
{"Event":"Restart","Time":6.029,"AdjustCount":2787,"Restarts":83,"Conflicts":22958,"Decisions":60211,"Propagations":17571793,"Vars":11634,"Clauses":33305,"Literals":78474,"LEARNT_Limit":37958,"LEARNT_Clauses":21836,"LEARNT_Lit/Cl":42,"Progress":43.132}
{"Event":"Restart","Time":6.071,"AdjustCount":2686,"Restarts":84,"Conflicts":23059,"Decisions":60373,"Propagations":17664813,"Vars":11634,"Clauses":33305,"Literals":78474,"LEARNT_Limit":37958,"LEARNT_Clauses":21937,"LEARNT_Lit/Cl":42,"Progress":43.132}
{"Event":"Restart","Time":6.179,"AdjustCount":2485,"Restarts":85,"Conflicts":23260,"Decisions":60778,"Propagations":17885821,"Vars":11630,"Clauses":33293,"Literals":78447,"LEARNT_Limit":37958,"LEARNT_Clauses":21971,"LEARNT_Lit/Cl":42,"Progress":43.152}
{"Event":"Restart","Time":6.332,"AdjustCount":2084,"Restarts":86,"Conflicts":23661,"Decisions":61463,"Propagations":18298646,"Vars":11630,"Clauses":33293,"Literals":78447,"LEARNT_Limit":37958,"LEARNT_Clauses":22372,"LEARNT_Lit/Cl":42,"Progress":43.152}
{"Event":"Restart","Time":6.377,"AdjustCount":1983,"Restarts":87,"Conflicts":23762,"Decisions":61662,"Propagations":18379823,"Vars":11630,"Clauses":33293,"Literals":78447,"LEARNT_Limit":37958,"LEARNT_Clauses":22473,"LEARNT_Lit/Cl":42,"Progress":43.152}
{"Event":"Restart","Time":6.419,"AdjustCount":1883,"Restarts":88,"Conflicts":23862,"Decisions":61861,"Propagations":18489373,"Vars":11630,"Clauses":33293,"Literals":78447,"LEARNT_Limit":37958,"LEARNT_Clauses":22573,"LEARNT_Lit/Cl":42,"Progress":43.152}
{"Event":"Restart","Time":6.500,"AdjustCount":1680,"Restarts":89,"Conflicts":24065,"Decisions":62259,"Propagations":18697706,"Vars":11630,"Clauses":33293,"Literals":78447,"LEARNT_Limit":37958,"LEARNT_Clauses":22776,"LEARNT_Lit/Cl":42,"Progress":43.152}
{"Event":"Restart","Time":6.540,"AdjustCount":1579,"Restarts":90,"Conflicts":24166,"Decisions":62449,"Propagations":18783577,"Vars":11630,"Clauses":33293,"Literals":78447,"LEARNT_Limit":37958,"LEARNT_Clauses":22877,"LEARNT_Lit/Cl":42,"Progress":43.152}
{"Event":"Restart","Time":6.584,"AdjustCount":1479,"Restarts":91,"Conflicts":24266,"Decisions":62737,"Propagations":18881338,"Vars":11630,"Clauses":33293,"Literals":78447,"LEARNT_Limit":37958,"LEARNT_Clauses":22977,"LEARNT_Lit/Cl":42,"Progress":43.152}
{"Event":"Restart","Time":6.659,"AdjustCount":1277,"Restarts":92,"Conflicts":24468,"Decisions":63040,"Propagations":19037438,"Vars":11630,"Clauses":33293,"Literals":78447,"LEARNT_Limit":37958,"LEARNT_Clauses":23179,"LEARNT_Lit/Cl":42,"Progress":43.152}
{"Event":"Restart","Time":6.814,"AdjustCount":877,"Restarts":93,"Conflicts":24868,"Decisions":63624,"Propagations":19407114,"Vars":11630,"Clauses":33293,"Literals":78447,"LEARNT_Limit":37958,"LEARNT_Clauses":23579,"LEARNT_Lit/Cl":42,"Progress":43.152}
{"Event":"Restart","Time":7.170,"AdjustCount":76,"Restarts":94,"Conflicts":25669,"Decisions":64589,"Propagations":20183673,"Vars":11630,"Clauses":33293,"Literals":78447,"LEARNT_Limit":37958,"LEARNT_Clauses":24380,"LEARNT_Lit/Cl":41,"Progress":43.152}
{"Event":"LearnMore","Time":7.195,"AdjustCount":12974,"Restarts":94,"Conflicts":25745,"Decisions":64712,"Propagations":20233963,"Vars":11630,"Clauses":33293,"Literals":78447,"LEARNT_Limit":41754,"LEARNT_Clauses":24456,"LEARNT_Lit/Cl":41,"Progress":43.152}
{"Event":"Restart","Time":7.733,"AdjustCount":11450,"Restarts":95,"Conflicts":27269,"Decisions":66986,"Propagations":21372651,"Vars":11630,"Clauses":33293,"Literals":78447,"LEARNT_Limit":41754,"LEARNT_Clauses":25980,"LEARNT_Lit/Cl":41,"Progress":43.152}
{"Event":"Restart","Time":7.779,"AdjustCount":11349,"Restarts":96,"Conflicts":27370,"Decisions":67156,"Propagations":21466618,"Vars":11630,"Clauses":33293,"Literals":78447,"LEARNT_Limit":41754,"LEARNT_Clauses":26081,"LEARNT_Lit/Cl":41,"Progress":43.152}
{"Event":"Restart","Time":7.832,"AdjustCount":11249,"Restarts":97,"Conflicts":27470,"Decisions":67342,"Propagations":21584547,"Vars":11627,"Clauses":33284,"Literals":78427,"LEARNT_Limit":41754,"LEARNT_Clauses":26180,"LEARNT_Lit/Cl":41,"Progress":43.166}
{"Event":"Restart","Time":7.905,"AdjustCount":11049,"Restarts":98,"Conflicts":27670,"Decisions":67636,"Propagations":21749282,"Vars":11627,"Clauses":33284,"Literals":78427,"LEARNT_Limit":41754,"LEARNT_Clauses":26380,"LEARNT_Lit/Cl":41,"Progress":43.166}
{"Event":"Restart","Time":7.954,"AdjustCount":10947,"Restarts":99,"Conflicts":27772,"Decisions":67848,"Propagations":21862019,"Vars":11627,"Clauses":33284,"Literals":78427,"LEARNT_Limit":41754,"LEARNT_Clauses":26482,"LEARNT_Lit/Cl":41,"Progress":43.166}
{"Event":"Restart","Time":7.996,"AdjustCount":10846,"Restarts":100,"Conflicts":27873,"Decisions":67975,"Propagations":21959203,"Vars":11627,"Clauses":33284,"Literals":78427,"LEARNT_Limit":41754,"LEARNT_Clauses":26583,"LEARNT_Lit/Cl":41,"Progress":43.166}
{"Event":"Restart","Time":8.069,"AdjustCount":10645,"Restarts":101,"Conflicts":28074,"Decisions":68314,"Propagations":22122454,"Vars":11627,"Clauses":33284,"Literals":78427,"LEARNT_Limit":41754,"LEARNT_Clauses":26784,"LEARNT_Lit/Cl":41,"Progress":43.167}
{"Event":"Restart","Time":8.224,"AdjustCount":10244,"Restarts":102,"Conflicts":28475,"Decisions":68991,"Propagations":22498917,"Vars":11627,"Clauses":33284,"Literals":78427,"LEARNT_Limit":41754,"LEARNT_Clauses":27185,"LEARNT_Lit/Cl":41,"Progress":43.166}
{"Event":"Restart","Time":8.269,"AdjustCount":10143,"Restarts":103,"Conflicts":28576,"Decisions":69181,"Propagations":22596897,"Vars":11627,"Clauses":33284,"Literals":78427,"LEARNT_Limit":41754,"LEARNT_Clauses":27286,"LEARNT_Lit/Cl":41,"Progress":43.166}
{"Event":"Restart","Time":8.311,"AdjustCount":10042,"Restarts":104,"Conflicts":28677,"Decisions":69349,"Propagations":22690403,"Vars":11627,"Clauses":33284,"Literals":78427,"LEARNT_Limit":41754,"LEARNT_Clauses":27387,"LEARNT_Lit/Cl":41,"Progress":43.166}
{"Event":"Restart","Time":8.410,"AdjustCount":9842,"Restarts":105,"Conflicts":28877,"Decisions":69630,"Propagations":22867410,"Vars":11627,"Clauses":33284,"Literals":78427,"LEARNT_Limit":41754,"LEARNT_Clauses":27587,"LEARNT_Lit/Cl":41,"Progress":43.166}
{"Event":"Restart","Time":8.458,"AdjustCount":9742,"Restarts":106,"Conflicts":28977,"Decisions":69774,"Propagations":22958893,"Vars":11627,"Clauses":33284,"Literals":78427,"LEARNT_Limit":41754,"LEARNT_Clauses":27687,"LEARNT_Lit/Cl":41,"Progress":43.166}
{"Event":"Restart","Time":8.507,"AdjustCount":9642,"Restarts":107,"Conflicts":29077,"Decisions":69898,"Propagations":23059811,"Vars":11627,"Clauses":33284,"Literals":78427,"LEARNT_Limit":41754,"LEARNT_Clauses":27787,"LEARNT_Lit/Cl":41,"Progress":43.166}
{"Event":"Restart","Time":8.626,"AdjustCount":9442,"Restarts":108,"Conflicts":29277,"Decisions":70158,"Propagations":23339226,"Vars":11627,"Clauses":33284,"Literals":78427,"LEARNT_Limit":41754,"LEARNT_Clauses":27987,"LEARNT_Lit/Cl":41,"Progress":43.166}
{"Event":"Restart","Time":8.825,"AdjustCount":9040,"Restarts":109,"Conflicts":29679,"Decisions":70763,"Propagations":23772640,"Vars":11627,"Clauses":33284,"Literals":78427,"LEARNT_Limit":41754,"LEARNT_Clauses":28389,"LEARNT_Lit/Cl":40,"Progress":43.166}
{"Event":"Restart","Time":9.195,"AdjustCount":8238,"Restarts":110,"Conflicts":30481,"Decisions":72082,"Propagations":24588102,"Vars":11627,"Clauses":33284,"Literals":78427,"LEARNT_Limit":41754,"LEARNT_Clauses":29191,"LEARNT_Lit/Cl":40,"Progress":43.166}
{"Event":"Restart","Time":9.247,"AdjustCount":8138,"Restarts":111,"Conflicts":30581,"Decisions":72195,"Propagations":24697748,"Vars":11627,"Clauses":33284,"Literals":78427,"LEARNT_Limit":41754,"LEARNT_Clauses":29291,"LEARNT_Lit/Cl":40,"Progress":43.166}
{"Event":"Restart","Time":9.300,"AdjustCount":8037,"Restarts":112,"Conflicts":30682,"Decisions":72363,"Propagations":24806307,"Vars":11627,"Clauses":33284,"Literals":78427,"LEARNT_Limit":41754,"LEARNT_Clauses":29392,"LEARNT_Lit/Cl":40,"Progress":43.166}
{"Event":"Restart","Time":9.398,"AdjustCount":7837,"Restarts":113,"Conflicts":30882,"Decisions":72614,"Propagations":25007336,"Vars":11627,"Clauses":33284,"Literals":78427,"LEARNT_Limit":41754,"LEARNT_Clauses":29592,"LEARNT_Lit/Cl":40,"Progress":43.166}
{"Event":"Restart","Time":9.458,"AdjustCount":7737,"Restarts":114,"Conflicts":30982,"Decisions":72750,"Propagations":25132630,"Vars":11627,"Clauses":33284,"Literals":78427,"LEARNT_Limit":41754,"LEARNT_Clauses":29692,"LEARNT_Lit/Cl":40,"Progress":43.166}
{"Event":"Restart","Time":9.514,"AdjustCount":7636,"Restarts":115,"Conflicts":31083,"Decisions":72945,"Propagations":25224762,"Vars":11626,"Clauses":33281,"Literals":78421,"LEARNT_Limit":41754,"LEARNT_Clauses":29789,"LEARNT_Lit/Cl":40,"Progress":43.171}
{"Event":"Restart","Time":9.609,"AdjustCount":7436,"Restarts":116,"Conflicts":31283,"Decisions":73218,"Propagations":25399003,"Vars":11626,"Clauses":33281,"Literals":78421,"LEARNT_Limit":41754,"LEARNT_Clauses":29989,"LEARNT_Lit/Cl":40,"Progress":43.171}
{"Event":"Restart","Time":9.735,"AdjustCount":7036,"Restarts":117,"Conflicts":31683,"Decisions":73861,"Propagations":25698172,"Vars":11626,"Clauses":33281,"Literals":78421,"LEARNT_Limit":41754,"LEARNT_Clauses":30389,"LEARNT_Lit/Cl":40,"Progress":43.171}
{"Event":"Restart","Time":9.787,"AdjustCount":6936,"Restarts":118,"Conflicts":31783,"Decisions":74087,"Propagations":25816846,"Vars":11626,"Clauses":33281,"Literals":78421,"LEARNT_Limit":41754,"LEARNT_Clauses":30489,"LEARNT_Lit/Cl":40,"Progress":43.171}
{"Event":"Restart","Time":9.824,"AdjustCount":6836,"Restarts":119,"Conflicts":31883,"Decisions":74289,"Propagations":25896622,"Vars":11626,"Clauses":33281,"Literals":78421,"LEARNT_Limit":41754,"LEARNT_Clauses":30589,"LEARNT_Lit/Cl":40,"Progress":43.171}
{"Event":"Restart","Time":9.909,"AdjustCount":6635,"Restarts":120,"Conflicts":32084,"Decisions":74519,"Propagations":26069754,"Vars":11626,"Clauses":33281,"Literals":78421,"LEARNT_Limit":41754,"LEARNT_Clauses":30790,"LEARNT_Lit/Cl":40,"Progress":43.171}
{"Event":"Restart","Time":9.957,"AdjustCount":6535,"Restarts":121,"Conflicts":32184,"Decisions":74650,"Propagations":26155883,"Vars":11626,"Clauses":33281,"Literals":78421,"LEARNT_Limit":41754,"LEARNT_Clauses":30890,"LEARNT_Lit/Cl":40,"Progress":43.171}
{"Event":"Restart","Time":10.019,"AdjustCount":6435,"Restarts":122,"Conflicts":32284,"Decisions":74803,"Propagations":26280605,"Vars":11626,"Clauses":33281,"Literals":78421,"LEARNT_Limit":41754,"LEARNT_Clauses":30990,"LEARNT_Lit/Cl":40,"Progress":43.171}
{"Event":"Restart","Time":10.098,"AdjustCount":6234,"Restarts":123,"Conflicts":32485,"Decisions":75108,"Propagations":26422344,"Vars":11626,"Clauses":33281,"Literals":78421,"LEARNT_Limit":41754,"LEARNT_Clauses":31191,"LEARNT_Lit/Cl":40,"Progress":43.171}
{"Event":"Restart","Time":10.257,"AdjustCount":5833,"Restarts":124,"Conflicts":32886,"Decisions":75729,"Propagations":26786200,"Vars":11626,"Clauses":33281,"Literals":78421,"LEARNT_Limit":41754,"LEARNT_Clauses":31592,"LEARNT_Lit/Cl":40,"Progress":43.171}
{"Event":"Restart","Time":10.683,"AdjustCount":5031,"Restarts":125,"Conflicts":33688,"Decisions":76807,"Propagations":27752221,"Vars":11626,"Clauses":33281,"Literals":78421,"LEARNT_Limit":41754,"LEARNT_Clauses":32394,"LEARNT_Lit/Cl":40,"Progress":43.171}
===============================================================================
restarts              : 125
conflicts             : 34564          (3106 /sec)
decisions             : 77941          (0.00 % random) (7003 /sec)
propagations          : 28622678       (2571716 /sec)
conflict literals     : 1367529        (42.80 % deleted)
Memory used           : 15.00 MB
CPU time              : 11.1298 s

UNSATISFIABLE
