WARNING: for repeatability, setting FPU to use double precision
============================[ Problem Statistics ]=============================
|                                                                             |
|  Number of variables:        129762                                         |
|  Number of clauses:          335258                                         |
|  Parse time:                   0.20 s                                       |
|                                                                             |
============================[ Search Statistics ]==============================
| Conflicts |          ORIGINAL         |          LEARNT          | Progress |
|           |    Vars  Clauses Literals |    Limit  Clauses Lit/Cl |          |
===============================================================================
{"Event":"Restart","Time":0.268,"AdjustCount":99,"Restarts":1,"Conflicts":1,"Decisions":45,"Propagations":49447,"Vars":84275,"Clauses":218559,"Literals":508257,"LEARNT_Limit":72853,"LEARNT_Clauses":1,"LEARNT_Lit/Cl":4,"Progress":35.054}
{"Event":"LearnMore","Time":0.289,"AdjustCount":150,"Restarts":1,"Conflicts":100,"Decisions":825,"Propagations":128692,"Vars":84275,"Clauses":218559,"Literals":508257,"LEARNT_Limit":80138,"LEARNT_Clauses":100,"LEARNT_Lit/Cl":8,"Progress":35.054}
{"Event":"Restart","Time":0.290,"AdjustCount":149,"Restarts":2,"Conflicts":101,"Decisions":839,"Propagations":131203,"Vars":84275,"Clauses":218559,"Literals":508257,"LEARNT_Limit":80138,"LEARNT_Clauses":101,"LEARNT_Lit/Cl":8,"Progress":35.054}
{"Event":"Restart","Time":0.304,"AdjustCount":49,"Restarts":3,"Conflicts":201,"Decisions":1265,"Propagations":190998,"Vars":84275,"Clauses":218559,"Literals":508257,"LEARNT_Limit":80138,"LEARNT_Clauses":201,"LEARNT_Lit/Cl":8,"Progress":35.054}
{"Event":"LearnMore","Time":0.319,"AdjustCount":225,"Restarts":3,"Conflicts":250,"Decisions":1902,"Propagations":248727,"Vars":84275,"Clauses":218559,"Literals":508257,"LEARNT_Limit":88152,"LEARNT_Clauses":250,"LEARNT_Lit/Cl":7,"Progress":35.054}
{"Event":"Restart","Time":0.360,"AdjustCount":74,"Restarts":4,"Conflicts":401,"Decisions":3163,"Propagations":404513,"Vars":84275,"Clauses":218559,"Literals":508257,"LEARNT_Limit":88152,"LEARNT_Clauses":401,"LEARNT_Lit/Cl":7,"Progress":35.054}
{"Event":"LearnMore","Time":0.421,"AdjustCount":337,"Restarts":4,"Conflicts":475,"Decisions":4873,"Propagations":637315,"Vars":83864,"Clauses":218559,"Literals":508257,"LEARNT_Limit":96967,"LEARNT_Clauses":474,"LEARNT_Lit/Cl":7,"Progress":35.371}
{"Event":"Restart","Time":0.444,"AdjustCount":311,"Restarts":5,"Conflicts":501,"Decisions":5335,"Propagations":682188,"Vars":83864,"Clauses":217328,"Literals":505440,"LEARNT_Limit":96967,"LEARNT_Clauses":496,"LEARNT_Lit/Cl":7,"Progress":35.371}
{"Event":"Restart","Time":0.484,"AdjustCount":207,"Restarts":6,"Conflicts":605,"Decisions":6114,"Propagations":838064,"Vars":83864,"Clauses":217328,"Literals":505440,"LEARNT_Limit":96967,"LEARNT_Clauses":600,"LEARNT_Lit/Cl":7,"Progress":35.371}
{"Event":"Restart","Time":0.581,"AdjustCount":6,"Restarts":7,"Conflicts":806,"Decisions":8221,"Propagations":1186793,"Vars":83864,"Clauses":217328,"Literals":505440,"LEARNT_Limit":96967,"LEARNT_Clauses":801,"LEARNT_Lit/Cl":8,"Progress":35.371}
{"Event":"LearnMore","Time":0.585,"AdjustCount":506,"Restarts":7,"Conflicts":812,"Decisions":8318,"Propagations":1196286,"Vars":83864,"Clauses":217328,"Literals":505440,"LEARNT_Limit":106664,"LEARNT_Clauses":807,"LEARNT_Lit/Cl":8,"Progress":35.371}
{"Event":"Restart","Time":0.723,"AdjustCount":112,"Restarts":8,"Conflicts":1206,"Decisions":11230,"Propagations":1700707,"Vars":83553,"Clauses":217071,"Literals":504858,"LEARNT_Limit":106664,"LEARNT_Clauses":1196,"LEARNT_Lit/Cl":9,"Progress":35.611}
{"Event":"Restart","Time":0.784,"AdjustCount":12,"Restarts":9,"Conflicts":1306,"Decisions":12197,"Propagations":1881533,"Vars":83553,"Clauses":216411,"Literals":503298,"LEARNT_Limit":106664,"LEARNT_Clauses":1288,"LEARNT_Lit/Cl":9,"Progress":35.611}
{"Event":"LearnMore","Time":0.787,"AdjustCount":759,"Restarts":9,"Conflicts":1318,"Decisions":12224,"Propagations":1891504,"Vars":83553,"Clauses":216411,"Literals":503298,"LEARNT_Limit":117330,"LEARNT_Clauses":1300,"LEARNT_Lit/Cl":9,"Progress":35.611}
{"Event":"Restart","Time":0.821,"AdjustCount":671,"Restarts":10,"Conflicts":1406,"Decisions":12867,"Propagations":2010576,"Vars":83356,"Clauses":216411,"Literals":503298,"LEARNT_Limit":117330,"LEARNT_Clauses":1387,"LEARNT_Lit/Cl":8,"Progress":35.762}
{"Event":"Restart","Time":0.870,"AdjustCount":471,"Restarts":11,"Conflicts":1606,"Decisions":13832,"Propagations":2198018,"Vars":83356,"Clauses":216411,"Literals":503298,"LEARNT_Limit":117330,"LEARNT_Clauses":1587,"LEARNT_Lit/Cl":9,"Progress":35.762}
{"Event":"Restart","Time":0.884,"AdjustCount":371,"Restarts":12,"Conflicts":1706,"Decisions":14132,"Propagations":2256291,"Vars":82693,"Clauses":216411,"Literals":503298,"LEARNT_Limit":117330,"LEARNT_Clauses":1680,"LEARNT_Lit/Cl":8,"Progress":36.273}
{"Event":"Restart","Time":0.922,"AdjustCount":270,"Restarts":13,"Conflicts":1807,"Decisions":14719,"Propagations":2395213,"Vars":82693,"Clauses":216411,"Literals":503298,"LEARNT_Limit":117330,"LEARNT_Clauses":1781,"LEARNT_Lit/Cl":8,"Progress":36.273}
{"Event":"Restart","Time":0.972,"AdjustCount":70,"Restarts":14,"Conflicts":2007,"Decisions":15582,"Propagations":2544707,"Vars":82652,"Clauses":213836,"Literals":497236,"LEARNT_Limit":117330,"LEARNT_Clauses":1947,"LEARNT_Lit/Cl":8,"Progress":36.305}
{"Event":"LearnMore","Time":0.989,"AdjustCount":1139,"Restarts":14,"Conflicts":2077,"Decisions":16009,"Propagations":2608217,"Vars":82652,"Clauses":213836,"Literals":497236,"LEARNT_Limit":129063,"LEARNT_Clauses":2017,"LEARNT_Lit/Cl":8,"Progress":36.305}
{"Event":"Restart","Time":1.066,"AdjustCount":809,"Restarts":15,"Conflicts":2407,"Decisions":17309,"Propagations":2895907,"Vars":82651,"Clauses":213836,"Literals":497236,"LEARNT_Limit":129063,"LEARNT_Clauses":2346,"LEARNT_Lit/Cl":10,"Progress":36.306}
{"Event":"Restart","Time":1.240,"AdjustCount":9,"Restarts":16,"Conflicts":3207,"Decisions":19786,"Propagations":3561347,"Vars":81967,"Clauses":211833,"Literals":492562,"LEARNT_Limit":129063,"LEARNT_Clauses":3083,"LEARNT_Lit/Cl":11,"Progress":36.833}
{"Event":"LearnMore","Time":1.246,"AdjustCount":1708,"Restarts":16,"Conflicts":3216,"Decisions":19965,"Propagations":3583468,"Vars":81967,"Clauses":211833,"Literals":492562,"LEARNT_Limit":141969,"LEARNT_Clauses":3092,"LEARNT_Lit/Cl":11,"Progress":36.833}
{"Event":"Restart","Time":1.281,"AdjustCount":1617,"Restarts":17,"Conflicts":3307,"Decisions":20679,"Propagations":3707304,"Vars":81967,"Clauses":211833,"Literals":492562,"LEARNT_Limit":141969,"LEARNT_Clauses":3183,"LEARNT_Lit/Cl":11,"Progress":36.833}
{"Event":"Restart","Time":1.310,"AdjustCount":1517,"Restarts":18,"Conflicts":3407,"Decisions":21179,"Propagations":3812597,"Vars":81967,"Clauses":211833,"Literals":492562,"LEARNT_Limit":141969,"LEARNT_Clauses":3283,"LEARNT_Lit/Cl":11,"Progress":36.833}
{"Event":"Restart","Time":1.397,"AdjustCount":1316,"Restarts":19,"Conflicts":3608,"Decisions":22664,"Propagations":4098334,"Vars":81774,"Clauses":211833,"Literals":492562,"LEARNT_Limit":141969,"LEARNT_Clauses":3481,"LEARNT_Lit/Cl":10,"Progress":36.982}
{"Event":"Restart","Time":1.670,"AdjustCount":1216,"Restarts":20,"Conflicts":3708,"Decisions":27328,"Propagations":4879674,"Vars":81774,"Clauses":211219,"Literals":491148,"LEARNT_Limit":141969,"LEARNT_Clauses":3483,"LEARNT_Lit/Cl":10,"Progress":36.982}
{"Event":"Restart","Time":1.792,"AdjustCount":1116,"Restarts":21,"Conflicts":3808,"Decisions":29152,"Propagations":5228852,"Vars":81774,"Clauses":211219,"Literals":491148,"LEARNT_Limit":141969,"LEARNT_Clauses":3583,"LEARNT_Lit/Cl":11,"Progress":36.982}
{"Event":"Restart","Time":2.049,"AdjustCount":915,"Restarts":22,"Conflicts":4009,"Decisions":33210,"Propagations":6005113,"Vars":81774,"Clauses":211219,"Literals":491148,"LEARNT_Limit":141969,"LEARNT_Clauses":3784,"LEARNT_Lit/Cl":11,"Progress":36.982}
{"Event":"Restart","Time":2.134,"AdjustCount":515,"Restarts":23,"Conflicts":4409,"Decisions":35146,"Propagations":6326448,"Vars":81774,"Clauses":211219,"Literals":491148,"LEARNT_Limit":141969,"LEARNT_Clauses":4184,"LEARNT_Lit/Cl":11,"Progress":36.982}
{"Event":"Restart","Time":2.146,"AdjustCount":415,"Restarts":24,"Conflicts":4509,"Decisions":35397,"Propagations":6375497,"Vars":81774,"Clauses":211219,"Literals":491148,"LEARNT_Limit":141969,"LEARNT_Clauses":4284,"LEARNT_Lit/Cl":11,"Progress":36.982}
{"Event":"Restart","Time":2.177,"AdjustCount":315,"Restarts":25,"Conflicts":4609,"Decisions":35753,"Propagations":6453849,"Vars":81488,"Clauses":210286,"Literals":488990,"LEARNT_Limit":141969,"LEARNT_Clauses":4302,"LEARNT_Lit/Cl":11,"Progress":37.202}
{"Event":"Restart","Time":2.198,"AdjustCount":114,"Restarts":26,"Conflicts":4810,"Decisions":36362,"Propagations":6550035,"Vars":81488,"Clauses":210286,"Literals":488990,"LEARNT_Limit":141969,"LEARNT_Clauses":4503,"LEARNT_Lit/Cl":10,"Progress":37.202}
{"Event":"Restart","Time":2.212,"AdjustCount":14,"Restarts":27,"Conflicts":4910,"Decisions":36688,"Propagations":6604918,"Vars":81488,"Clauses":210286,"Literals":488990,"LEARNT_Limit":141969,"LEARNT_Clauses":4603,"LEARNT_Lit/Cl":10,"Progress":37.202}
{"Event":"LearnMore","Time":2.214,"AdjustCount":2562,"Restarts":27,"Conflicts":4924,"Decisions":36728,"Propagations":6614057,"Vars":81488,"Clauses":210286,"Literals":488990,"LEARNT_Limit":156166,"LEARNT_Clauses":4617,"LEARNT_Lit/Cl":10,"Progress":37.202}
{"Event":"Restart","Time":2.253,"AdjustCount":2475,"Restarts":28,"Conflicts":5011,"Decisions":37699,"Propagations":6741724,"Vars":81487,"Clauses":210286,"Literals":488990,"LEARNT_Limit":156166,"LEARNT_Clauses":4703,"LEARNT_Lit/Cl":10,"Progress":37.203}
{"Event":"Restart","Time":2.322,"AdjustCount":2275,"Restarts":29,"Conflicts":5211,"Decisions":38961,"Propagations":6954274,"Vars":81487,"Clauses":210283,"Literals":488984,"LEARNT_Limit":156166,"LEARNT_Clauses":4903,"LEARNT_Lit/Cl":10,"Progress":37.203}
{"Event":"Restart","Time":2.397,"AdjustCount":1875,"Restarts":30,"Conflicts":5611,"Decisions":40361,"Propagations":7209446,"Vars":81487,"Clauses":210283,"Literals":488984,"LEARNT_Limit":156166,"LEARNT_Clauses":5303,"LEARNT_Lit/Cl":10,"Progress":37.203}
{"Event":"Restart","Time":2.538,"AdjustCount":1073,"Restarts":31,"Conflicts":6413,"Decisions":43325,"Propagations":7718727,"Vars":81251,"Clauses":209512,"Literals":487201,"LEARNT_Limit":156166,"LEARNT_Clauses":5963,"LEARNT_Lit/Cl":10,"Progress":37.385}
{"Event":"LearnMore","Time":2.799,"AdjustCount":3844,"Restarts":31,"Conflicts":7486,"Decisions":48835,"Propagations":8675968,"Vars":80224,"Clauses":209512,"Literals":487201,"LEARNT_Limit":171783,"LEARNT_Clauses":7031,"LEARNT_Lit/Cl":10,"Progress":38.176}
{"Event":"Restart","Time":2.930,"AdjustCount":3317,"Restarts":32,"Conflicts":8013,"Decisions":51245,"Propagations":9089415,"Vars":80224,"Clauses":206475,"Literals":480119,"LEARNT_Limit":171783,"LEARNT_Clauses":7369,"LEARNT_Lit/Cl":10,"Progress":38.176}
{"Event":"Restart","Time":2.961,"AdjustCount":3217,"Restarts":33,"Conflicts":8113,"Decisions":51723,"Propagations":9185035,"Vars":80224,"Clauses":206475,"Literals":480119,"LEARNT_Limit":171783,"LEARNT_Clauses":7469,"LEARNT_Lit/Cl":10,"Progress":38.176}
{"Event":"Restart","Time":2.989,"AdjustCount":3117,"Restarts":34,"Conflicts":8213,"Decisions":52483,"Propagations":9284464,"Vars":80224,"Clauses":206475,"Literals":480119,"LEARNT_Limit":171783,"LEARNT_Clauses":7569,"LEARNT_Lit/Cl":10,"Progress":38.176}
{"Event":"Restart","Time":3.049,"AdjustCount":2917,"Restarts":35,"Conflicts":8413,"Decisions":53916,"Propagations":9503003,"Vars":79927,"Clauses":206475,"Literals":480119,"LEARNT_Limit":171783,"LEARNT_Clauses":7766,"LEARNT_Lit/Cl":10,"Progress":38.405}
{"Event":"Restart","Time":3.076,"AdjustCount":2817,"Restarts":36,"Conflicts":8513,"Decisions":54339,"Propagations":9597288,"Vars":79927,"Clauses":206475,"Literals":480119,"LEARNT_Limit":171783,"LEARNT_Clauses":7866,"LEARNT_Lit/Cl":10,"Progress":38.405}
{"Event":"Restart","Time":3.292,"AdjustCount":2716,"Restarts":37,"Conflicts":8614,"Decisions":57111,"Propagations":10180278,"Vars":79927,"Clauses":205659,"Literals":478175,"LEARNT_Limit":171783,"LEARNT_Clauses":7949,"LEARNT_Lit/Cl":10,"Progress":38.405}
{"Event":"Restart","Time":3.351,"AdjustCount":2514,"Restarts":38,"Conflicts":8816,"Decisions":58151,"Propagations":10408404,"Vars":79927,"Clauses":205659,"Literals":478175,"LEARNT_Limit":171783,"LEARNT_Clauses":8151,"LEARNT_Lit/Cl":10,"Progress":38.405}
{"Event":"Restart","Time":3.474,"AdjustCount":2113,"Restarts":39,"Conflicts":9217,"Decisions":60455,"Propagations":10814404,"Vars":79815,"Clauses":205316,"Literals":477397,"LEARNT_Limit":171783,"LEARNT_Clauses":8392,"LEARNT_Lit/Cl":10,"Progress":38.491}
{"Event":"Restart","Time":3.487,"AdjustCount":2013,"Restarts":40,"Conflicts":9317,"Decisions":60698,"Propagations":10870230,"Vars":79815,"Clauses":205316,"Literals":477397,"LEARNT_Limit":171783,"LEARNT_Clauses":8492,"LEARNT_Lit/Cl":10,"Progress":38.491}
{"Event":"Restart","Time":3.507,"AdjustCount":1913,"Restarts":41,"Conflicts":9417,"Decisions":60965,"Propagations":10948480,"Vars":79815,"Clauses":205316,"Literals":477397,"LEARNT_Limit":171783,"LEARNT_Clauses":8592,"LEARNT_Lit/Cl":10,"Progress":38.491}
{"Event":"Restart","Time":3.620,"AdjustCount":1713,"Restarts":42,"Conflicts":9617,"Decisions":63239,"Propagations":11334206,"Vars":79815,"Clauses":205316,"Literals":477397,"LEARNT_Limit":171783,"LEARNT_Clauses":8792,"LEARNT_Lit/Cl":10,"Progress":38.491}
{"Event":"Restart","Time":3.717,"AdjustCount":1613,"Restarts":43,"Conflicts":9717,"Decisions":65092,"Propagations":11609438,"Vars":79725,"Clauses":205081,"Literals":476827,"LEARNT_Limit":171783,"LEARNT_Clauses":8890,"LEARNT_Lit/Cl":10,"Progress":38.561}
{"Event":"Restart","Time":3.736,"AdjustCount":1512,"Restarts":44,"Conflicts":9818,"Decisions":65501,"Propagations":11685060,"Vars":79725,"Clauses":205081,"Literals":476827,"LEARNT_Limit":171783,"LEARNT_Clauses":8991,"LEARNT_Lit/Cl":10,"Progress":38.561}
{"Event":"Restart","Time":3.772,"AdjustCount":1310,"Restarts":45,"Conflicts":10020,"Decisions":66174,"Propagations":11827788,"Vars":79564,"Clauses":205081,"Literals":476827,"LEARNT_Limit":171783,"LEARNT_Clauses":9191,"LEARNT_Lit/Cl":10,"Progress":38.685}
{"Event":"Restart","Time":3.858,"AdjustCount":910,"Restarts":46,"Conflicts":10420,"Decisions":67572,"Propagations":12131999,"Vars":79564,"Clauses":204626,"Literals":475745,"LEARNT_Limit":171783,"LEARNT_Clauses":9566,"LEARNT_Lit/Cl":10,"Progress":38.685}
{"Event":"Restart","Time":4.112,"AdjustCount":106,"Restarts":47,"Conflicts":11224,"Decisions":71111,"Propagations":13022918,"Vars":78865,"Clauses":202422,"Literals":470624,"LEARNT_Limit":171783,"LEARNT_Clauses":10029,"LEARNT_Lit/Cl":10,"Progress":39.223}
{"Event":"Restart","Time":4.170,"AdjustCount":4,"Restarts":48,"Conflicts":11326,"Decisions":71918,"Propagations":13214933,"Vars":78725,"Clauses":202422,"Literals":470624,"LEARNT_Limit":171783,"LEARNT_Clauses":10129,"LEARNT_Lit/Cl":10,"Progress":39.331}
{"Event":"LearnMore","Time":4.181,"AdjustCount":5766,"Restarts":48,"Conflicts":11330,"Decisions":72053,"Propagations":13248124,"Vars":78725,"Clauses":202422,"Literals":470624,"LEARNT_Limit":188961,"LEARNT_Clauses":10133,"LEARNT_Lit/Cl":10,"Progress":39.331}
{"Event":"Restart","Time":4.213,"AdjustCount":5669,"Restarts":49,"Conflicts":11427,"Decisions":72572,"Propagations":13370904,"Vars":78537,"Clauses":202422,"Literals":470624,"LEARNT_Limit":188961,"LEARNT_Clauses":10228,"LEARNT_Lit/Cl":10,"Progress":39.476}
{"Event":"Restart","Time":4.320,"AdjustCount":5468,"Restarts":50,"Conflicts":11628,"Decisions":74137,"Propagations":13719429,"Vars":78080,"Clauses":200158,"Literals":465390,"LEARNT_Limit":188961,"LEARNT_Clauses":10223,"LEARNT_Lit/Cl":10,"Progress":39.828}
{"Event":"Restart","Time":4.369,"AdjustCount":5368,"Restarts":51,"Conflicts":11728,"Decisions":74718,"Propagations":13871876,"Vars":78080,"Clauses":200158,"Literals":465390,"LEARNT_Limit":188961,"LEARNT_Clauses":10323,"LEARNT_Lit/Cl":10,"Progress":39.828}
{"Event":"Restart","Time":4.462,"AdjustCount":5268,"Restarts":52,"Conflicts":11828,"Decisions":75982,"Propagations":14151914,"Vars":78080,"Clauses":200158,"Literals":465390,"LEARNT_Limit":188961,"LEARNT_Clauses":10423,"LEARNT_Lit/Cl":10,"Progress":39.828}
{"Event":"Restart","Time":4.495,"AdjustCount":5068,"Restarts":53,"Conflicts":12028,"Decisions":76747,"Propagations":14286926,"Vars":78080,"Clauses":200158,"Literals":465390,"LEARNT_Limit":188961,"LEARNT_Clauses":10623,"LEARNT_Lit/Cl":10,"Progress":39.828}
{"Event":"Restart","Time":4.595,"AdjustCount":4667,"Restarts":54,"Conflicts":12429,"Decisions":78618,"Propagations":14604698,"Vars":78039,"Clauses":200027,"Literals":465089,"LEARNT_Limit":188961,"LEARNT_Clauses":10995,"LEARNT_Lit/Cl":10,"Progress":39.860}
{"Event":"Restart","Time":4.610,"AdjustCount":4567,"Restarts":55,"Conflicts":12529,"Decisions":78949,"Propagations":14672693,"Vars":78039,"Clauses":200027,"Literals":465089,"LEARNT_Limit":188961,"LEARNT_Clauses":11095,"LEARNT_Lit/Cl":10,"Progress":39.860}
{"Event":"Restart","Time":4.632,"AdjustCount":4467,"Restarts":56,"Conflicts":12629,"Decisions":79213,"Propagations":14757431,"Vars":78039,"Clauses":200027,"Literals":465089,"LEARNT_Limit":188961,"LEARNT_Clauses":11195,"LEARNT_Lit/Cl":10,"Progress":39.860}
{"Event":"Restart","Time":4.687,"AdjustCount":4267,"Restarts":57,"Conflicts":12829,"Decisions":80240,"Propagations":14951871,"Vars":78039,"Clauses":200027,"Literals":465089,"LEARNT_Limit":188961,"LEARNT_Clauses":11395,"LEARNT_Lit/Cl":10,"Progress":39.860}
{"Event":"Restart","Time":4.754,"AdjustCount":4167,"Restarts":58,"Conflicts":12929,"Decisions":81269,"Propagations":15148870,"Vars":78039,"Clauses":200027,"Literals":465089,"LEARNT_Limit":188961,"LEARNT_Clauses":11495,"LEARNT_Lit/Cl":10,"Progress":39.860}
{"Event":"Restart","Time":4.780,"AdjustCount":4067,"Restarts":59,"Conflicts":13029,"Decisions":81672,"Propagations":15243417,"Vars":78039,"Clauses":200027,"Literals":465089,"LEARNT_Limit":188961,"LEARNT_Clauses":11595,"LEARNT_Lit/Cl":10,"Progress":39.860}
{"Event":"Restart","Time":4.824,"AdjustCount":3867,"Restarts":60,"Conflicts":13229,"Decisions":82562,"Propagations":15426881,"Vars":78039,"Clauses":200027,"Literals":465089,"LEARNT_Limit":188961,"LEARNT_Clauses":11795,"LEARNT_Lit/Cl":10,"Progress":39.860}
{"Event":"Restart","Time":4.902,"AdjustCount":3466,"Restarts":61,"Conflicts":13630,"Decisions":84079,"Propagations":15713176,"Vars":78039,"Clauses":200027,"Literals":465089,"LEARNT_Limit":188961,"LEARNT_Clauses":12196,"LEARNT_Lit/Cl":10,"Progress":39.860}
{"Event":"Restart","Time":5.112,"AdjustCount":2664,"Restarts":62,"Conflicts":14432,"Decisions":86613,"Propagations":16437080,"Vars":78009,"Clauses":199918,"Literals":464841,"LEARNT_Limit":188961,"LEARNT_Clauses":12905,"LEARNT_Lit/Cl":10,"Progress":39.883}
{"Event":"Restart","Time":5.562,"AdjustCount":1064,"Restarts":63,"Conflicts":16032,"Decisions":94518,"Propagations":18070384,"Vars":77967,"Clauses":199783,"Literals":464533,"LEARNT_Limit":188961,"LEARNT_Clauses":14456,"LEARNT_Lit/Cl":10,"Progress":39.915}
{"Event":"LearnMore","Time":5.763,"AdjustCount":8649,"Restarts":63,"Conflicts":17096,"Decisions":98146,"Propagations":18843987,"Vars":77967,"Clauses":199783,"Literals":464533,"LEARNT_Limit":207858,"LEARNT_Clauses":15520,"LEARNT_Lit/Cl":10,"Progress":39.915}
{"Event":"Restart","Time":6.246,"AdjustCount":6513,"Restarts":64,"Conflicts":19232,"Decisions":105466,"Propagations":20600020,"Vars":77914,"Clauses":199604,"Literals":464123,"LEARNT_Limit":207858,"LEARNT_Clauses":17572,"LEARNT_Lit/Cl":10,"Progress":39.956}
{"Event":"Restart","Time":6.278,"AdjustCount":6413,"Restarts":65,"Conflicts":19332,"Decisions":106150,"Propagations":20709771,"Vars":77914,"Clauses":199604,"Literals":464123,"LEARNT_Limit":207858,"LEARNT_Clauses":17672,"LEARNT_Lit/Cl":10,"Progress":39.956}
{"Event":"Restart","Time":6.339,"AdjustCount":6313,"Restarts":66,"Conflicts":19432,"Decisions":107253,"Propagations":20900380,"Vars":77914,"Clauses":199604,"Literals":464123,"LEARNT_Limit":207858,"LEARNT_Clauses":17772,"LEARNT_Lit/Cl":10,"Progress":39.956}
{"Event":"Restart","Time":6.371,"AdjustCount":6113,"Restarts":67,"Conflicts":19632,"Decisions":107856,"Propagations":21036016,"Vars":77914,"Clauses":199604,"Literals":464123,"LEARNT_Limit":207858,"LEARNT_Clauses":17972,"LEARNT_Lit/Cl":10,"Progress":39.956}
{"Event":"Restart","Time":6.398,"AdjustCount":6012,"Restarts":68,"Conflicts":19733,"Decisions":108547,"Propagations":21137425,"Vars":77914,"Clauses":199604,"Literals":464123,"LEARNT_Limit":207858,"LEARNT_Clauses":18073,"LEARNT_Lit/Cl":10,"Progress":39.956}
{"Event":"Restart","Time":6.425,"AdjustCount":5911,"Restarts":69,"Conflicts":19834,"Decisions":109079,"Propagations":21236839,"Vars":77914,"Clauses":199604,"Literals":464123,"LEARNT_Limit":207858,"LEARNT_Clauses":18174,"LEARNT_Lit/Cl":10,"Progress":39.956}
{"Event":"Restart","Time":6.466,"AdjustCount":5711,"Restarts":70,"Conflicts":20034,"Decisions":109937,"Propagations":21388327,"Vars":77914,"Clauses":199604,"Literals":464123,"LEARNT_Limit":207858,"LEARNT_Clauses":18374,"LEARNT_Lit/Cl":10,"Progress":39.956}
{"Event":"Restart","Time":6.614,"AdjustCount":5311,"Restarts":71,"Conflicts":20434,"Decisions":112537,"Propagations":21866677,"Vars":77886,"Clauses":199505,"Literals":463897,"LEARNT_Limit":207858,"LEARNT_Clauses":18688,"LEARNT_Lit/Cl":10,"Progress":39.978}
{"Event":"Restart","Time":6.636,"AdjustCount":5211,"Restarts":72,"Conflicts":20534,"Decisions":112949,"Propagations":21949946,"Vars":77886,"Clauses":199505,"Literals":463897,"LEARNT_Limit":207858,"LEARNT_Clauses":18788,"LEARNT_Lit/Cl":10,"Progress":39.978}
{"Event":"Restart","Time":6.680,"AdjustCount":5110,"Restarts":73,"Conflicts":20635,"Decisions":113704,"Propagations":22105778,"Vars":77886,"Clauses":199505,"Literals":463897,"LEARNT_Limit":207858,"LEARNT_Clauses":18889,"LEARNT_Lit/Cl":10,"Progress":39.978}
{"Event":"Restart","Time":6.717,"AdjustCount":4909,"Restarts":74,"Conflicts":20836,"Decisions":114296,"Propagations":22242252,"Vars":77886,"Clauses":199505,"Literals":463897,"LEARNT_Limit":207858,"LEARNT_Clauses":19090,"LEARNT_Lit/Cl":10,"Progress":39.978}
{"Event":"Restart","Time":6.734,"AdjustCount":4808,"Restarts":75,"Conflicts":20937,"Decisions":114630,"Propagations":22304497,"Vars":77886,"Clauses":199505,"Literals":463897,"LEARNT_Limit":207858,"LEARNT_Clauses":19191,"LEARNT_Lit/Cl":10,"Progress":39.978}
{"Event":"Restart","Time":6.767,"AdjustCount":4708,"Restarts":76,"Conflicts":21037,"Decisions":115315,"Propagations":22417684,"Vars":77886,"Clauses":199505,"Literals":463897,"LEARNT_Limit":207858,"LEARNT_Clauses":19291,"LEARNT_Lit/Cl":10,"Progress":39.978}
{"Event":"Restart","Time":6.815,"AdjustCount":4508,"Restarts":77,"Conflicts":21237,"Decisions":116034,"Propagations":22594248,"Vars":77886,"Clauses":199505,"Literals":463897,"LEARNT_Limit":207858,"LEARNT_Clauses":19491,"LEARNT_Lit/Cl":10,"Progress":39.978}
{"Event":"Restart","Time":6.878,"AdjustCount":4108,"Restarts":78,"Conflicts":21637,"Decisions":117134,"Propagations":22847455,"Vars":77886,"Clauses":199505,"Literals":463897,"LEARNT_Limit":207858,"LEARNT_Clauses":19891,"LEARNT_Lit/Cl":10,"Progress":39.978}
{"Event":"Restart","Time":7.121,"AdjustCount":3308,"Restarts":79,"Conflicts":22437,"Decisions":120431,"Propagations":23785228,"Vars":77886,"Clauses":199505,"Literals":463897,"LEARNT_Limit":207858,"LEARNT_Clauses":20691,"LEARNT_Lit/Cl":10,"Progress":39.978}
{"Event":"Restart","Time":7.147,"AdjustCount":3207,"Restarts":80,"Conflicts":22538,"Decisions":120897,"Propagations":23876661,"Vars":77886,"Clauses":199505,"Literals":463897,"LEARNT_Limit":207858,"LEARNT_Clauses":20792,"LEARNT_Lit/Cl":10,"Progress":39.978}
{"Event":"Restart","Time":7.170,"AdjustCount":3106,"Restarts":81,"Conflicts":22639,"Decisions":121255,"Propagations":23952631,"Vars":77886,"Clauses":199505,"Literals":463897,"LEARNT_Limit":207858,"LEARNT_Clauses":20893,"LEARNT_Lit/Cl":10,"Progress":39.978}
{"Event":"Restart","Time":7.209,"AdjustCount":2905,"Restarts":82,"Conflicts":22840,"Decisions":122260,"Propagations":24096720,"Vars":77886,"Clauses":199505,"Literals":463897,"LEARNT_Limit":207858,"LEARNT_Clauses":21094,"LEARNT_Lit/Cl":10,"Progress":39.978}
{"Event":"Restart","Time":7.237,"AdjustCount":2805,"Restarts":83,"Conflicts":22940,"Decisions":122733,"Propagations":24201372,"Vars":77886,"Clauses":199505,"Literals":463897,"LEARNT_Limit":207858,"LEARNT_Clauses":21194,"LEARNT_Lit/Cl":10,"Progress":39.978}
{"Event":"Restart","Time":7.250,"AdjustCount":2704,"Restarts":84,"Conflicts":23041,"Decisions":123089,"Propagations":24256857,"Vars":77886,"Clauses":199505,"Literals":463897,"LEARNT_Limit":207858,"LEARNT_Clauses":21295,"LEARNT_Lit/Cl":10,"Progress":39.978}
{"Event":"Restart","Time":7.296,"AdjustCount":2504,"Restarts":85,"Conflicts":23241,"Decisions":123967,"Propagations":24436258,"Vars":77886,"Clauses":199505,"Literals":463897,"LEARNT_Limit":207858,"LEARNT_Clauses":21495,"LEARNT_Lit/Cl":10,"Progress":39.978}
{"Event":"Restart","Time":7.404,"AdjustCount":2104,"Restarts":86,"Conflicts":23641,"Decisions":125571,"Propagations":24843497,"Vars":77886,"Clauses":199505,"Literals":463897,"LEARNT_Limit":207858,"LEARNT_Clauses":21895,"LEARNT_Lit/Cl":10,"Progress":39.978}
{"Event":"Restart","Time":7.425,"AdjustCount":2004,"Restarts":87,"Conflicts":23741,"Decisions":125846,"Propagations":24920525,"Vars":77886,"Clauses":199505,"Literals":463897,"LEARNT_Limit":207858,"LEARNT_Clauses":21995,"LEARNT_Lit/Cl":10,"Progress":39.978}
{"Event":"Restart","Time":7.468,"AdjustCount":1902,"Restarts":88,"Conflicts":23843,"Decisions":126831,"Propagations":25075041,"Vars":77886,"Clauses":199505,"Literals":463897,"LEARNT_Limit":207858,"LEARNT_Clauses":22097,"LEARNT_Lit/Cl":10,"Progress":39.978}
{"Event":"Restart","Time":7.544,"AdjustCount":1702,"Restarts":89,"Conflicts":24043,"Decisions":128138,"Propagations":25349488,"Vars":77886,"Clauses":199505,"Literals":463897,"LEARNT_Limit":207858,"LEARNT_Clauses":22297,"LEARNT_Lit/Cl":10,"Progress":39.978}
{"Event":"Restart","Time":7.569,"AdjustCount":1602,"Restarts":90,"Conflicts":24143,"Decisions":128575,"Propagations":25436690,"Vars":77886,"Clauses":199505,"Literals":463897,"LEARNT_Limit":207858,"LEARNT_Clauses":22397,"LEARNT_Lit/Cl":10,"Progress":39.978}
{"Event":"Restart","Time":7.586,"AdjustCount":1501,"Restarts":91,"Conflicts":24244,"Decisions":128762,"Propagations":25495942,"Vars":77886,"Clauses":199505,"Literals":463897,"LEARNT_Limit":207858,"LEARNT_Clauses":22498,"LEARNT_Lit/Cl":10,"Progress":39.978}
{"Event":"Restart","Time":7.674,"AdjustCount":1301,"Restarts":92,"Conflicts":24444,"Decisions":130013,"Propagations":25760073,"Vars":77607,"Clauses":199452,"Literals":463780,"LEARNT_Limit":207858,"LEARNT_Clauses":22576,"LEARNT_Lit/Cl":10,"Progress":40.193}
{"Event":"Restart","Time":7.770,"AdjustCount":900,"Restarts":93,"Conflicts":24845,"Decisions":131100,"Propagations":26096293,"Vars":77607,"Clauses":199452,"Literals":463780,"LEARNT_Limit":207858,"LEARNT_Clauses":22977,"LEARNT_Lit/Cl":10,"Progress":40.193}
{"Event":"Restart","Time":8.096,"AdjustCount":100,"Restarts":94,"Conflicts":25645,"Decisions":135557,"Propagations":27266671,"Vars":77607,"Clauses":198546,"Literals":461706,"LEARNT_Limit":207858,"LEARNT_Clauses":23302,"LEARNT_Lit/Cl":10,"Progress":40.193}
{"Event":"LearnMore","Time":8.121,"AdjustCount":12974,"Restarts":94,"Conflicts":25745,"Decisions":135945,"Propagations":27364666,"Vars":77607,"Clauses":198546,"Literals":461706,"LEARNT_Limit":228643,"LEARNT_Clauses":23402,"LEARNT_Lit/Cl":10,"Progress":40.193}
{"Event":"Restart","Time":8.497,"AdjustCount":11471,"Restarts":95,"Conflicts":27248,"Decisions":140367,"Propagations":28704537,"Vars":77371,"Clauses":198326,"Literals":461193,"LEARNT_Limit":228643,"LEARNT_Clauses":24825,"LEARNT_Lit/Cl":10,"Progress":40.375}
{"Event":"Restart","Time":8.583,"AdjustCount":11371,"Restarts":96,"Conflicts":27348,"Decisions":141342,"Propagations":29003124,"Vars":77371,"Clauses":198326,"Literals":461193,"LEARNT_Limit":228643,"LEARNT_Clauses":24925,"LEARNT_Lit/Cl":10,"Progress":40.375}
{"Event":"Restart","Time":8.651,"AdjustCount":11270,"Restarts":97,"Conflicts":27449,"Decisions":142166,"Propagations":29207920,"Vars":77066,"Clauses":197363,"Literals":458970,"LEARNT_Limit":228643,"LEARNT_Clauses":24641,"LEARNT_Lit/Cl":10,"Progress":40.610}
{"Event":"Restart","Time":8.691,"AdjustCount":11068,"Restarts":98,"Conflicts":27651,"Decisions":142816,"Propagations":29378217,"Vars":76894,"Clauses":197363,"Literals":458970,"LEARNT_Limit":228643,"LEARNT_Clauses":24841,"LEARNT_Lit/Cl":10,"Progress":40.742}
{"Event":"Restart","Time":8.726,"AdjustCount":10967,"Restarts":99,"Conflicts":27752,"Decisions":143283,"Propagations":29504325,"Vars":76894,"Clauses":197363,"Literals":458970,"LEARNT_Limit":228643,"LEARNT_Clauses":24942,"LEARNT_Lit/Cl":10,"Progress":40.742}
{"Event":"Restart","Time":8.775,"AdjustCount":10866,"Restarts":100,"Conflicts":27853,"Decisions":144219,"Propagations":29676991,"Vars":76894,"Clauses":197363,"Literals":458970,"LEARNT_Limit":228643,"LEARNT_Clauses":25043,"LEARNT_Lit/Cl":10,"Progress":40.742}
{"Event":"Restart","Time":8.839,"AdjustCount":10666,"Restarts":101,"Conflicts":28053,"Decisions":144978,"Propagations":29884553,"Vars":76805,"Clauses":196143,"Literals":456096,"LEARNT_Limit":228643,"LEARNT_Clauses":25062,"LEARNT_Lit/Cl":10,"Progress":40.811}
{"Event":"Restart","Time":8.962,"AdjustCount":10266,"Restarts":102,"Conflicts":28453,"Decisions":146553,"Propagations":30314475,"Vars":76652,"Clauses":196143,"Literals":456096,"LEARNT_Limit":228643,"LEARNT_Clauses":25460,"LEARNT_Lit/Cl":10,"Progress":40.929}
{"Event":"Restart","Time":8.990,"AdjustCount":10165,"Restarts":103,"Conflicts":28554,"Decisions":147017,"Propagations":30412458,"Vars":76652,"Clauses":196143,"Literals":456096,"LEARNT_Limit":228643,"LEARNT_Clauses":25561,"LEARNT_Lit/Cl":10,"Progress":40.929}
{"Event":"Restart","Time":9.013,"AdjustCount":10065,"Restarts":104,"Conflicts":28654,"Decisions":147424,"Propagations":30495092,"Vars":76652,"Clauses":196143,"Literals":456096,"LEARNT_Limit":228643,"LEARNT_Clauses":25661,"LEARNT_Lit/Cl":10,"Progress":40.929}
{"Event":"Restart","Time":9.064,"AdjustCount":9864,"Restarts":105,"Conflicts":28855,"Decisions":147894,"Propagations":30643494,"Vars":76652,"Clauses":195713,"Literals":455070,"LEARNT_Limit":228643,"LEARNT_Clauses":25839,"LEARNT_Lit/Cl":10,"Progress":40.929}
{"Event":"Restart","Time":9.105,"AdjustCount":9764,"Restarts":106,"Conflicts":28955,"Decisions":148610,"Propagations":30780595,"Vars":76652,"Clauses":195713,"Literals":455070,"LEARNT_Limit":228643,"LEARNT_Clauses":25939,"LEARNT_Lit/Cl":10,"Progress":40.929}
{"Event":"Restart","Time":9.173,"AdjustCount":9664,"Restarts":107,"Conflicts":29055,"Decisions":149608,"Propagations":31007141,"Vars":76652,"Clauses":195713,"Literals":455070,"LEARNT_Limit":228643,"LEARNT_Clauses":26039,"LEARNT_Lit/Cl":10,"Progress":40.929}
{"Event":"Restart","Time":9.202,"AdjustCount":9464,"Restarts":108,"Conflicts":29255,"Decisions":150137,"Propagations":31123410,"Vars":76652,"Clauses":195713,"Literals":455070,"LEARNT_Limit":228643,"LEARNT_Clauses":26239,"LEARNT_Lit/Cl":10,"Progress":40.929}
{"Event":"Restart","Time":9.297,"AdjustCount":9062,"Restarts":109,"Conflicts":29657,"Decisions":151213,"Propagations":31483413,"Vars":76652,"Clauses":195713,"Literals":455070,"LEARNT_Limit":228643,"LEARNT_Clauses":26641,"LEARNT_Lit/Cl":10,"Progress":40.929}
{"Event":"Restart","Time":9.565,"AdjustCount":8262,"Restarts":110,"Conflicts":30457,"Decisions":154277,"Propagations":32385467,"Vars":76072,"Clauses":195706,"Literals":455055,"LEARNT_Limit":228643,"LEARNT_Clauses":27430,"LEARNT_Lit/Cl":10,"Progress":41.376}
{"Event":"Restart","Time":9.595,"AdjustCount":8160,"Restarts":111,"Conflicts":30559,"Decisions":154730,"Propagations":32486717,"Vars":76072,"Clauses":195706,"Literals":455055,"LEARNT_Limit":228643,"LEARNT_Clauses":27532,"LEARNT_Lit/Cl":10,"Progress":41.376}
{"Event":"Restart","Time":9.625,"AdjustCount":8060,"Restarts":112,"Conflicts":30659,"Decisions":155209,"Propagations":32592457,"Vars":76072,"Clauses":195706,"Literals":455055,"LEARNT_Limit":228643,"LEARNT_Clauses":27632,"LEARNT_Lit/Cl":10,"Progress":41.376}
{"Event":"Restart","Time":9.684,"AdjustCount":7860,"Restarts":113,"Conflicts":30859,"Decisions":156038,"Propagations":32764627,"Vars":76072,"Clauses":193994,"Literals":451047,"LEARNT_Limit":228643,"LEARNT_Clauses":27435,"LEARNT_Lit/Cl":10,"Progress":41.376}
{"Event":"Restart","Time":9.715,"AdjustCount":7760,"Restarts":114,"Conflicts":30959,"Decisions":156407,"Propagations":32872226,"Vars":76072,"Clauses":193994,"Literals":451047,"LEARNT_Limit":228643,"LEARNT_Clauses":27535,"LEARNT_Lit/Cl":10,"Progress":41.376}
{"Event":"Restart","Time":9.743,"AdjustCount":7660,"Restarts":115,"Conflicts":31059,"Decisions":156910,"Propagations":32977782,"Vars":76072,"Clauses":193994,"Literals":451047,"LEARNT_Limit":228643,"LEARNT_Clauses":27635,"LEARNT_Lit/Cl":10,"Progress":41.376}
{"Event":"Restart","Time":9.812,"AdjustCount":7459,"Restarts":116,"Conflicts":31260,"Decisions":157888,"Propagations":33224507,"Vars":76072,"Clauses":193994,"Literals":451047,"LEARNT_Limit":228643,"LEARNT_Clauses":27836,"LEARNT_Lit/Cl":10,"Progress":41.376}
{"Event":"Restart","Time":9.931,"AdjustCount":7059,"Restarts":117,"Conflicts":31660,"Decisions":159328,"Propagations":33663345,"Vars":75911,"Clauses":193540,"Literals":449979,"LEARNT_Limit":228643,"LEARNT_Clauses":28098,"LEARNT_Lit/Cl":10,"Progress":41.500}
{"Event":"Restart","Time":9.959,"AdjustCount":6959,"Restarts":118,"Conflicts":31760,"Decisions":159580,"Propagations":33761822,"Vars":75911,"Clauses":193540,"Literals":449979,"LEARNT_Limit":228643,"LEARNT_Clauses":28198,"LEARNT_Lit/Cl":10,"Progress":41.500}
{"Event":"Restart","Time":9.990,"AdjustCount":6859,"Restarts":119,"Conflicts":31860,"Decisions":160032,"Propagations":33873101,"Vars":75911,"Clauses":193540,"Literals":449979,"LEARNT_Limit":228643,"LEARNT_Clauses":28298,"LEARNT_Lit/Cl":10,"Progress":41.500}
{"Event":"Restart","Time":10.033,"AdjustCount":6659,"Restarts":120,"Conflicts":32060,"Decisions":160719,"Propagations":34035370,"Vars":75911,"Clauses":193540,"Literals":449979,"LEARNT_Limit":228643,"LEARNT_Clauses":28498,"LEARNT_Lit/Cl":10,"Progress":41.500}
{"Event":"Restart","Time":10.049,"AdjustCount":6559,"Restarts":121,"Conflicts":32160,"Decisions":160937,"Propagations":34098232,"Vars":75911,"Clauses":193540,"Literals":449979,"LEARNT_Limit":228643,"LEARNT_Clauses":28598,"LEARNT_Lit/Cl":10,"Progress":41.500}
{"Event":"Restart","Time":10.066,"AdjustCount":6459,"Restarts":122,"Conflicts":32260,"Decisions":161100,"Propagations":34167446,"Vars":75911,"Clauses":193540,"Literals":449979,"LEARNT_Limit":228643,"LEARNT_Clauses":28698,"LEARNT_Lit/Cl":10,"Progress":41.500}
{"Event":"Restart","Time":10.132,"AdjustCount":6259,"Restarts":123,"Conflicts":32460,"Decisions":161980,"Propagations":34390834,"Vars":75911,"Clauses":193540,"Literals":449979,"LEARNT_Limit":228643,"LEARNT_Clauses":28898,"LEARNT_Lit/Cl":10,"Progress":41.500}
{"Event":"Restart","Time":10.278,"AdjustCount":5859,"Restarts":124,"Conflicts":32860,"Decisions":163451,"Propagations":34912979,"Vars":75911,"Clauses":193540,"Literals":449979,"LEARNT_Limit":228643,"LEARNT_Clauses":29298,"LEARNT_Lit/Cl":10,"Progress":41.500}
{"Event":"Restart","Time":10.556,"AdjustCount":5059,"Restarts":125,"Conflicts":33660,"Decisions":166662,"Propagations":35907404,"Vars":75911,"Clauses":193540,"Literals":449979,"LEARNT_Limit":228643,"LEARNT_Clauses":30098,"LEARNT_Lit/Cl":10,"Progress":41.500}
{"Event":"Restart","Time":11.118,"AdjustCount":3456,"Restarts":126,"Conflicts":35263,"Decisions":172146,"Propagations":37812189,"Vars":75511,"Clauses":192430,"Literals":447314,"LEARNT_Limit":228643,"LEARNT_Clauses":31554,"LEARNT_Lit/Cl":11,"Progress":41.808}
{"Event":"Restart","Time":12.228,"AdjustCount":255,"Restarts":127,"Conflicts":38464,"Decisions":183587,"Propagations":41558405,"Vars":75248,"Clauses":191782,"Literals":445781,"LEARNT_Limit":228643,"LEARNT_Clauses":34548,"LEARNT_Lit/Cl":11,"Progress":42.011}
{"Event":"LearnMore","Time":12.324,"AdjustCount":19461,"Restarts":127,"Conflicts":38719,"Decisions":184773,"Propagations":41878821,"Vars":75248,"Clauses":191782,"Literals":445781,"LEARNT_Limit":251508,"LEARNT_Clauses":34803,"LEARNT_Lit/Cl":11,"Progress":42.011}
{"Event":"Restart","Time":14.459,"AdjustCount":13315,"Restarts":128,"Conflicts":44865,"Decisions":202144,"Propagations":49270672,"Vars":75196,"Clauses":191435,"Literals":444988,"LEARNT_Limit":251508,"LEARNT_Clauses":40823,"LEARNT_Lit/Cl":13,"Progress":42.051}
{"Event":"Restart","Time":14.499,"AdjustCount":13215,"Restarts":129,"Conflicts":44965,"Decisions":202513,"Propagations":49386491,"Vars":75196,"Clauses":191435,"Literals":444988,"LEARNT_Limit":251508,"LEARNT_Clauses":40923,"LEARNT_Lit/Cl":13,"Progress":42.051}
{"Event":"Restart","Time":14.536,"AdjustCount":13115,"Restarts":130,"Conflicts":45065,"Decisions":202779,"Propagations":49504777,"Vars":75196,"Clauses":191435,"Literals":444988,"LEARNT_Limit":251508,"LEARNT_Clauses":41023,"LEARNT_Lit/Cl":13,"Progress":42.051}
{"Event":"Restart","Time":14.582,"AdjustCount":12915,"Restarts":131,"Conflicts":45265,"Decisions":203168,"Propagations":49698181,"Vars":75196,"Clauses":191435,"Literals":444988,"LEARNT_Limit":251508,"LEARNT_Clauses":41223,"LEARNT_Lit/Cl":13,"Progress":42.051}
{"Event":"Restart","Time":14.607,"AdjustCount":12812,"Restarts":132,"Conflicts":45368,"Decisions":203411,"Propagations":49788793,"Vars":75196,"Clauses":191435,"Literals":444988,"LEARNT_Limit":251508,"LEARNT_Clauses":41326,"LEARNT_Lit/Cl":13,"Progress":42.051}
{"Event":"Restart","Time":14.634,"AdjustCount":12712,"Restarts":133,"Conflicts":45468,"Decisions":203649,"Propagations":49873237,"Vars":75196,"Clauses":191435,"Literals":444988,"LEARNT_Limit":251508,"LEARNT_Clauses":41426,"LEARNT_Lit/Cl":13,"Progress":42.051}
{"Event":"Restart","Time":14.734,"AdjustCount":12511,"Restarts":134,"Conflicts":45669,"Decisions":204443,"Propagations":50157381,"Vars":75114,"Clauses":191141,"Literals":444316,"LEARNT_Limit":251508,"LEARNT_Clauses":41343,"LEARNT_Lit/Cl":13,"Progress":42.114}
{"Event":"Restart","Time":14.875,"AdjustCount":12111,"Restarts":135,"Conflicts":46069,"Decisions":205952,"Propagations":50655930,"Vars":74708,"Clauses":191141,"Literals":444316,"LEARNT_Limit":251508,"LEARNT_Clauses":41739,"LEARNT_Lit/Cl":13,"Progress":42.427}
{"Event":"Restart","Time":14.915,"AdjustCount":12011,"Restarts":136,"Conflicts":46169,"Decisions":206323,"Propagations":50781770,"Vars":74708,"Clauses":191141,"Literals":444316,"LEARNT_Limit":251508,"LEARNT_Clauses":41839,"LEARNT_Lit/Cl":13,"Progress":42.427}
{"Event":"Restart","Time":14.973,"AdjustCount":11911,"Restarts":137,"Conflicts":46269,"Decisions":206600,"Propagations":50937739,"Vars":74660,"Clauses":189935,"Literals":441407,"LEARNT_Limit":251508,"LEARNT_Clauses":41744,"LEARNT_Lit/Cl":13,"Progress":42.464}
{"Event":"Restart","Time":15.049,"AdjustCount":11710,"Restarts":138,"Conflicts":46470,"Decisions":207222,"Propagations":51176020,"Vars":74660,"Clauses":189935,"Literals":441407,"LEARNT_Limit":251508,"LEARNT_Clauses":41945,"LEARNT_Lit/Cl":13,"Progress":42.464}
{"Event":"Restart","Time":15.098,"AdjustCount":11610,"Restarts":139,"Conflicts":46570,"Decisions":207780,"Propagations":51366489,"Vars":74611,"Clauses":189935,"Literals":441407,"LEARNT_Limit":251508,"LEARNT_Clauses":42043,"LEARNT_Lit/Cl":13,"Progress":42.502}
{"Event":"Restart","Time":15.144,"AdjustCount":11510,"Restarts":140,"Conflicts":46670,"Decisions":208130,"Propagations":51544058,"Vars":74611,"Clauses":189935,"Literals":441407,"LEARNT_Limit":251508,"LEARNT_Clauses":42143,"LEARNT_Lit/Cl":13,"Progress":42.502}
{"Event":"Restart","Time":15.232,"AdjustCount":11310,"Restarts":141,"Conflicts":46870,"Decisions":208606,"Propagations":51850183,"Vars":74407,"Clauses":189935,"Literals":441407,"LEARNT_Limit":251508,"LEARNT_Clauses":42342,"LEARNT_Lit/Cl":13,"Progress":42.659}
{"Event":"Restart","Time":15.501,"AdjustCount":10909,"Restarts":142,"Conflicts":47271,"Decisions":210060,"Propagations":52810936,"Vars":74407,"Clauses":189049,"Literals":439395,"LEARNT_Limit":251508,"LEARNT_Clauses":41634,"LEARNT_Lit/Cl":13,"Progress":42.659}
{"Event":"Restart","Time":15.830,"AdjustCount":10108,"Restarts":143,"Conflicts":48072,"Decisions":212375,"Propagations":53836153,"Vars":74143,"Clauses":188159,"Literals":437365,"LEARNT_Limit":251508,"LEARNT_Clauses":41680,"LEARNT_Lit/Cl":13,"Progress":42.862}
{"Event":"Restart","Time":15.875,"AdjustCount":10008,"Restarts":144,"Conflicts":48172,"Decisions":212836,"Propagations":54016769,"Vars":73752,"Clauses":188159,"Literals":437365,"LEARNT_Limit":251508,"LEARNT_Clauses":41774,"LEARNT_Lit/Cl":13,"Progress":43.164}
{"Event":"Restart","Time":15.917,"AdjustCount":9908,"Restarts":145,"Conflicts":48272,"Decisions":213253,"Propagations":54153912,"Vars":73745,"Clauses":188159,"Literals":437365,"LEARNT_Limit":251508,"LEARNT_Clauses":41873,"LEARNT_Lit/Cl":13,"Progress":43.169}
{"Event":"Restart","Time":15.998,"AdjustCount":9708,"Restarts":146,"Conflicts":48472,"Decisions":213747,"Propagations":54456512,"Vars":73745,"Clauses":188159,"Literals":437365,"LEARNT_Limit":251508,"LEARNT_Clauses":42073,"LEARNT_Lit/Cl":13,"Progress":43.169}
{"Event":"Restart","Time":16.046,"AdjustCount":9608,"Restarts":147,"Conflicts":48572,"Decisions":214209,"Propagations":54629200,"Vars":73455,"Clauses":188159,"Literals":437365,"LEARNT_Limit":251508,"LEARNT_Clauses":42168,"LEARNT_Lit/Cl":13,"Progress":43.393}
{"Event":"Restart","Time":16.083,"AdjustCount":9504,"Restarts":148,"Conflicts":48676,"Decisions":214426,"Propagations":54763566,"Vars":73455,"Clauses":188159,"Literals":437365,"LEARNT_Limit":251508,"LEARNT_Clauses":42272,"LEARNT_Lit/Cl":13,"Progress":43.393}
{"Event":"Restart","Time":16.171,"AdjustCount":9302,"Restarts":149,"Conflicts":48878,"Decisions":214958,"Propagations":55037079,"Vars":73250,"Clauses":185979,"Literals":432354,"LEARNT_Limit":251508,"LEARNT_Clauses":41265,"LEARNT_Lit/Cl":13,"Progress":43.551}
===============================================================================
restarts              : 149
conflicts             : 49169          (3016 /sec)
decisions             : 215514         (0.00 % random) (13219 /sec)
propagations          : 55529007       (3406109 /sec)
conflict literals     : 640479         (21.37 % deleted)
Memory used           : 35.00 MB
CPU time              : 16.3028 s

UNSATISFIABLE
