WARNING: for repeatability, setting FPU to use double precision
============================[ Problem Statistics ]=============================
|                                                                             |
|  Number of variables:            72                                         |
|  Number of clauses:             297                                         |
|  Parse time:                   0.00 s                                       |
|                                                                             |
============================[ Search Statistics ]==============================
| Conflicts |          ORIGINAL         |          LEARNT          | Progress |
|           |    Vars  Clauses Literals |    Limit  Clauses Lit/Cl |          |
===============================================================================
{"Event":"Restart","Time":0.000,"AdjustCount":99,"Restarts":1,"Conflicts":1,"Decisions":29,"Propagations":71,"Vars":72,"Clauses":297,"Literals":648,"LEARNT_Limit":99,"LEARNT_Clauses":1,"LEARNT_Lit/Cl":13,"Progress":0.020}
{"Event":"LearnMore","Time":0.000,"AdjustCount":150,"Restarts":1,"Conflicts":100,"Decisions":155,"Propagations":1200,"Vars":72,"Clauses":297,"Literals":648,"LEARNT_Limit":108,"LEARNT_Clauses":100,"LEARNT_Lit/Cl":19,"Progress":0.020}
{"Event":"Restart","Time":0.000,"AdjustCount":149,"Restarts":2,"Conflicts":101,"Decisions":183,"Propagations":1272,"Vars":72,"Clauses":297,"Literals":648,"LEARNT_Limit":108,"LEARNT_Clauses":101,"LEARNT_Lit/Cl":19,"Progress":0.020}
{"Event":"Restart","Time":0.000,"AdjustCount":48,"Restarts":3,"Conflicts":202,"Decisions":334,"Propagations":2668,"Vars":72,"Clauses":297,"Literals":648,"LEARNT_Limit":108,"LEARNT_Clauses":63,"LEARNT_Lit/Cl":17,"Progress":0.020}
{"Event":"LearnMore","Time":0.000,"AdjustCount":225,"Restarts":3,"Conflicts":250,"Decisions":392,"Propagations":3316,"Vars":72,"Clauses":297,"Literals":648,"LEARNT_Limit":119,"LEARNT_Clauses":111,"LEARNT_Lit/Cl":18,"Progress":0.020}
{"Event":"Restart","Time":0.001,"AdjustCount":73,"Restarts":4,"Conflicts":402,"Decisions":618,"Propagations":5906,"Vars":72,"Clauses":297,"Literals":648,"LEARNT_Limit":119,"LEARNT_Clauses":103,"LEARNT_Lit/Cl":17,"Progress":0.020}
{"Event":"LearnMore","Time":0.002,"AdjustCount":337,"Restarts":4,"Conflicts":475,"Decisions":704,"Propagations":7194,"Vars":72,"Clauses":297,"Literals":648,"LEARNT_Limit":131,"LEARNT_Clauses":91,"LEARNT_Lit/Cl":16,"Progress":0.020}
{"Event":"Restart","Time":0.002,"AdjustCount":308,"Restarts":5,"Conflicts":504,"Decisions":780,"Propagations":7681,"Vars":72,"Clauses":297,"Literals":648,"LEARNT_Limit":131,"LEARNT_Clauses":120,"LEARNT_Lit/Cl":18,"Progress":0.020}
{"Event":"Restart","Time":0.003,"AdjustCount":208,"Restarts":6,"Conflicts":604,"Decisions":940,"Propagations":9331,"Vars":72,"Clauses":297,"Literals":648,"LEARNT_Limit":131,"LEARNT_Clauses":69,"LEARNT_Lit/Cl":15,"Progress":0.020}
{"Event":"Restart","Time":0.005,"AdjustCount":8,"Restarts":7,"Conflicts":804,"Decisions":1280,"Propagations":12559,"Vars":72,"Clauses":297,"Literals":648,"LEARNT_Limit":131,"LEARNT_Clauses":108,"LEARNT_Lit/Cl":18,"Progress":0.020}
{"Event":"LearnMore","Time":0.005,"AdjustCount":506,"Restarts":7,"Conflicts":812,"Decisions":1303,"Propagations":12691,"Vars":72,"Clauses":297,"Literals":648,"LEARNT_Limit":144,"LEARNT_Clauses":116,"LEARNT_Lit/Cl":18,"Progress":0.020}
{"Event":"Restart","Time":0.009,"AdjustCount":114,"Restarts":8,"Conflicts":1204,"Decisions":1808,"Propagations":18725,"Vars":72,"Clauses":297,"Literals":648,"LEARNT_Limit":144,"LEARNT_Clauses":76,"LEARNT_Lit/Cl":17,"Progress":0.020}
{"Event":"Restart","Time":0.010,"AdjustCount":10,"Restarts":9,"Conflicts":1308,"Decisions":1942,"Propagations":20210,"Vars":72,"Clauses":297,"Literals":648,"LEARNT_Limit":144,"LEARNT_Clauses":91,"LEARNT_Lit/Cl":17,"Progress":0.174}
{"Event":"LearnMore","Time":0.010,"AdjustCount":759,"Restarts":9,"Conflicts":1318,"Decisions":1963,"Propagations":20400,"Vars":72,"Clauses":297,"Literals":648,"LEARNT_Limit":159,"LEARNT_Clauses":101,"LEARNT_Lit/Cl":18,"Progress":0.174}
{"Event":"Restart","Time":0.011,"AdjustCount":668,"Restarts":10,"Conflicts":1409,"Decisions":2100,"Propagations":22080,"Vars":72,"Clauses":297,"Literals":648,"LEARNT_Limit":159,"LEARNT_Clauses":97,"LEARNT_Lit/Cl":17,"Progress":0.020}
{"Event":"Restart","Time":0.012,"AdjustCount":467,"Restarts":11,"Conflicts":1610,"Decisions":2402,"Propagations":25699,"Vars":72,"Clauses":297,"Literals":648,"LEARNT_Limit":159,"LEARNT_Clauses":101,"LEARNT_Lit/Cl":18,"Progress":0.020}
{"Event":"Restart","Time":0.013,"AdjustCount":367,"Restarts":12,"Conflicts":1710,"Decisions":2552,"Propagations":27195,"Vars":72,"Clauses":297,"Literals":648,"LEARNT_Limit":159,"LEARNT_Clauses":104,"LEARNT_Lit/Cl":17,"Progress":0.020}
{"Event":"Restart","Time":0.014,"AdjustCount":264,"Restarts":13,"Conflicts":1813,"Decisions":2715,"Propagations":28783,"Vars":72,"Clauses":297,"Literals":648,"LEARNT_Limit":159,"LEARNT_Clauses":104,"LEARNT_Lit/Cl":17,"Progress":0.020}
{"Event":"Restart","Time":0.016,"AdjustCount":63,"Restarts":14,"Conflicts":2014,"Decisions":2988,"Propagations":32172,"Vars":72,"Clauses":297,"Literals":648,"LEARNT_Limit":159,"LEARNT_Clauses":107,"LEARNT_Lit/Cl":17,"Progress":0.020}
{"Event":"LearnMore","Time":0.016,"AdjustCount":1139,"Restarts":14,"Conflicts":2077,"Decisions":3057,"Propagations":32909,"Vars":72,"Clauses":297,"Literals":648,"LEARNT_Limit":175,"LEARNT_Clauses":170,"LEARNT_Lit/Cl":20,"Progress":0.020}
{"Event":"Restart","Time":0.019,"AdjustCount":801,"Restarts":15,"Conflicts":2415,"Decisions":3469,"Propagations":36828,"Vars":72,"Clauses":297,"Literals":648,"LEARNT_Limit":175,"LEARNT_Clauses":174,"LEARNT_Lit/Cl":19,"Progress":0.020}
{"Event":"Restart","Time":0.027,"AdjustCount":1,"Restarts":16,"Conflicts":3215,"Decisions":4492,"Propagations":48725,"Vars":72,"Clauses":297,"Literals":648,"LEARNT_Limit":175,"LEARNT_Clauses":122,"LEARNT_Lit/Cl":17,"Progress":0.020}
{"Event":"LearnMore","Time":0.027,"AdjustCount":1708,"Restarts":16,"Conflicts":3216,"Decisions":4494,"Propagations":48742,"Vars":72,"Clauses":297,"Literals":648,"LEARNT_Limit":192,"LEARNT_Clauses":123,"LEARNT_Lit/Cl":17,"Progress":0.020}
{"Event":"Restart","Time":0.028,"AdjustCount":1609,"Restarts":17,"Conflicts":3315,"Decisions":4631,"Propagations":49989,"Vars":72,"Clauses":297,"Literals":648,"LEARNT_Limit":192,"LEARNT_Clauses":112,"LEARNT_Lit/Cl":17,"Progress":0.020}
{"Event":"Restart","Time":0.029,"AdjustCount":1509,"Restarts":18,"Conflicts":3415,"Decisions":4785,"Propagations":51425,"Vars":72,"Clauses":297,"Literals":648,"LEARNT_Limit":192,"LEARNT_Clauses":107,"LEARNT_Lit/Cl":16,"Progress":0.020}
{"Event":"Restart","Time":0.031,"AdjustCount":1309,"Restarts":19,"Conflicts":3615,"Decisions":5080,"Propagations":54387,"Vars":72,"Clauses":297,"Literals":648,"LEARNT_Limit":192,"LEARNT_Clauses":192,"LEARNT_Lit/Cl":19,"Progress":0.020}
{"Event":"Restart","Time":0.032,"AdjustCount":1209,"Restarts":20,"Conflicts":3715,"Decisions":5207,"Propagations":55621,"Vars":72,"Clauses":297,"Literals":648,"LEARNT_Limit":192,"LEARNT_Clauses":184,"LEARNT_Lit/Cl":19,"Progress":0.020}
{"Event":"Restart","Time":0.032,"AdjustCount":1106,"Restarts":21,"Conflicts":3818,"Decisions":5344,"Propagations":56887,"Vars":72,"Clauses":297,"Literals":648,"LEARNT_Limit":192,"LEARNT_Clauses":176,"LEARNT_Lit/Cl":20,"Progress":0.020}
{"Event":"Restart","Time":0.034,"AdjustCount":905,"Restarts":22,"Conflicts":4019,"Decisions":5601,"Propagations":59621,"Vars":72,"Clauses":297,"Literals":648,"LEARNT_Limit":192,"LEARNT_Clauses":151,"LEARNT_Lit/Cl":19,"Progress":0.020}
{"Event":"Restart","Time":0.038,"AdjustCount":503,"Restarts":23,"Conflicts":4421,"Decisions":6084,"Propagations":64951,"Vars":72,"Clauses":297,"Literals":648,"LEARNT_Limit":192,"LEARNT_Clauses":114,"LEARNT_Lit/Cl":19,"Progress":0.020}
{"Event":"Restart","Time":0.039,"AdjustCount":403,"Restarts":24,"Conflicts":4521,"Decisions":6237,"Propagations":66317,"Vars":72,"Clauses":297,"Literals":648,"LEARNT_Limit":192,"LEARNT_Clauses":108,"LEARNT_Lit/Cl":19,"Progress":0.020}
{"Event":"Restart","Time":0.040,"AdjustCount":303,"Restarts":25,"Conflicts":4621,"Decisions":6390,"Propagations":67618,"Vars":72,"Clauses":297,"Literals":648,"LEARNT_Limit":192,"LEARNT_Clauses":105,"LEARNT_Lit/Cl":20,"Progress":0.020}
{"Event":"Restart","Time":0.040,"AdjustCount":103,"Restarts":26,"Conflicts":4821,"Decisions":6667,"Propagations":69909,"Vars":72,"Clauses":297,"Literals":648,"LEARNT_Limit":192,"LEARNT_Clauses":190,"LEARNT_Lit/Cl":22,"Progress":0.020}
{"Event":"Restart","Time":0.040,"AdjustCount":3,"Restarts":27,"Conflicts":4921,"Decisions":6811,"Propagations":71290,"Vars":72,"Clauses":297,"Literals":648,"LEARNT_Limit":192,"LEARNT_Clauses":180,"LEARNT_Lit/Cl":21,"Progress":0.020}
{"Event":"LearnMore","Time":0.040,"AdjustCount":2562,"Restarts":27,"Conflicts":4924,"Decisions":6812,"Propagations":71341,"Vars":72,"Clauses":297,"Literals":648,"LEARNT_Limit":212,"LEARNT_Clauses":183,"LEARNT_Lit/Cl":21,"Progress":0.020}
{"Event":"Restart","Time":0.041,"AdjustCount":2465,"Restarts":28,"Conflicts":5021,"Decisions":6944,"Propagations":72492,"Vars":72,"Clauses":297,"Literals":648,"LEARNT_Limit":212,"LEARNT_Clauses":157,"LEARNT_Lit/Cl":21,"Progress":0.020}
{"Event":"Restart","Time":0.042,"AdjustCount":2263,"Restarts":29,"Conflicts":5223,"Decisions":7188,"Propagations":74803,"Vars":72,"Clauses":297,"Literals":648,"LEARNT_Limit":212,"LEARNT_Clauses":120,"LEARNT_Lit/Cl":20,"Progress":0.020}
{"Event":"Restart","Time":0.046,"AdjustCount":1863,"Restarts":30,"Conflicts":5623,"Decisions":7673,"Propagations":79319,"Vars":72,"Clauses":297,"Literals":648,"LEARNT_Limit":212,"LEARNT_Clauses":163,"LEARNT_Lit/Cl":21,"Progress":0.020}
{"Event":"Restart","Time":0.053,"AdjustCount":1062,"Restarts":31,"Conflicts":6424,"Decisions":8603,"Propagations":88519,"Vars":72,"Clauses":297,"Literals":648,"LEARNT_Limit":212,"LEARNT_Clauses":121,"LEARNT_Lit/Cl":20,"Progress":0.020}
{"Event":"LearnMore","Time":0.063,"AdjustCount":3844,"Restarts":31,"Conflicts":7486,"Decisions":9828,"Propagations":99713,"Vars":72,"Clauses":297,"Literals":648,"LEARNT_Limit":233,"LEARNT_Clauses":205,"LEARNT_Lit/Cl":22,"Progress":0.020}
{"Event":"Restart","Time":0.068,"AdjustCount":3305,"Restarts":32,"Conflicts":8025,"Decisions":10455,"Propagations":104800,"Vars":72,"Clauses":297,"Literals":648,"LEARNT_Limit":233,"LEARNT_Clauses":221,"LEARNT_Lit/Cl":21,"Progress":0.020}
{"Event":"Restart","Time":0.069,"AdjustCount":3204,"Restarts":33,"Conflicts":8126,"Decisions":10585,"Propagations":106030,"Vars":72,"Clauses":297,"Literals":648,"LEARNT_Limit":233,"LEARNT_Clauses":189,"LEARNT_Lit/Cl":20,"Progress":0.020}
{"Event":"Restart","Time":0.070,"AdjustCount":3103,"Restarts":34,"Conflicts":8227,"Decisions":10719,"Propagations":107026,"Vars":72,"Clauses":297,"Literals":648,"LEARNT_Limit":233,"LEARNT_Clauses":158,"LEARNT_Lit/Cl":20,"Progress":0.020}
{"Event":"Restart","Time":0.072,"AdjustCount":2902,"Restarts":35,"Conflicts":8428,"Decisions":10974,"Propagations":109112,"Vars":72,"Clauses":297,"Literals":648,"LEARNT_Limit":233,"LEARNT_Clauses":231,"LEARNT_Lit/Cl":22,"Progress":0.020}
{"Event":"Restart","Time":0.073,"AdjustCount":2800,"Restarts":36,"Conflicts":8530,"Decisions":11118,"Propagations":110086,"Vars":72,"Clauses":297,"Literals":648,"LEARNT_Limit":233,"LEARNT_Clauses":196,"LEARNT_Lit/Cl":22,"Progress":0.020}
{"Event":"Restart","Time":0.073,"AdjustCount":2700,"Restarts":37,"Conflicts":8630,"Decisions":11267,"Propagations":111122,"Vars":72,"Clauses":297,"Literals":648,"LEARNT_Limit":233,"LEARNT_Clauses":162,"LEARNT_Lit/Cl":20,"Progress":0.020}
{"Event":"Restart","Time":0.076,"AdjustCount":2499,"Restarts":38,"Conflicts":8831,"Decisions":11505,"Propagations":113488,"Vars":72,"Clauses":297,"Literals":648,"LEARNT_Limit":233,"LEARNT_Clauses":227,"LEARNT_Lit/Cl":22,"Progress":0.020}
{"Event":"Restart","Time":0.079,"AdjustCount":2099,"Restarts":39,"Conflicts":9231,"Decisions":11962,"Propagations":118095,"Vars":72,"Clauses":297,"Literals":648,"LEARNT_Limit":233,"LEARNT_Clauses":233,"LEARNT_Lit/Cl":21,"Progress":0.020}
{"Event":"Restart","Time":0.080,"AdjustCount":1998,"Restarts":40,"Conflicts":9332,"Decisions":12098,"Propagations":119250,"Vars":72,"Clauses":297,"Literals":648,"LEARNT_Limit":233,"LEARNT_Clauses":199,"LEARNT_Lit/Cl":21,"Progress":0.020}
{"Event":"Restart","Time":0.081,"AdjustCount":1897,"Restarts":41,"Conflicts":9433,"Decisions":12233,"Propagations":120317,"Vars":72,"Clauses":297,"Literals":648,"LEARNT_Limit":233,"LEARNT_Clauses":169,"LEARNT_Lit/Cl":20,"Progress":0.020}
{"Event":"Restart","Time":0.083,"AdjustCount":1696,"Restarts":42,"Conflicts":9634,"Decisions":12464,"Propagations":122408,"Vars":72,"Clauses":297,"Literals":648,"LEARNT_Limit":233,"LEARNT_Clauses":121,"LEARNT_Lit/Cl":19,"Progress":0.020}
{"Event":"Restart","Time":0.084,"AdjustCount":1596,"Restarts":43,"Conflicts":9734,"Decisions":12592,"Propagations":123549,"Vars":72,"Clauses":297,"Literals":648,"LEARNT_Limit":233,"LEARNT_Clauses":221,"LEARNT_Lit/Cl":22,"Progress":0.020}
{"Event":"Restart","Time":0.085,"AdjustCount":1495,"Restarts":44,"Conflicts":9835,"Decisions":12733,"Propagations":124874,"Vars":72,"Clauses":297,"Literals":648,"LEARNT_Limit":233,"LEARNT_Clauses":195,"LEARNT_Lit/Cl":19,"Progress":0.020}
{"Event":"Restart","Time":0.087,"AdjustCount":1294,"Restarts":45,"Conflicts":10036,"Decisions":13009,"Propagations":127221,"Vars":72,"Clauses":297,"Literals":648,"LEARNT_Limit":233,"LEARNT_Clauses":133,"LEARNT_Lit/Cl":19,"Progress":0.020}
{"Event":"Restart","Time":0.091,"AdjustCount":893,"Restarts":46,"Conflicts":10437,"Decisions":13498,"Propagations":131922,"Vars":72,"Clauses":297,"Literals":648,"LEARNT_Limit":233,"LEARNT_Clauses":148,"LEARNT_Lit/Cl":20,"Progress":0.020}
{"Event":"Restart","Time":0.098,"AdjustCount":93,"Restarts":47,"Conflicts":11237,"Decisions":14432,"Propagations":140002,"Vars":72,"Clauses":297,"Literals":648,"LEARNT_Limit":233,"LEARNT_Clauses":161,"LEARNT_Lit/Cl":20,"Progress":0.020}
{"Event":"LearnMore","Time":0.099,"AdjustCount":5766,"Restarts":47,"Conflicts":11330,"Decisions":14532,"Propagations":141113,"Vars":72,"Clauses":297,"Literals":648,"LEARNT_Limit":256,"LEARNT_Clauses":254,"LEARNT_Lit/Cl":21,"Progress":0.020}
{"Event":"Restart","Time":0.099,"AdjustCount":5759,"Restarts":48,"Conflicts":11337,"Decisions":14562,"Propagations":141234,"Vars":72,"Clauses":297,"Literals":648,"LEARNT_Limit":256,"LEARNT_Clauses":131,"LEARNT_Lit/Cl":19,"Progress":0.020}
{"Event":"Restart","Time":0.100,"AdjustCount":5657,"Restarts":49,"Conflicts":11439,"Decisions":14685,"Propagations":142471,"Vars":72,"Clauses":297,"Literals":648,"LEARNT_Limit":256,"LEARNT_Clauses":233,"LEARNT_Lit/Cl":21,"Progress":0.020}
{"Event":"Restart","Time":0.101,"AdjustCount":5456,"Restarts":50,"Conflicts":11640,"Decisions":14951,"Propagations":144645,"Vars":72,"Clauses":297,"Literals":648,"LEARNT_Limit":256,"LEARNT_Clauses":160,"LEARNT_Lit/Cl":20,"Progress":0.020}
{"Event":"Restart","Time":0.102,"AdjustCount":5355,"Restarts":51,"Conflicts":11741,"Decisions":15108,"Propagations":145718,"Vars":72,"Clauses":297,"Literals":648,"LEARNT_Limit":256,"LEARNT_Clauses":131,"LEARNT_Lit/Cl":19,"Progress":0.020}
{"Event":"Restart","Time":0.103,"AdjustCount":5254,"Restarts":52,"Conflicts":11842,"Decisions":15243,"Propagations":146990,"Vars":72,"Clauses":297,"Literals":648,"LEARNT_Limit":256,"LEARNT_Clauses":232,"LEARNT_Lit/Cl":21,"Progress":0.020}
{"Event":"Restart","Time":0.105,"AdjustCount":5054,"Restarts":53,"Conflicts":12042,"Decisions":15485,"Propagations":149428,"Vars":72,"Clauses":297,"Literals":648,"LEARNT_Limit":256,"LEARNT_Clauses":152,"LEARNT_Lit/Cl":19,"Progress":0.020}
{"Event":"Restart","Time":0.109,"AdjustCount":4654,"Restarts":54,"Conflicts":12442,"Decisions":15958,"Propagations":154249,"Vars":72,"Clauses":297,"Literals":648,"LEARNT_Limit":256,"LEARNT_Clauses":134,"LEARNT_Lit/Cl":19,"Progress":0.020}
{"Event":"Restart","Time":0.110,"AdjustCount":4553,"Restarts":55,"Conflicts":12543,"Decisions":16093,"Propagations":155497,"Vars":72,"Clauses":297,"Literals":648,"LEARNT_Limit":256,"LEARNT_Clauses":235,"LEARNT_Lit/Cl":21,"Progress":0.020}
{"Event":"Restart","Time":0.111,"AdjustCount":4451,"Restarts":56,"Conflicts":12645,"Decisions":16217,"Propagations":156784,"Vars":72,"Clauses":297,"Literals":648,"LEARNT_Limit":256,"LEARNT_Clauses":194,"LEARNT_Lit/Cl":19,"Progress":0.020}
{"Event":"Restart","Time":0.113,"AdjustCount":4248,"Restarts":57,"Conflicts":12848,"Decisions":16474,"Propagations":159157,"Vars":72,"Clauses":297,"Literals":648,"LEARNT_Limit":256,"LEARNT_Clauses":130,"LEARNT_Lit/Cl":19,"Progress":0.020}
{"Event":"Restart","Time":0.114,"AdjustCount":4148,"Restarts":58,"Conflicts":12948,"Decisions":16603,"Propagations":160306,"Vars":72,"Clauses":297,"Literals":648,"LEARNT_Limit":256,"LEARNT_Clauses":230,"LEARNT_Lit/Cl":21,"Progress":0.020}
{"Event":"Restart","Time":0.115,"AdjustCount":4048,"Restarts":59,"Conflicts":13048,"Decisions":16726,"Propagations":161652,"Vars":72,"Clauses":297,"Literals":648,"LEARNT_Limit":256,"LEARNT_Clauses":193,"LEARNT_Lit/Cl":20,"Progress":0.020}
{"Event":"Restart","Time":0.117,"AdjustCount":3847,"Restarts":60,"Conflicts":13249,"Decisions":16977,"Propagations":164218,"Vars":72,"Clauses":297,"Literals":648,"LEARNT_Limit":256,"LEARNT_Clauses":256,"LEARNT_Lit/Cl":20,"Progress":0.020}
{"Event":"Restart","Time":0.121,"AdjustCount":3446,"Restarts":61,"Conflicts":13650,"Decisions":17451,"Propagations":169249,"Vars":72,"Clauses":297,"Literals":648,"LEARNT_Limit":256,"LEARNT_Clauses":233,"LEARNT_Lit/Cl":19,"Progress":0.020}
{"Event":"Restart","Time":0.128,"AdjustCount":2645,"Restarts":62,"Conflicts":14451,"Decisions":18359,"Propagations":179205,"Vars":72,"Clauses":297,"Literals":648,"LEARNT_Limit":256,"LEARNT_Clauses":180,"LEARNT_Lit/Cl":18,"Progress":0.020}
{"Event":"Restart","Time":0.141,"AdjustCount":1044,"Restarts":63,"Conflicts":16052,"Decisions":20315,"Propagations":202137,"Vars":72,"Clauses":297,"Literals":648,"LEARNT_Limit":256,"LEARNT_Clauses":183,"LEARNT_Lit/Cl":17,"Progress":0.020}
{"Event":"LearnMore","Time":0.151,"AdjustCount":8649,"Restarts":63,"Conflicts":17096,"Decisions":21554,"Propagations":214672,"Vars":72,"Clauses":297,"Literals":648,"LEARNT_Limit":282,"LEARNT_Clauses":216,"LEARNT_Lit/Cl":20,"Progress":0.020}
{"Event":"Restart","Time":0.171,"AdjustCount":6493,"Restarts":64,"Conflicts":19252,"Decisions":24069,"Propagations":237634,"Vars":72,"Clauses":297,"Literals":648,"LEARNT_Limit":282,"LEARNT_Clauses":211,"LEARNT_Lit/Cl":21,"Progress":0.020}
{"Event":"Restart","Time":0.173,"AdjustCount":6391,"Restarts":65,"Conflicts":19354,"Decisions":24182,"Propagations":238891,"Vars":72,"Clauses":297,"Literals":648,"LEARNT_Limit":282,"LEARNT_Clauses":157,"LEARNT_Lit/Cl":20,"Progress":0.020}
{"Event":"Restart","Time":0.173,"AdjustCount":6291,"Restarts":66,"Conflicts":19454,"Decisions":24318,"Propagations":239925,"Vars":72,"Clauses":297,"Literals":648,"LEARNT_Limit":282,"LEARNT_Clauses":257,"LEARNT_Lit/Cl":21,"Progress":0.020}
{"Event":"Restart","Time":0.175,"AdjustCount":6090,"Restarts":67,"Conflicts":19655,"Decisions":24589,"Propagations":242086,"Vars":72,"Clauses":297,"Literals":648,"LEARNT_Limit":282,"LEARNT_Clauses":154,"LEARNT_Lit/Cl":20,"Progress":0.020}
{"Event":"Restart","Time":0.176,"AdjustCount":5989,"Restarts":68,"Conflicts":19756,"Decisions":24718,"Propagations":243239,"Vars":72,"Clauses":297,"Literals":648,"LEARNT_Limit":282,"LEARNT_Clauses":255,"LEARNT_Lit/Cl":22,"Progress":0.020}
{"Event":"Restart","Time":0.178,"AdjustCount":5888,"Restarts":69,"Conflicts":19857,"Decisions":24844,"Propagations":244578,"Vars":72,"Clauses":297,"Literals":648,"LEARNT_Limit":282,"LEARNT_Clauses":204,"LEARNT_Lit/Cl":20,"Progress":0.020}
{"Event":"Restart","Time":0.179,"AdjustCount":5686,"Restarts":70,"Conflicts":20059,"Decisions":25097,"Propagations":246811,"Vars":72,"Clauses":297,"Literals":648,"LEARNT_Limit":282,"LEARNT_Clauses":251,"LEARNT_Lit/Cl":21,"Progress":0.020}
{"Event":"Restart","Time":0.183,"AdjustCount":5284,"Restarts":71,"Conflicts":20461,"Decisions":25574,"Propagations":251560,"Vars":72,"Clauses":297,"Literals":648,"LEARNT_Limit":282,"LEARNT_Clauses":193,"LEARNT_Lit/Cl":20,"Progress":0.020}
{"Event":"Restart","Time":0.184,"AdjustCount":5184,"Restarts":72,"Conflicts":20561,"Decisions":25694,"Propagations":252707,"Vars":72,"Clauses":297,"Literals":648,"LEARNT_Limit":282,"LEARNT_Clauses":147,"LEARNT_Lit/Cl":20,"Progress":0.020}
{"Event":"Restart","Time":0.185,"AdjustCount":5084,"Restarts":73,"Conflicts":20661,"Decisions":25850,"Propagations":253787,"Vars":72,"Clauses":297,"Literals":648,"LEARNT_Limit":282,"LEARNT_Clauses":247,"LEARNT_Lit/Cl":20,"Progress":0.020}
{"Event":"Restart","Time":0.187,"AdjustCount":4881,"Restarts":74,"Conflicts":20864,"Decisions":26102,"Propagations":256075,"Vars":72,"Clauses":297,"Literals":648,"LEARNT_Limit":282,"LEARNT_Clauses":148,"LEARNT_Lit/Cl":19,"Progress":0.020}
{"Event":"Restart","Time":0.188,"AdjustCount":4776,"Restarts":75,"Conflicts":20969,"Decisions":26236,"Propagations":257259,"Vars":72,"Clauses":297,"Literals":648,"LEARNT_Limit":282,"LEARNT_Clauses":253,"LEARNT_Lit/Cl":21,"Progress":0.020}
{"Event":"Restart","Time":0.189,"AdjustCount":4676,"Restarts":76,"Conflicts":21069,"Decisions":26349,"Propagations":258441,"Vars":72,"Clauses":297,"Literals":648,"LEARNT_Limit":282,"LEARNT_Clauses":198,"LEARNT_Lit/Cl":20,"Progress":0.020}
{"Event":"Restart","Time":0.191,"AdjustCount":4475,"Restarts":77,"Conflicts":21270,"Decisions":26594,"Propagations":261006,"Vars":72,"Clauses":297,"Literals":648,"LEARNT_Limit":282,"LEARNT_Clauses":249,"LEARNT_Lit/Cl":19,"Progress":0.020}
{"Event":"Restart","Time":0.195,"AdjustCount":4073,"Restarts":78,"Conflicts":21672,"Decisions":27079,"Propagations":265422,"Vars":72,"Clauses":297,"Literals":648,"LEARNT_Limit":282,"LEARNT_Clauses":189,"LEARNT_Lit/Cl":19,"Progress":0.020}
{"Event":"Restart","Time":0.202,"AdjustCount":3272,"Restarts":79,"Conflicts":22473,"Decisions":28000,"Propagations":274858,"Vars":72,"Clauses":297,"Literals":648,"LEARNT_Limit":282,"LEARNT_Clauses":240,"LEARNT_Lit/Cl":17,"Progress":0.020}
{"Event":"Restart","Time":0.203,"AdjustCount":3171,"Restarts":80,"Conflicts":22574,"Decisions":28167,"Propagations":276563,"Vars":72,"Clauses":297,"Literals":648,"LEARNT_Limit":282,"LEARNT_Clauses":179,"LEARNT_Lit/Cl":18,"Progress":0.020}
{"Event":"Restart","Time":0.204,"AdjustCount":3071,"Restarts":81,"Conflicts":22674,"Decisions":28307,"Propagations":277894,"Vars":72,"Clauses":297,"Literals":648,"LEARNT_Limit":282,"LEARNT_Clauses":279,"LEARNT_Lit/Cl":19,"Progress":0.020}
{"Event":"Restart","Time":0.205,"AdjustCount":2871,"Restarts":82,"Conflicts":22874,"Decisions":28634,"Propagations":281432,"Vars":72,"Clauses":297,"Literals":648,"LEARNT_Limit":282,"LEARNT_Clauses":164,"LEARNT_Lit/Cl":18,"Progress":0.020}
{"Event":"Restart","Time":0.206,"AdjustCount":2771,"Restarts":83,"Conflicts":22974,"Decisions":28779,"Propagations":283024,"Vars":72,"Clauses":297,"Literals":648,"LEARNT_Limit":282,"LEARNT_Clauses":264,"LEARNT_Lit/Cl":19,"Progress":0.020}
{"Event":"Restart","Time":0.207,"AdjustCount":2669,"Restarts":84,"Conflicts":23076,"Decisions":28939,"Propagations":284909,"Vars":72,"Clauses":297,"Literals":648,"LEARNT_Limit":282,"LEARNT_Clauses":202,"LEARNT_Lit/Cl":18,"Progress":0.020}
{"Event":"Restart","Time":0.210,"AdjustCount":2468,"Restarts":85,"Conflicts":23277,"Decisions":29199,"Propagations":287730,"Vars":72,"Clauses":297,"Literals":648,"LEARNT_Limit":282,"LEARNT_Clauses":240,"LEARNT_Lit/Cl":20,"Progress":0.020}
{"Event":"Restart","Time":0.214,"AdjustCount":2067,"Restarts":86,"Conflicts":23678,"Decisions":29667,"Propagations":293213,"Vars":72,"Clauses":297,"Literals":648,"LEARNT_Limit":282,"LEARNT_Clauses":160,"LEARNT_Lit/Cl":18,"Progress":0.020}
{"Event":"Restart","Time":0.215,"AdjustCount":1965,"Restarts":87,"Conflicts":23780,"Decisions":29811,"Propagations":295020,"Vars":72,"Clauses":297,"Literals":648,"LEARNT_Limit":282,"LEARNT_Clauses":262,"LEARNT_Lit/Cl":19,"Progress":0.020}
{"Event":"Restart","Time":0.215,"AdjustCount":1865,"Restarts":88,"Conflicts":23880,"Decisions":29944,"Propagations":296404,"Vars":72,"Clauses":297,"Literals":648,"LEARNT_Limit":282,"LEARNT_Clauses":201,"LEARNT_Lit/Cl":19,"Progress":0.020}
{"Event":"Restart","Time":0.217,"AdjustCount":1664,"Restarts":89,"Conflicts":24081,"Decisions":30208,"Propagations":299385,"Vars":72,"Clauses":297,"Literals":648,"LEARNT_Limit":282,"LEARNT_Clauses":245,"LEARNT_Lit/Cl":20,"Progress":0.020}
{"Event":"Restart","Time":0.219,"AdjustCount":1562,"Restarts":90,"Conflicts":24183,"Decisions":30345,"Propagations":300853,"Vars":72,"Clauses":297,"Literals":648,"LEARNT_Limit":282,"LEARNT_Clauses":188,"LEARNT_Lit/Cl":19,"Progress":0.020}
{"Event":"Restart","Time":0.220,"AdjustCount":1462,"Restarts":91,"Conflicts":24283,"Decisions":30478,"Propagations":302472,"Vars":72,"Clauses":297,"Literals":648,"LEARNT_Limit":282,"LEARNT_Clauses":145,"LEARNT_Lit/Cl":18,"Progress":0.020}
{"Event":"Restart","Time":0.221,"AdjustCount":1261,"Restarts":92,"Conflicts":24484,"Decisions":30710,"Propagations":305340,"Vars":72,"Clauses":297,"Literals":648,"LEARNT_Limit":282,"LEARNT_Clauses":189,"LEARNT_Lit/Cl":19,"Progress":0.020}
{"Event":"Restart","Time":0.225,"AdjustCount":859,"Restarts":93,"Conflicts":24886,"Decisions":31231,"Propagations":310636,"Vars":72,"Clauses":297,"Literals":648,"LEARNT_Limit":282,"LEARNT_Clauses":275,"LEARNT_Lit/Cl":20,"Progress":0.020}
{"Event":"Restart","Time":0.233,"AdjustCount":58,"Restarts":94,"Conflicts":25687,"Decisions":32187,"Propagations":319723,"Vars":72,"Clauses":297,"Literals":648,"LEARNT_Limit":282,"LEARNT_Clauses":154,"LEARNT_Lit/Cl":19,"Progress":0.020}
{"Event":"LearnMore","Time":0.233,"AdjustCount":12974,"Restarts":94,"Conflicts":25745,"Decisions":32251,"Propagations":320472,"Vars":72,"Clauses":297,"Literals":648,"LEARNT_Limit":310,"LEARNT_Clauses":212,"LEARNT_Lit/Cl":19,"Progress":0.020}
{"Event":"Restart","Time":0.248,"AdjustCount":11431,"Restarts":95,"Conflicts":27288,"Decisions":34070,"Propagations":338510,"Vars":72,"Clauses":297,"Literals":648,"LEARNT_Limit":310,"LEARNT_Clauses":249,"LEARNT_Lit/Cl":19,"Progress":0.020}
{"Event":"Restart","Time":0.249,"AdjustCount":11331,"Restarts":96,"Conflicts":27388,"Decisions":34202,"Propagations":339642,"Vars":72,"Clauses":297,"Literals":648,"LEARNT_Limit":310,"LEARNT_Clauses":185,"LEARNT_Lit/Cl":18,"Progress":0.020}
{"Event":"Restart","Time":0.250,"AdjustCount":11230,"Restarts":97,"Conflicts":27489,"Decisions":34336,"Propagations":340977,"Vars":72,"Clauses":297,"Literals":648,"LEARNT_Limit":310,"LEARNT_Clauses":286,"LEARNT_Lit/Cl":19,"Progress":0.020}
{"Event":"Restart","Time":0.252,"AdjustCount":11029,"Restarts":98,"Conflicts":27690,"Decisions":34600,"Propagations":343451,"Vars":72,"Clauses":297,"Literals":648,"LEARNT_Limit":310,"LEARNT_Clauses":160,"LEARNT_Lit/Cl":18,"Progress":0.020}
{"Event":"Restart","Time":0.252,"AdjustCount":10926,"Restarts":99,"Conflicts":27793,"Decisions":34735,"Propagations":344714,"Vars":72,"Clauses":297,"Literals":648,"LEARNT_Limit":310,"LEARNT_Clauses":263,"LEARNT_Lit/Cl":20,"Progress":0.020}
{"Event":"Restart","Time":0.253,"AdjustCount":10824,"Restarts":100,"Conflicts":27895,"Decisions":34883,"Propagations":345712,"Vars":72,"Clauses":297,"Literals":648,"LEARNT_Limit":310,"LEARNT_Clauses":196,"LEARNT_Lit/Cl":19,"Progress":0.020}
{"Event":"Restart","Time":0.255,"AdjustCount":10624,"Restarts":101,"Conflicts":28095,"Decisions":35110,"Propagations":348018,"Vars":72,"Clauses":297,"Literals":648,"LEARNT_Limit":310,"LEARNT_Clauses":231,"LEARNT_Lit/Cl":19,"Progress":0.020}
{"Event":"Restart","Time":0.259,"AdjustCount":10224,"Restarts":102,"Conflicts":28495,"Decisions":35563,"Propagations":352868,"Vars":72,"Clauses":297,"Literals":648,"LEARNT_Limit":310,"LEARNT_Clauses":301,"LEARNT_Lit/Cl":17,"Progress":0.020}
{"Event":"Restart","Time":0.260,"AdjustCount":10122,"Restarts":103,"Conflicts":28597,"Decisions":35678,"Propagations":354008,"Vars":72,"Clauses":297,"Literals":648,"LEARNT_Limit":310,"LEARNT_Clauses":235,"LEARNT_Lit/Cl":17,"Progress":0.020}
{"Event":"Restart","Time":0.261,"AdjustCount":10022,"Restarts":104,"Conflicts":28697,"Decisions":35832,"Propagations":355575,"Vars":72,"Clauses":297,"Literals":648,"LEARNT_Limit":310,"LEARNT_Clauses":168,"LEARNT_Lit/Cl":18,"Progress":0.020}
{"Event":"Restart","Time":0.263,"AdjustCount":9822,"Restarts":105,"Conflicts":28897,"Decisions":36086,"Propagations":358106,"Vars":72,"Clauses":297,"Literals":648,"LEARNT_Limit":310,"LEARNT_Clauses":201,"LEARNT_Lit/Cl":18,"Progress":0.020}
{"Event":"Restart","Time":0.264,"AdjustCount":9720,"Restarts":106,"Conflicts":28999,"Decisions":36225,"Propagations":359410,"Vars":72,"Clauses":297,"Literals":648,"LEARNT_Limit":310,"LEARNT_Clauses":303,"LEARNT_Lit/Cl":21,"Progress":0.020}
{"Event":"Restart","Time":0.265,"AdjustCount":9620,"Restarts":107,"Conflicts":29099,"Decisions":36357,"Propagations":361011,"Vars":72,"Clauses":297,"Literals":648,"LEARNT_Limit":310,"LEARNT_Clauses":231,"LEARNT_Lit/Cl":19,"Progress":0.020}
{"Event":"Restart","Time":0.267,"AdjustCount":9419,"Restarts":108,"Conflicts":29300,"Decisions":36617,"Propagations":363694,"Vars":72,"Clauses":297,"Literals":648,"LEARNT_Limit":310,"LEARNT_Clauses":261,"LEARNT_Lit/Cl":20,"Progress":0.020}
{"Event":"Restart","Time":0.272,"AdjustCount":9019,"Restarts":109,"Conflicts":29700,"Decisions":37097,"Propagations":368746,"Vars":72,"Clauses":297,"Literals":648,"LEARNT_Limit":310,"LEARNT_Clauses":163,"LEARNT_Lit/Cl":18,"Progress":0.020}
{"Event":"Restart","Time":0.279,"AdjustCount":8219,"Restarts":110,"Conflicts":30500,"Decisions":38029,"Propagations":378837,"Vars":72,"Clauses":297,"Literals":648,"LEARNT_Limit":310,"LEARNT_Clauses":287,"LEARNT_Lit/Cl":19,"Progress":0.020}
{"Event":"Restart","Time":0.280,"AdjustCount":8119,"Restarts":111,"Conflicts":30600,"Decisions":38173,"Propagations":380104,"Vars":72,"Clauses":297,"Literals":648,"LEARNT_Limit":310,"LEARNT_Clauses":225,"LEARNT_Lit/Cl":20,"Progress":0.020}
{"Event":"Restart","Time":0.281,"AdjustCount":8018,"Restarts":112,"Conflicts":30701,"Decisions":38297,"Propagations":381475,"Vars":72,"Clauses":297,"Literals":648,"LEARNT_Limit":310,"LEARNT_Clauses":164,"LEARNT_Lit/Cl":19,"Progress":0.020}
{"Event":"Restart","Time":0.283,"AdjustCount":7818,"Restarts":113,"Conflicts":30901,"Decisions":38553,"Propagations":384078,"Vars":72,"Clauses":297,"Literals":648,"LEARNT_Limit":310,"LEARNT_Clauses":194,"LEARNT_Lit/Cl":19,"Progress":0.020}
{"Event":"Restart","Time":0.284,"AdjustCount":7716,"Restarts":114,"Conflicts":31003,"Decisions":38687,"Propagations":385469,"Vars":72,"Clauses":297,"Literals":648,"LEARNT_Limit":310,"LEARNT_Clauses":296,"LEARNT_Lit/Cl":21,"Progress":0.020}
{"Event":"Restart","Time":0.285,"AdjustCount":7616,"Restarts":115,"Conflicts":31103,"Decisions":38814,"Propagations":386688,"Vars":72,"Clauses":297,"Literals":648,"LEARNT_Limit":310,"LEARNT_Clauses":231,"LEARNT_Lit/Cl":19,"Progress":0.020}
{"Event":"Restart","Time":0.287,"AdjustCount":7415,"Restarts":116,"Conflicts":31304,"Decisions":39062,"Propagations":389298,"Vars":72,"Clauses":297,"Literals":648,"LEARNT_Limit":310,"LEARNT_Clauses":266,"LEARNT_Lit/Cl":18,"Progress":0.020}
{"Event":"Restart","Time":0.290,"AdjustCount":7015,"Restarts":117,"Conflicts":31704,"Decisions":39573,"Propagations":394861,"Vars":72,"Clauses":297,"Literals":648,"LEARNT_Limit":310,"LEARNT_Clauses":167,"LEARNT_Lit/Cl":18,"Progress":0.020}
{"Event":"Restart","Time":0.291,"AdjustCount":6915,"Restarts":118,"Conflicts":31804,"Decisions":39711,"Propagations":395956,"Vars":72,"Clauses":297,"Literals":648,"LEARNT_Limit":310,"LEARNT_Clauses":267,"LEARNT_Lit/Cl":19,"Progress":0.020}
{"Event":"Restart","Time":0.292,"AdjustCount":6815,"Restarts":119,"Conflicts":31904,"Decisions":39856,"Propagations":397291,"Vars":72,"Clauses":297,"Literals":648,"LEARNT_Limit":310,"LEARNT_Clauses":196,"LEARNT_Lit/Cl":18,"Progress":0.020}
{"Event":"Restart","Time":0.294,"AdjustCount":6615,"Restarts":120,"Conflicts":32104,"Decisions":40100,"Propagations":399647,"Vars":72,"Clauses":297,"Literals":648,"LEARNT_Limit":310,"LEARNT_Clauses":224,"LEARNT_Lit/Cl":18,"Progress":0.020}
{"Event":"Restart","Time":0.295,"AdjustCount":6512,"Restarts":121,"Conflicts":32207,"Decisions":40251,"Propagations":401024,"Vars":72,"Clauses":297,"Literals":648,"LEARNT_Limit":310,"LEARNT_Clauses":164,"LEARNT_Lit/Cl":17,"Progress":0.020}
{"Event":"Restart","Time":0.296,"AdjustCount":6411,"Restarts":122,"Conflicts":32308,"Decisions":40388,"Propagations":402295,"Vars":72,"Clauses":297,"Literals":648,"LEARNT_Limit":310,"LEARNT_Clauses":265,"LEARNT_Lit/Cl":20,"Progress":0.020}
{"Event":"Restart","Time":0.298,"AdjustCount":6210,"Restarts":123,"Conflicts":32509,"Decisions":40643,"Propagations":404867,"Vars":72,"Clauses":297,"Literals":648,"LEARNT_Limit":310,"LEARNT_Clauses":292,"LEARNT_Lit/Cl":20,"Progress":0.020}
{"Event":"Restart","Time":0.302,"AdjustCount":5810,"Restarts":124,"Conflicts":32909,"Decisions":41098,"Propagations":410181,"Vars":72,"Clauses":297,"Literals":648,"LEARNT_Limit":310,"LEARNT_Clauses":178,"LEARNT_Lit/Cl":18,"Progress":0.020}
{"Event":"Restart","Time":0.309,"AdjustCount":5009,"Restarts":125,"Conflicts":33710,"Decisions":42034,"Propagations":419876,"Vars":72,"Clauses":297,"Literals":648,"LEARNT_Limit":310,"LEARNT_Clauses":304,"LEARNT_Lit/Cl":18,"Progress":0.020}
{"Event":"Restart","Time":0.323,"AdjustCount":3408,"Restarts":126,"Conflicts":35311,"Decisions":43991,"Propagations":440323,"Vars":72,"Clauses":297,"Literals":648,"LEARNT_Limit":310,"LEARNT_Clauses":239,"LEARNT_Lit/Cl":17,"Progress":0.022}
{"Event":"Restart","Time":0.352,"AdjustCount":207,"Restarts":127,"Conflicts":38512,"Decisions":47678,"Propagations":479340,"Vars":72,"Clauses":297,"Literals":648,"LEARNT_Limit":310,"LEARNT_Clauses":252,"LEARNT_Lit/Cl":17,"Progress":0.020}
{"Event":"LearnMore","Time":0.354,"AdjustCount":19461,"Restarts":127,"Conflicts":38719,"Decisions":47919,"Propagations":481853,"Vars":72,"Clauses":297,"Literals":648,"LEARNT_Limit":341,"LEARNT_Clauses":291,"LEARNT_Lit/Cl":18,"Progress":0.020}
===============================================================================
restarts              : 127
conflicts             : 41414          (109290 /sec)
decisions             : 51044          (0.00 % random) (134703 /sec)
propagations          : 515393         (1360102 /sec)
conflict literals     : 898230         (9.52 % deleted)
Memory used           : 6.00 MB
CPU time              : 0.378937 s

UNSATISFIABLE
