WARNING: for repeatability, setting FPU to use double precision
============================[ Problem Statistics ]=============================
|                                                                             |
|  Number of variables:         32456                                         |
|  Number of clauses:          101882                                         |
|  Parse time:                   0.05 s                                       |
|                                                                             |
============================[ Search Statistics ]==============================
| Conflicts |          ORIGINAL         |          LEARNT          | Progress |
|           |    Vars  Clauses Literals |    Limit  Clauses Lit/Cl |          |
===============================================================================
{"Event":"Restart","Time":0.079,"AdjustCount":99,"Restarts":1,"Conflicts":1,"Decisions":41,"Propagations":14415,"Vars":22300,"Clauses":65902,"Literals":161453,"LEARNT_Limit":21967,"LEARNT_Clauses":1,"LEARNT_Lit/Cl":2,"Progress":31.292}
{"Event":"LearnMore","Time":0.109,"AdjustCount":150,"Restarts":1,"Conflicts":100,"Decisions":1642,"Propagations":184664,"Vars":21392,"Clauses":65902,"Literals":161453,"LEARNT_Limit":24164,"LEARNT_Clauses":88,"LEARNT_Lit/Cl":6,"Progress":34.089}
{"Event":"Restart","Time":0.115,"AdjustCount":149,"Restarts":2,"Conflicts":101,"Decisions":1693,"Propagations":195733,"Vars":21392,"Clauses":62314,"Literals":152531,"LEARNT_Limit":24164,"LEARNT_Clauses":81,"LEARNT_Lit/Cl":7,"Progress":34.089}
{"Event":"Restart","Time":0.151,"AdjustCount":49,"Restarts":3,"Conflicts":201,"Decisions":2662,"Propagations":358117,"Vars":19783,"Clauses":55827,"Literals":136156,"LEARNT_Limit":24164,"LEARNT_Clauses":146,"LEARNT_Lit/Cl":9,"Progress":39.047}
{"Event":"LearnMore","Time":0.155,"AdjustCount":225,"Restarts":3,"Conflicts":250,"Decisions":2828,"Propagations":383112,"Vars":19783,"Clauses":55827,"Literals":136156,"LEARNT_Limit":26580,"LEARNT_Clauses":195,"LEARNT_Lit/Cl":11,"Progress":39.047}
{"Event":"Restart","Time":0.177,"AdjustCount":73,"Restarts":4,"Conflicts":402,"Decisions":3166,"Propagations":520984,"Vars":19783,"Clauses":55827,"Literals":136156,"LEARNT_Limit":26580,"LEARNT_Clauses":347,"LEARNT_Lit/Cl":17,"Progress":39.047}
{"Event":"LearnMore","Time":0.195,"AdjustCount":337,"Restarts":4,"Conflicts":475,"Decisions":3701,"Propagations":642510,"Vars":19783,"Clauses":55827,"Literals":136156,"LEARNT_Limit":29238,"LEARNT_Clauses":420,"LEARNT_Lit/Cl":15,"Progress":39.047}
{"Event":"Restart","Time":0.198,"AdjustCount":309,"Restarts":5,"Conflicts":503,"Decisions":3778,"Propagations":663671,"Vars":19783,"Clauses":55827,"Literals":136156,"LEARNT_Limit":29238,"LEARNT_Clauses":448,"LEARNT_Lit/Cl":15,"Progress":39.047}
{"Event":"Restart","Time":0.214,"AdjustCount":208,"Restarts":6,"Conflicts":604,"Decisions":4023,"Propagations":762483,"Vars":19783,"Clauses":55827,"Literals":136156,"LEARNT_Limit":29238,"LEARNT_Clauses":549,"LEARNT_Lit/Cl":15,"Progress":39.047}
{"Event":"Restart","Time":0.248,"AdjustCount":5,"Restarts":7,"Conflicts":807,"Decisions":4490,"Propagations":981729,"Vars":19783,"Clauses":55827,"Literals":136156,"LEARNT_Limit":29238,"LEARNT_Clauses":752,"LEARNT_Lit/Cl":16,"Progress":39.047}
{"Event":"LearnMore","Time":0.249,"AdjustCount":506,"Restarts":7,"Conflicts":812,"Decisions":4509,"Propagations":986339,"Vars":19783,"Clauses":55827,"Literals":136156,"LEARNT_Limit":32162,"LEARNT_Clauses":757,"LEARNT_Lit/Cl":16,"Progress":39.047}
{"Event":"Restart","Time":0.329,"AdjustCount":109,"Restarts":8,"Conflicts":1209,"Decisions":5409,"Propagations":1492490,"Vars":19744,"Clauses":55703,"Literals":135853,"LEARNT_Limit":32162,"LEARNT_Clauses":1149,"LEARNT_Lit/Cl":17,"Progress":39.167}
{"Event":"Restart","Time":0.353,"AdjustCount":9,"Restarts":9,"Conflicts":1309,"Decisions":5637,"Propagations":1609649,"Vars":19744,"Clauses":55699,"Literals":135845,"LEARNT_Limit":32162,"LEARNT_Clauses":1249,"LEARNT_Lit/Cl":17,"Progress":39.167}
{"Event":"LearnMore","Time":0.353,"AdjustCount":759,"Restarts":9,"Conflicts":1318,"Decisions":5654,"Propagations":1613586,"Vars":19744,"Clauses":55699,"Literals":135845,"LEARNT_Limit":35378,"LEARNT_Clauses":1258,"LEARNT_Lit/Cl":17,"Progress":39.167}
{"Event":"Restart","Time":0.368,"AdjustCount":668,"Restarts":10,"Conflicts":1409,"Decisions":5832,"Propagations":1707458,"Vars":19744,"Clauses":55699,"Literals":135845,"LEARNT_Limit":35378,"LEARNT_Clauses":1349,"LEARNT_Lit/Cl":17,"Progress":39.167}
{"Event":"Restart","Time":0.398,"AdjustCount":467,"Restarts":11,"Conflicts":1610,"Decisions":6293,"Propagations":1880119,"Vars":19744,"Clauses":55699,"Literals":135845,"LEARNT_Limit":35378,"LEARNT_Clauses":1550,"LEARNT_Lit/Cl":17,"Progress":39.167}
{"Event":"Restart","Time":0.417,"AdjustCount":367,"Restarts":12,"Conflicts":1710,"Decisions":6499,"Propagations":2011266,"Vars":19744,"Clauses":55699,"Literals":135845,"LEARNT_Limit":35378,"LEARNT_Clauses":1650,"LEARNT_Lit/Cl":17,"Progress":39.167}
{"Event":"Restart","Time":0.433,"AdjustCount":267,"Restarts":13,"Conflicts":1810,"Decisions":6653,"Propagations":2100190,"Vars":19744,"Clauses":55699,"Literals":135845,"LEARNT_Limit":35378,"LEARNT_Clauses":1750,"LEARNT_Lit/Cl":17,"Progress":39.167}
{"Event":"Restart","Time":0.469,"AdjustCount":66,"Restarts":14,"Conflicts":2011,"Decisions":7099,"Propagations":2307849,"Vars":19744,"Clauses":55699,"Literals":135845,"LEARNT_Limit":35378,"LEARNT_Clauses":1951,"LEARNT_Lit/Cl":17,"Progress":39.167}
{"Event":"LearnMore","Time":0.484,"AdjustCount":1139,"Restarts":14,"Conflicts":2077,"Decisions":7199,"Propagations":2396438,"Vars":19744,"Clauses":55699,"Literals":135845,"LEARNT_Limit":38916,"LEARNT_Clauses":2017,"LEARNT_Lit/Cl":17,"Progress":39.167}
{"Event":"Restart","Time":0.549,"AdjustCount":804,"Restarts":15,"Conflicts":2412,"Decisions":7743,"Propagations":2777923,"Vars":19744,"Clauses":55699,"Literals":135845,"LEARNT_Limit":38916,"LEARNT_Clauses":2352,"LEARNT_Lit/Cl":17,"Progress":39.167}
{"Event":"Restart","Time":0.694,"AdjustCount":4,"Restarts":16,"Conflicts":3212,"Decisions":8839,"Propagations":3545064,"Vars":19741,"Clauses":55688,"Literals":135820,"LEARNT_Limit":38916,"LEARNT_Clauses":3151,"LEARNT_Lit/Cl":18,"Progress":39.176}
{"Event":"LearnMore","Time":0.694,"AdjustCount":1708,"Restarts":16,"Conflicts":3216,"Decisions":8841,"Propagations":3546075,"Vars":19741,"Clauses":55688,"Literals":135820,"LEARNT_Limit":42808,"LEARNT_Clauses":3155,"LEARNT_Lit/Cl":18,"Progress":39.176}
{"Event":"Restart","Time":0.713,"AdjustCount":1612,"Restarts":17,"Conflicts":3312,"Decisions":8976,"Propagations":3657466,"Vars":19741,"Clauses":55688,"Literals":135820,"LEARNT_Limit":42808,"LEARNT_Clauses":3251,"LEARNT_Lit/Cl":18,"Progress":39.176}
{"Event":"Restart","Time":0.731,"AdjustCount":1510,"Restarts":18,"Conflicts":3414,"Decisions":9143,"Propagations":3758759,"Vars":19741,"Clauses":55688,"Literals":135820,"LEARNT_Limit":42808,"LEARNT_Clauses":3353,"LEARNT_Lit/Cl":18,"Progress":39.176}
{"Event":"Restart","Time":0.762,"AdjustCount":1309,"Restarts":19,"Conflicts":3615,"Decisions":9432,"Propagations":3936783,"Vars":19741,"Clauses":55688,"Literals":135820,"LEARNT_Limit":42808,"LEARNT_Clauses":3554,"LEARNT_Lit/Cl":18,"Progress":39.176}
{"Event":"Restart","Time":0.776,"AdjustCount":1204,"Restarts":20,"Conflicts":3720,"Decisions":9576,"Propagations":4023079,"Vars":19741,"Clauses":55688,"Literals":135820,"LEARNT_Limit":42808,"LEARNT_Clauses":3659,"LEARNT_Lit/Cl":18,"Progress":39.176}
{"Event":"Restart","Time":0.793,"AdjustCount":1104,"Restarts":21,"Conflicts":3820,"Decisions":9727,"Propagations":4123259,"Vars":19741,"Clauses":55688,"Literals":135820,"LEARNT_Limit":42808,"LEARNT_Clauses":3759,"LEARNT_Lit/Cl":18,"Progress":39.176}
{"Event":"Restart","Time":0.830,"AdjustCount":904,"Restarts":22,"Conflicts":4020,"Decisions":10035,"Propagations":4336001,"Vars":19741,"Clauses":55688,"Literals":135820,"LEARNT_Limit":42808,"LEARNT_Clauses":3959,"LEARNT_Lit/Cl":18,"Progress":39.176}
{"Event":"Restart","Time":0.898,"AdjustCount":504,"Restarts":23,"Conflicts":4420,"Decisions":10646,"Propagations":4679667,"Vars":19740,"Clauses":55684,"Literals":135812,"LEARNT_Limit":42808,"LEARNT_Clauses":4358,"LEARNT_Lit/Cl":18,"Progress":39.179}
{"Event":"Restart","Time":0.921,"AdjustCount":404,"Restarts":24,"Conflicts":4520,"Decisions":10784,"Propagations":4806847,"Vars":19740,"Clauses":55684,"Literals":135812,"LEARNT_Limit":42808,"LEARNT_Clauses":4458,"LEARNT_Lit/Cl":18,"Progress":39.179}
{"Event":"Restart","Time":0.942,"AdjustCount":304,"Restarts":25,"Conflicts":4620,"Decisions":10982,"Propagations":4929381,"Vars":19740,"Clauses":55684,"Literals":135812,"LEARNT_Limit":42808,"LEARNT_Clauses":4558,"LEARNT_Lit/Cl":18,"Progress":39.179}
{"Event":"Restart","Time":0.978,"AdjustCount":104,"Restarts":26,"Conflicts":4820,"Decisions":11282,"Propagations":5102407,"Vars":19739,"Clauses":55680,"Literals":135804,"LEARNT_Limit":42808,"LEARNT_Clauses":4757,"LEARNT_Lit/Cl":18,"Progress":39.182}
{"Event":"Restart","Time":0.993,"AdjustCount":4,"Restarts":27,"Conflicts":4920,"Decisions":11420,"Propagations":5190236,"Vars":19739,"Clauses":55680,"Literals":135804,"LEARNT_Limit":42808,"LEARNT_Clauses":4857,"LEARNT_Lit/Cl":18,"Progress":39.182}
{"Event":"LearnMore","Time":0.994,"AdjustCount":2562,"Restarts":27,"Conflicts":4924,"Decisions":11424,"Propagations":5192260,"Vars":19739,"Clauses":55680,"Literals":135804,"LEARNT_Limit":47088,"LEARNT_Clauses":4861,"LEARNT_Lit/Cl":18,"Progress":39.182}
{"Event":"Restart","Time":1.017,"AdjustCount":2465,"Restarts":28,"Conflicts":5021,"Decisions":11576,"Propagations":5316455,"Vars":19739,"Clauses":55680,"Literals":135804,"LEARNT_Limit":47088,"LEARNT_Clauses":4958,"LEARNT_Lit/Cl":18,"Progress":39.182}
{"Event":"Restart","Time":1.047,"AdjustCount":2265,"Restarts":29,"Conflicts":5221,"Decisions":11808,"Propagations":5492285,"Vars":19739,"Clauses":55680,"Literals":135804,"LEARNT_Limit":47088,"LEARNT_Clauses":5158,"LEARNT_Lit/Cl":18,"Progress":39.182}
{"Event":"Restart","Time":1.126,"AdjustCount":1865,"Restarts":30,"Conflicts":5621,"Decisions":12354,"Propagations":5917185,"Vars":19739,"Clauses":55680,"Literals":135804,"LEARNT_Limit":47088,"LEARNT_Clauses":5558,"LEARNT_Lit/Cl":18,"Progress":39.182}
{"Event":"Restart","Time":1.299,"AdjustCount":1065,"Restarts":31,"Conflicts":6421,"Decisions":13381,"Propagations":6762943,"Vars":19738,"Clauses":55677,"Literals":135798,"LEARNT_Limit":47088,"LEARNT_Clauses":6357,"LEARNT_Lit/Cl":17,"Progress":39.185}
{"Event":"LearnMore","Time":1.510,"AdjustCount":3844,"Restarts":31,"Conflicts":7486,"Decisions":15045,"Propagations":7950545,"Vars":19738,"Clauses":55677,"Literals":135798,"LEARNT_Limit":51797,"LEARNT_Clauses":7422,"LEARNT_Lit/Cl":17,"Progress":39.185}
{"Event":"Restart","Time":1.627,"AdjustCount":3308,"Restarts":32,"Conflicts":8022,"Decisions":15746,"Propagations":8592285,"Vars":19738,"Clauses":55677,"Literals":135798,"LEARNT_Limit":51797,"LEARNT_Clauses":7958,"LEARNT_Lit/Cl":17,"Progress":39.185}
{"Event":"Restart","Time":1.643,"AdjustCount":3207,"Restarts":33,"Conflicts":8123,"Decisions":15895,"Propagations":8674746,"Vars":19738,"Clauses":55677,"Literals":135798,"LEARNT_Limit":51797,"LEARNT_Clauses":8059,"LEARNT_Lit/Cl":17,"Progress":39.185}
{"Event":"Restart","Time":1.665,"AdjustCount":3107,"Restarts":34,"Conflicts":8223,"Decisions":16026,"Propagations":8790855,"Vars":19738,"Clauses":55677,"Literals":135798,"LEARNT_Limit":51797,"LEARNT_Clauses":8159,"LEARNT_Lit/Cl":17,"Progress":39.185}
{"Event":"Restart","Time":1.708,"AdjustCount":2907,"Restarts":35,"Conflicts":8423,"Decisions":16322,"Propagations":9006761,"Vars":19738,"Clauses":55677,"Literals":135798,"LEARNT_Limit":51797,"LEARNT_Clauses":8359,"LEARNT_Lit/Cl":17,"Progress":39.185}
{"Event":"Restart","Time":1.730,"AdjustCount":2805,"Restarts":36,"Conflicts":8525,"Decisions":16454,"Propagations":9125476,"Vars":19738,"Clauses":55677,"Literals":135798,"LEARNT_Limit":51797,"LEARNT_Clauses":8461,"LEARNT_Lit/Cl":17,"Progress":39.185}
{"Event":"Restart","Time":1.751,"AdjustCount":2705,"Restarts":37,"Conflicts":8625,"Decisions":16653,"Propagations":9241152,"Vars":19738,"Clauses":55677,"Literals":135798,"LEARNT_Limit":51797,"LEARNT_Clauses":8561,"LEARNT_Lit/Cl":17,"Progress":39.185}
{"Event":"Restart","Time":1.796,"AdjustCount":2505,"Restarts":38,"Conflicts":8825,"Decisions":16920,"Propagations":9461866,"Vars":19738,"Clauses":55677,"Literals":135798,"LEARNT_Limit":51797,"LEARNT_Clauses":8761,"LEARNT_Lit/Cl":17,"Progress":39.185}
{"Event":"Restart","Time":1.884,"AdjustCount":2105,"Restarts":39,"Conflicts":9225,"Decisions":17433,"Propagations":9895091,"Vars":19738,"Clauses":55677,"Literals":135798,"LEARNT_Limit":51797,"LEARNT_Clauses":9161,"LEARNT_Lit/Cl":17,"Progress":39.185}
{"Event":"Restart","Time":1.916,"AdjustCount":2004,"Restarts":40,"Conflicts":9326,"Decisions":17578,"Propagations":10051722,"Vars":19704,"Clauses":55617,"Literals":135670,"LEARNT_Limit":51797,"LEARNT_Clauses":9007,"LEARNT_Lit/Cl":17,"Progress":39.290}
{"Event":"Restart","Time":1.942,"AdjustCount":1903,"Restarts":41,"Conflicts":9427,"Decisions":17688,"Propagations":10185724,"Vars":19704,"Clauses":55617,"Literals":135670,"LEARNT_Limit":51797,"LEARNT_Clauses":9108,"LEARNT_Lit/Cl":17,"Progress":39.290}
===============================================================================
restarts              : 41
conflicts             : 9572           (4813 /sec)
decisions             : 17851          (0.00 % random) (8976 /sec)
propagations          : 10423968       (5241275 /sec)
conflict literals     : 159355         (41.36 % deleted)
Memory used           : 13.00 MB
CPU time              : 1.98882 s

UNSATISFIABLE
