WARNING: for repeatability, setting FPU to use double precision
============================[ Problem Statistics ]=============================
|                                                                             |
|  Number of variables:         47273                                         |
|  Number of clauses:          149205                                         |
|  Parse time:                   0.09 s                                       |
|                                                                             |
============================[ Search Statistics ]==============================
| Conflicts |          ORIGINAL         |          LEARNT          | Progress |
|           |    Vars  Clauses Literals |    Limit  Clauses Lit/Cl |          |
===============================================================================
{"Event":"Restart","Time":0.122,"AdjustCount":99,"Restarts":1,"Conflicts":1,"Decisions":27,"Propagations":16264,"Vars":34029,"Clauses":101560,"Literals":248933,"LEARNT_Limit":33853,"LEARNT_Clauses":0,"LEARNT_Lit/Cl":-nan,"Progress":28.016}
{"Event":"LearnMore","Time":0.174,"AdjustCount":150,"Restarts":1,"Conflicts":100,"Decisions":1951,"Propagations":294474,"Vars":33143,"Clauses":101560,"Literals":248933,"LEARNT_Limit":37238,"LEARNT_Clauses":88,"LEARNT_Lit/Cl":4,"Progress":29.890}
{"Event":"Restart","Time":0.182,"AdjustCount":149,"Restarts":2,"Conflicts":101,"Decisions":2039,"Propagations":316489,"Vars":33143,"Clauses":97669,"Literals":239311,"LEARNT_Limit":37238,"LEARNT_Clauses":82,"LEARNT_Lit/Cl":4,"Progress":29.890}
{"Event":"Restart","Time":0.236,"AdjustCount":48,"Restarts":3,"Conflicts":202,"Decisions":3933,"Propagations":617734,"Vars":30516,"Clauses":87442,"Literals":213457,"LEARNT_Limit":37238,"LEARNT_Clauses":157,"LEARNT_Lit/Cl":6,"Progress":35.447}
{"Event":"LearnMore","Time":0.253,"AdjustCount":225,"Restarts":3,"Conflicts":250,"Decisions":4660,"Propagations":718015,"Vars":30478,"Clauses":87442,"Literals":213457,"LEARNT_Limit":40962,"LEARNT_Clauses":204,"LEARNT_Lit/Cl":6,"Progress":35.528}
{"Event":"Restart","Time":0.302,"AdjustCount":72,"Restarts":4,"Conflicts":403,"Decisions":6140,"Propagations":997368,"Vars":30003,"Clauses":85408,"Literals":208332,"LEARNT_Limit":40962,"LEARNT_Clauses":348,"LEARNT_Lit/Cl":6,"Progress":36.532}
{"Event":"LearnMore","Time":0.321,"AdjustCount":337,"Restarts":4,"Conflicts":475,"Decisions":6723,"Propagations":1096805,"Vars":30003,"Clauses":85408,"Literals":208332,"LEARNT_Limit":45058,"LEARNT_Clauses":420,"LEARNT_Lit/Cl":7,"Progress":36.532}
{"Event":"Restart","Time":0.329,"AdjustCount":309,"Restarts":5,"Conflicts":503,"Decisions":6933,"Propagations":1147830,"Vars":30003,"Clauses":85408,"Literals":208332,"LEARNT_Limit":45058,"LEARNT_Clauses":448,"LEARNT_Lit/Cl":7,"Progress":36.532}
{"Event":"Restart","Time":0.352,"AdjustCount":208,"Restarts":6,"Conflicts":604,"Decisions":7568,"Propagations":1295435,"Vars":29981,"Clauses":85386,"Literals":208286,"LEARNT_Limit":45058,"LEARNT_Clauses":547,"LEARNT_Lit/Cl":7,"Progress":36.579}
{"Event":"Restart","Time":0.389,"AdjustCount":8,"Restarts":7,"Conflicts":804,"Decisions":8187,"Propagations":1502519,"Vars":29981,"Clauses":85325,"Literals":208134,"LEARNT_Limit":45058,"LEARNT_Clauses":744,"LEARNT_Lit/Cl":8,"Progress":36.579}
{"Event":"LearnMore","Time":0.393,"AdjustCount":506,"Restarts":7,"Conflicts":812,"Decisions":8318,"Propagations":1522306,"Vars":29951,"Clauses":85325,"Literals":208134,"LEARNT_Limit":49564,"LEARNT_Clauses":750,"LEARNT_Lit/Cl":8,"Progress":36.642}
{"Event":"Restart","Time":0.460,"AdjustCount":114,"Restarts":8,"Conflicts":1204,"Decisions":9250,"Propagations":1929292,"Vars":29924,"Clauses":85171,"Literals":207775,"LEARNT_Limit":49564,"LEARNT_Clauses":1142,"LEARNT_Lit/Cl":10,"Progress":36.700}
{"Event":"Restart","Time":0.494,"AdjustCount":14,"Restarts":9,"Conflicts":1304,"Decisions":9674,"Propagations":2106663,"Vars":29924,"Clauses":85171,"Literals":207775,"LEARNT_Limit":49564,"LEARNT_Clauses":1242,"LEARNT_Lit/Cl":11,"Progress":36.700}
{"Event":"LearnMore","Time":0.497,"AdjustCount":759,"Restarts":9,"Conflicts":1318,"Decisions":9711,"Propagations":2119134,"Vars":29924,"Clauses":85171,"Literals":207775,"LEARNT_Limit":54521,"LEARNT_Clauses":1256,"LEARNT_Lit/Cl":11,"Progress":36.700}
{"Event":"Restart","Time":0.510,"AdjustCount":673,"Restarts":10,"Conflicts":1404,"Decisions":9879,"Propagations":2189912,"Vars":29924,"Clauses":85171,"Literals":207775,"LEARNT_Limit":54521,"LEARNT_Clauses":1342,"LEARNT_Lit/Cl":12,"Progress":36.700}
{"Event":"Restart","Time":0.545,"AdjustCount":470,"Restarts":11,"Conflicts":1607,"Decisions":10239,"Propagations":2370877,"Vars":29924,"Clauses":85171,"Literals":207775,"LEARNT_Limit":54521,"LEARNT_Clauses":1545,"LEARNT_Lit/Cl":12,"Progress":36.700}
{"Event":"Restart","Time":0.568,"AdjustCount":369,"Restarts":12,"Conflicts":1708,"Decisions":10569,"Propagations":2493577,"Vars":29924,"Clauses":85171,"Literals":207775,"LEARNT_Limit":54521,"LEARNT_Clauses":1646,"LEARNT_Lit/Cl":13,"Progress":36.700}
{"Event":"Restart","Time":0.590,"AdjustCount":269,"Restarts":13,"Conflicts":1808,"Decisions":10881,"Propagations":2605675,"Vars":29924,"Clauses":85171,"Literals":207775,"LEARNT_Limit":54521,"LEARNT_Clauses":1746,"LEARNT_Lit/Cl":13,"Progress":36.700}
{"Event":"Restart","Time":0.627,"AdjustCount":68,"Restarts":14,"Conflicts":2009,"Decisions":11384,"Propagations":2814076,"Vars":29924,"Clauses":85171,"Literals":207775,"LEARNT_Limit":54521,"LEARNT_Clauses":1947,"LEARNT_Lit/Cl":14,"Progress":36.700}
{"Event":"LearnMore","Time":0.637,"AdjustCount":1139,"Restarts":14,"Conflicts":2077,"Decisions":11519,"Propagations":2879468,"Vars":29924,"Clauses":85171,"Literals":207775,"LEARNT_Limit":59973,"LEARNT_Clauses":2015,"LEARNT_Lit/Cl":13,"Progress":36.700}
{"Event":"Restart","Time":0.686,"AdjustCount":805,"Restarts":15,"Conflicts":2411,"Decisions":12306,"Propagations":3179815,"Vars":29924,"Clauses":85171,"Literals":207775,"LEARNT_Limit":59973,"LEARNT_Clauses":2349,"LEARNT_Lit/Cl":13,"Progress":36.700}
{"Event":"Restart","Time":0.870,"AdjustCount":5,"Restarts":16,"Conflicts":3211,"Decisions":13614,"Propagations":4111936,"Vars":29923,"Clauses":85168,"Literals":207769,"LEARNT_Limit":59973,"LEARNT_Clauses":3148,"LEARNT_Lit/Cl":17,"Progress":36.702}
{"Event":"LearnMore","Time":0.873,"AdjustCount":1708,"Restarts":16,"Conflicts":3216,"Decisions":13636,"Propagations":4126726,"Vars":29923,"Clauses":85168,"Literals":207769,"LEARNT_Limit":65970,"LEARNT_Clauses":3153,"LEARNT_Lit/Cl":17,"Progress":36.702}
{"Event":"Restart","Time":0.895,"AdjustCount":1611,"Restarts":17,"Conflicts":3313,"Decisions":13850,"Propagations":4237682,"Vars":29923,"Clauses":85168,"Literals":207769,"LEARNT_Limit":65970,"LEARNT_Clauses":3250,"LEARNT_Lit/Cl":17,"Progress":36.702}
{"Event":"Restart","Time":0.919,"AdjustCount":1508,"Restarts":18,"Conflicts":3416,"Decisions":14079,"Propagations":4340693,"Vars":29923,"Clauses":85168,"Literals":207769,"LEARNT_Limit":65970,"LEARNT_Clauses":3353,"LEARNT_Lit/Cl":17,"Progress":36.702}
{"Event":"Restart","Time":0.963,"AdjustCount":1308,"Restarts":19,"Conflicts":3616,"Decisions":14405,"Propagations":4574661,"Vars":29923,"Clauses":85168,"Literals":207769,"LEARNT_Limit":65970,"LEARNT_Clauses":3553,"LEARNT_Lit/Cl":18,"Progress":36.702}
{"Event":"Restart","Time":0.990,"AdjustCount":1208,"Restarts":20,"Conflicts":3716,"Decisions":14680,"Propagations":4717708,"Vars":29922,"Clauses":85164,"Literals":207761,"LEARNT_Limit":65970,"LEARNT_Clauses":3652,"LEARNT_Lit/Cl":18,"Progress":36.704}
{"Event":"Restart","Time":1.008,"AdjustCount":1106,"Restarts":21,"Conflicts":3818,"Decisions":14862,"Propagations":4816834,"Vars":29922,"Clauses":85164,"Literals":207761,"LEARNT_Limit":65970,"LEARNT_Clauses":3754,"LEARNT_Lit/Cl":18,"Progress":36.704}
{"Event":"Restart","Time":1.048,"AdjustCount":906,"Restarts":22,"Conflicts":4018,"Decisions":15298,"Propagations":5027414,"Vars":29922,"Clauses":85164,"Literals":207761,"LEARNT_Limit":65970,"LEARNT_Clauses":3954,"LEARNT_Lit/Cl":18,"Progress":36.704}
{"Event":"Restart","Time":1.116,"AdjustCount":505,"Restarts":23,"Conflicts":4419,"Decisions":16028,"Propagations":5395846,"Vars":29922,"Clauses":85164,"Literals":207761,"LEARNT_Limit":65970,"LEARNT_Clauses":4355,"LEARNT_Lit/Cl":19,"Progress":36.704}
{"Event":"Restart","Time":1.136,"AdjustCount":404,"Restarts":24,"Conflicts":4520,"Decisions":16180,"Propagations":5508839,"Vars":29922,"Clauses":85164,"Literals":207761,"LEARNT_Limit":65970,"LEARNT_Clauses":4456,"LEARNT_Lit/Cl":19,"Progress":36.704}
{"Event":"Restart","Time":1.160,"AdjustCount":303,"Restarts":25,"Conflicts":4621,"Decisions":16435,"Propagations":5603992,"Vars":29921,"Clauses":85161,"Literals":207755,"LEARNT_Limit":65970,"LEARNT_Clauses":4556,"LEARNT_Lit/Cl":19,"Progress":36.706}
{"Event":"Restart","Time":1.203,"AdjustCount":103,"Restarts":26,"Conflicts":4821,"Decisions":17021,"Propagations":5808436,"Vars":29921,"Clauses":85161,"Literals":207755,"LEARNT_Limit":65970,"LEARNT_Clauses":4756,"LEARNT_Lit/Cl":19,"Progress":36.706}
{"Event":"Restart","Time":1.238,"AdjustCount":1,"Restarts":27,"Conflicts":4923,"Decisions":17299,"Propagations":5981388,"Vars":29921,"Clauses":85161,"Literals":207755,"LEARNT_Limit":65970,"LEARNT_Clauses":4858,"LEARNT_Lit/Cl":19,"Progress":36.706}
{"Event":"LearnMore","Time":1.238,"AdjustCount":2562,"Restarts":27,"Conflicts":4924,"Decisions":17300,"Propagations":5982287,"Vars":29921,"Clauses":85161,"Literals":207755,"LEARNT_Limit":72567,"LEARNT_Clauses":4859,"LEARNT_Lit/Cl":19,"Progress":36.706}
{"Event":"Restart","Time":1.256,"AdjustCount":2460,"Restarts":28,"Conflicts":5026,"Decisions":17469,"Propagations":6075566,"Vars":29921,"Clauses":85161,"Literals":207755,"LEARNT_Limit":72567,"LEARNT_Clauses":4961,"LEARNT_Lit/Cl":19,"Progress":36.706}
{"Event":"Restart","Time":1.322,"AdjustCount":2259,"Restarts":29,"Conflicts":5227,"Decisions":17884,"Propagations":6437116,"Vars":29921,"Clauses":85161,"Literals":207755,"LEARNT_Limit":72567,"LEARNT_Clauses":5162,"LEARNT_Lit/Cl":20,"Progress":36.706}
{"Event":"Restart","Time":1.421,"AdjustCount":1859,"Restarts":30,"Conflicts":5627,"Decisions":18472,"Propagations":6980951,"Vars":29921,"Clauses":85161,"Literals":207755,"LEARNT_Limit":72567,"LEARNT_Clauses":5562,"LEARNT_Lit/Cl":20,"Progress":36.706}
{"Event":"Restart","Time":1.581,"AdjustCount":1059,"Restarts":31,"Conflicts":6427,"Decisions":19628,"Propagations":7821928,"Vars":29921,"Clauses":85161,"Literals":207755,"LEARNT_Limit":72567,"LEARNT_Clauses":6362,"LEARNT_Lit/Cl":20,"Progress":36.706}
{"Event":"LearnMore","Time":1.782,"AdjustCount":3844,"Restarts":31,"Conflicts":7486,"Decisions":21177,"Propagations":8853367,"Vars":29921,"Clauses":85161,"Literals":207755,"LEARNT_Limit":79824,"LEARNT_Clauses":7421,"LEARNT_Lit/Cl":22,"Progress":36.706}
{"Event":"Restart","Time":1.905,"AdjustCount":3302,"Restarts":32,"Conflicts":8028,"Decisions":21999,"Propagations":9434845,"Vars":29920,"Clauses":85156,"Literals":207745,"LEARNT_Limit":79824,"LEARNT_Clauses":7962,"LEARNT_Lit/Cl":23,"Progress":36.708}
{"Event":"Restart","Time":1.925,"AdjustCount":3202,"Restarts":33,"Conflicts":8128,"Decisions":22182,"Propagations":9535692,"Vars":29920,"Clauses":85156,"Literals":207745,"LEARNT_Limit":79824,"LEARNT_Clauses":8062,"LEARNT_Lit/Cl":23,"Progress":36.708}
{"Event":"Restart","Time":1.949,"AdjustCount":3101,"Restarts":34,"Conflicts":8229,"Decisions":22394,"Propagations":9647609,"Vars":29920,"Clauses":85156,"Literals":207745,"LEARNT_Limit":79824,"LEARNT_Clauses":8163,"LEARNT_Lit/Cl":23,"Progress":36.708}
{"Event":"Restart","Time":1.985,"AdjustCount":2899,"Restarts":35,"Conflicts":8431,"Decisions":22685,"Propagations":9828077,"Vars":29920,"Clauses":85156,"Literals":207745,"LEARNT_Limit":79824,"LEARNT_Clauses":8365,"LEARNT_Lit/Cl":22,"Progress":36.708}
{"Event":"Restart","Time":2.006,"AdjustCount":2797,"Restarts":36,"Conflicts":8533,"Decisions":22964,"Propagations":9925614,"Vars":29920,"Clauses":85156,"Literals":207745,"LEARNT_Limit":79824,"LEARNT_Clauses":8467,"LEARNT_Lit/Cl":23,"Progress":36.708}
{"Event":"Restart","Time":2.046,"AdjustCount":2697,"Restarts":37,"Conflicts":8633,"Decisions":23159,"Propagations":10102758,"Vars":29920,"Clauses":85156,"Literals":207745,"LEARNT_Limit":79824,"LEARNT_Clauses":8567,"LEARNT_Lit/Cl":23,"Progress":36.708}
{"Event":"Restart","Time":2.084,"AdjustCount":2497,"Restarts":38,"Conflicts":8833,"Decisions":23521,"Propagations":10292756,"Vars":29920,"Clauses":85156,"Literals":207745,"LEARNT_Limit":79824,"LEARNT_Clauses":8767,"LEARNT_Lit/Cl":23,"Progress":36.708}
{"Event":"Restart","Time":2.200,"AdjustCount":2096,"Restarts":39,"Conflicts":9234,"Decisions":24324,"Propagations":10838384,"Vars":29915,"Clauses":85130,"Literals":207691,"LEARNT_Limit":79824,"LEARNT_Clauses":9166,"LEARNT_Lit/Cl":23,"Progress":36.719}
{"Event":"Restart","Time":2.229,"AdjustCount":1996,"Restarts":40,"Conflicts":9334,"Decisions":24558,"Propagations":10975619,"Vars":29915,"Clauses":85130,"Literals":207691,"LEARNT_Limit":79824,"LEARNT_Clauses":9266,"LEARNT_Lit/Cl":23,"Progress":36.719}
{"Event":"Restart","Time":2.253,"AdjustCount":1896,"Restarts":41,"Conflicts":9434,"Decisions":24764,"Propagations":11108244,"Vars":29915,"Clauses":85130,"Literals":207691,"LEARNT_Limit":79824,"LEARNT_Clauses":9366,"LEARNT_Lit/Cl":22,"Progress":36.719}
{"Event":"Restart","Time":2.294,"AdjustCount":1696,"Restarts":42,"Conflicts":9634,"Decisions":25127,"Propagations":11313720,"Vars":29915,"Clauses":85130,"Literals":207691,"LEARNT_Limit":79824,"LEARNT_Clauses":9566,"LEARNT_Lit/Cl":23,"Progress":36.719}
{"Event":"Restart","Time":2.315,"AdjustCount":1592,"Restarts":43,"Conflicts":9738,"Decisions":25400,"Propagations":11423739,"Vars":29915,"Clauses":85130,"Literals":207691,"LEARNT_Limit":79824,"LEARNT_Clauses":9670,"LEARNT_Lit/Cl":23,"Progress":36.719}
{"Event":"Restart","Time":2.332,"AdjustCount":1491,"Restarts":44,"Conflicts":9839,"Decisions":25587,"Propagations":11520476,"Vars":29915,"Clauses":85130,"Literals":207691,"LEARNT_Limit":79824,"LEARNT_Clauses":9771,"LEARNT_Lit/Cl":23,"Progress":36.719}
{"Event":"Restart","Time":2.373,"AdjustCount":1291,"Restarts":45,"Conflicts":10039,"Decisions":25919,"Propagations":11733472,"Vars":29915,"Clauses":85130,"Literals":207691,"LEARNT_Limit":79824,"LEARNT_Clauses":9971,"LEARNT_Lit/Cl":23,"Progress":36.719}
{"Event":"Restart","Time":2.475,"AdjustCount":891,"Restarts":46,"Conflicts":10439,"Decisions":26725,"Propagations":12227783,"Vars":29915,"Clauses":85130,"Literals":207691,"LEARNT_Limit":79824,"LEARNT_Clauses":10371,"LEARNT_Lit/Cl":23,"Progress":36.719}
{"Event":"Restart","Time":2.638,"AdjustCount":91,"Restarts":47,"Conflicts":11239,"Decisions":28104,"Propagations":13013208,"Vars":29914,"Clauses":85126,"Literals":207683,"LEARNT_Limit":79824,"LEARNT_Clauses":11170,"LEARNT_Lit/Cl":23,"Progress":36.721}
{"Event":"LearnMore","Time":2.655,"AdjustCount":5766,"Restarts":47,"Conflicts":11330,"Decisions":28270,"Propagations":13101755,"Vars":29914,"Clauses":85126,"Literals":207683,"LEARNT_Limit":87806,"LEARNT_Clauses":11261,"LEARNT_Lit/Cl":23,"Progress":36.721}
{"Event":"Restart","Time":2.657,"AdjustCount":5755,"Restarts":48,"Conflicts":11341,"Decisions":28291,"Propagations":13108574,"Vars":29914,"Clauses":85126,"Literals":207683,"LEARNT_Limit":87806,"LEARNT_Clauses":11272,"LEARNT_Lit/Cl":23,"Progress":36.721}
{"Event":"Restart","Time":2.680,"AdjustCount":5654,"Restarts":49,"Conflicts":11442,"Decisions":28562,"Propagations":13216433,"Vars":29914,"Clauses":85126,"Literals":207683,"LEARNT_Limit":87806,"LEARNT_Clauses":11373,"LEARNT_Lit/Cl":23,"Progress":36.721}
{"Event":"Restart","Time":2.736,"AdjustCount":5454,"Restarts":50,"Conflicts":11642,"Decisions":28984,"Propagations":13485239,"Vars":29914,"Clauses":85126,"Literals":207683,"LEARNT_Limit":87806,"LEARNT_Clauses":11573,"LEARNT_Lit/Cl":23,"Progress":36.721}
{"Event":"Restart","Time":2.762,"AdjustCount":5354,"Restarts":51,"Conflicts":11742,"Decisions":29137,"Propagations":13611944,"Vars":29914,"Clauses":85126,"Literals":207683,"LEARNT_Limit":87806,"LEARNT_Clauses":11673,"LEARNT_Lit/Cl":23,"Progress":36.721}
{"Event":"Restart","Time":2.795,"AdjustCount":5252,"Restarts":52,"Conflicts":11844,"Decisions":29303,"Propagations":13764817,"Vars":29914,"Clauses":85126,"Literals":207683,"LEARNT_Limit":87806,"LEARNT_Clauses":11775,"LEARNT_Lit/Cl":23,"Progress":36.721}
{"Event":"Restart","Time":2.838,"AdjustCount":5052,"Restarts":53,"Conflicts":12044,"Decisions":29610,"Propagations":13969161,"Vars":29914,"Clauses":85126,"Literals":207683,"LEARNT_Limit":87806,"LEARNT_Clauses":11975,"LEARNT_Lit/Cl":23,"Progress":36.721}
{"Event":"Restart","Time":2.940,"AdjustCount":4650,"Restarts":54,"Conflicts":12446,"Decisions":30218,"Propagations":14443151,"Vars":29914,"Clauses":85126,"Literals":207683,"LEARNT_Limit":87806,"LEARNT_Clauses":12377,"LEARNT_Lit/Cl":24,"Progress":36.721}
{"Event":"Restart","Time":2.967,"AdjustCount":4548,"Restarts":55,"Conflicts":12548,"Decisions":30365,"Propagations":14558899,"Vars":29914,"Clauses":85126,"Literals":207683,"LEARNT_Limit":87806,"LEARNT_Clauses":12479,"LEARNT_Lit/Cl":24,"Progress":36.721}
{"Event":"Restart","Time":2.992,"AdjustCount":4446,"Restarts":56,"Conflicts":12650,"Decisions":30582,"Propagations":14672501,"Vars":29914,"Clauses":85126,"Literals":207683,"LEARNT_Limit":87806,"LEARNT_Clauses":12581,"LEARNT_Lit/Cl":24,"Progress":36.721}
{"Event":"Restart","Time":3.062,"AdjustCount":4244,"Restarts":57,"Conflicts":12852,"Decisions":30954,"Propagations":14932854,"Vars":29914,"Clauses":85126,"Literals":207683,"LEARNT_Limit":87806,"LEARNT_Clauses":12783,"LEARNT_Lit/Cl":24,"Progress":36.721}
{"Event":"Restart","Time":3.084,"AdjustCount":4144,"Restarts":58,"Conflicts":12952,"Decisions":31113,"Propagations":15028111,"Vars":29914,"Clauses":85126,"Literals":207683,"LEARNT_Limit":87806,"LEARNT_Clauses":12883,"LEARNT_Lit/Cl":24,"Progress":36.721}
{"Event":"Restart","Time":3.108,"AdjustCount":4044,"Restarts":59,"Conflicts":13052,"Decisions":31278,"Propagations":15137053,"Vars":29914,"Clauses":85126,"Literals":207683,"LEARNT_Limit":87806,"LEARNT_Clauses":12983,"LEARNT_Lit/Cl":24,"Progress":36.721}
{"Event":"Restart","Time":3.156,"AdjustCount":3844,"Restarts":60,"Conflicts":13252,"Decisions":31596,"Propagations":15338354,"Vars":29914,"Clauses":85126,"Literals":207683,"LEARNT_Limit":87806,"LEARNT_Clauses":13183,"LEARNT_Lit/Cl":24,"Progress":36.721}
{"Event":"Restart","Time":3.245,"AdjustCount":3444,"Restarts":61,"Conflicts":13652,"Decisions":32169,"Propagations":15754323,"Vars":29914,"Clauses":85126,"Literals":207683,"LEARNT_Limit":87806,"LEARNT_Clauses":13583,"LEARNT_Lit/Cl":24,"Progress":36.721}
{"Event":"Restart","Time":3.430,"AdjustCount":2642,"Restarts":62,"Conflicts":14454,"Decisions":33262,"Propagations":16644664,"Vars":29913,"Clauses":85123,"Literals":207677,"LEARNT_Limit":87806,"LEARNT_Clauses":14384,"LEARNT_Lit/Cl":24,"Progress":36.723}
{"Event":"Restart","Time":3.851,"AdjustCount":1040,"Restarts":63,"Conflicts":16056,"Decisions":35436,"Propagations":18438557,"Vars":29912,"Clauses":85120,"Literals":207671,"LEARNT_Limit":87806,"LEARNT_Clauses":15985,"LEARNT_Lit/Cl":24,"Progress":36.725}
{"Event":"LearnMore","Time":4.107,"AdjustCount":8649,"Restarts":63,"Conflicts":17096,"Decisions":36869,"Propagations":19592463,"Vars":29912,"Clauses":85120,"Literals":207671,"LEARNT_Limit":96587,"LEARNT_Clauses":17025,"LEARNT_Lit/Cl":24,"Progress":36.725}
{"Event":"Restart","Time":4.679,"AdjustCount":6486,"Restarts":64,"Conflicts":19259,"Decisions":39650,"Propagations":22056972,"Vars":29912,"Clauses":85120,"Literals":207671,"LEARNT_Limit":96587,"LEARNT_Clauses":19188,"LEARNT_Lit/Cl":24,"Progress":36.725}
{"Event":"Restart","Time":4.711,"AdjustCount":6385,"Restarts":65,"Conflicts":19360,"Decisions":39808,"Propagations":22191560,"Vars":29912,"Clauses":85120,"Literals":207671,"LEARNT_Limit":96587,"LEARNT_Clauses":19289,"LEARNT_Lit/Cl":24,"Progress":36.725}
{"Event":"Restart","Time":4.736,"AdjustCount":6284,"Restarts":66,"Conflicts":19461,"Decisions":39946,"Propagations":22317836,"Vars":29912,"Clauses":85120,"Literals":207671,"LEARNT_Limit":96587,"LEARNT_Clauses":19390,"LEARNT_Lit/Cl":24,"Progress":36.725}
{"Event":"Restart","Time":4.805,"AdjustCount":6084,"Restarts":67,"Conflicts":19661,"Decisions":40235,"Propagations":22590280,"Vars":29912,"Clauses":85120,"Literals":207671,"LEARNT_Limit":96587,"LEARNT_Clauses":19590,"LEARNT_Lit/Cl":24,"Progress":36.725}
{"Event":"Restart","Time":4.843,"AdjustCount":5984,"Restarts":68,"Conflicts":19761,"Decisions":40416,"Propagations":22726958,"Vars":29912,"Clauses":85120,"Literals":207671,"LEARNT_Limit":96587,"LEARNT_Clauses":19690,"LEARNT_Lit/Cl":24,"Progress":36.725}
{"Event":"Restart","Time":4.872,"AdjustCount":5882,"Restarts":69,"Conflicts":19863,"Decisions":40535,"Propagations":22840737,"Vars":29912,"Clauses":85120,"Literals":207671,"LEARNT_Limit":96587,"LEARNT_Clauses":19792,"LEARNT_Lit/Cl":24,"Progress":36.725}
{"Event":"Restart","Time":4.928,"AdjustCount":5682,"Restarts":70,"Conflicts":20063,"Decisions":40810,"Propagations":23063338,"Vars":29912,"Clauses":85120,"Literals":207671,"LEARNT_Limit":96587,"LEARNT_Clauses":19992,"LEARNT_Lit/Cl":24,"Progress":36.725}
{"Event":"Restart","Time":5.033,"AdjustCount":5282,"Restarts":71,"Conflicts":20463,"Decisions":41321,"Propagations":23454509,"Vars":29912,"Clauses":85120,"Literals":207671,"LEARNT_Limit":96587,"LEARNT_Clauses":20392,"LEARNT_Lit/Cl":24,"Progress":36.725}
{"Event":"Restart","Time":5.067,"AdjustCount":5182,"Restarts":72,"Conflicts":20563,"Decisions":41495,"Propagations":23590355,"Vars":29912,"Clauses":85120,"Literals":207671,"LEARNT_Limit":96587,"LEARNT_Clauses":20492,"LEARNT_Lit/Cl":24,"Progress":36.725}
{"Event":"Restart","Time":5.105,"AdjustCount":5080,"Restarts":73,"Conflicts":20665,"Decisions":41748,"Propagations":23759272,"Vars":29912,"Clauses":85120,"Literals":207671,"LEARNT_Limit":96587,"LEARNT_Clauses":20594,"LEARNT_Lit/Cl":24,"Progress":36.725}
{"Event":"Restart","Time":5.168,"AdjustCount":4878,"Restarts":74,"Conflicts":20867,"Decisions":42025,"Propagations":24000693,"Vars":29912,"Clauses":85120,"Literals":207671,"LEARNT_Limit":96587,"LEARNT_Clauses":20796,"LEARNT_Lit/Cl":24,"Progress":36.725}
{"Event":"Restart","Time":5.196,"AdjustCount":4778,"Restarts":75,"Conflicts":20967,"Decisions":42198,"Propagations":24106844,"Vars":29912,"Clauses":85120,"Literals":207671,"LEARNT_Limit":96587,"LEARNT_Clauses":20896,"LEARNT_Lit/Cl":24,"Progress":36.725}
{"Event":"Restart","Time":5.218,"AdjustCount":4678,"Restarts":76,"Conflicts":21067,"Decisions":42357,"Propagations":24204165,"Vars":29912,"Clauses":85120,"Literals":207671,"LEARNT_Limit":96587,"LEARNT_Clauses":20996,"LEARNT_Lit/Cl":24,"Progress":36.725}
{"Event":"Restart","Time":5.270,"AdjustCount":4477,"Restarts":77,"Conflicts":21268,"Decisions":42687,"Propagations":24404825,"Vars":29912,"Clauses":85120,"Literals":207671,"LEARNT_Limit":96587,"LEARNT_Clauses":21197,"LEARNT_Lit/Cl":24,"Progress":36.725}
{"Event":"Restart","Time":5.389,"AdjustCount":4077,"Restarts":78,"Conflicts":21668,"Decisions":43162,"Propagations":24868233,"Vars":29912,"Clauses":85120,"Literals":207671,"LEARNT_Limit":96587,"LEARNT_Clauses":21597,"LEARNT_Lit/Cl":24,"Progress":36.725}
{"Event":"Restart","Time":5.658,"AdjustCount":3277,"Restarts":79,"Conflicts":22468,"Decisions":44236,"Propagations":25990938,"Vars":29912,"Clauses":85120,"Literals":207671,"LEARNT_Limit":96587,"LEARNT_Clauses":22397,"LEARNT_Lit/Cl":24,"Progress":36.725}
{"Event":"Restart","Time":5.685,"AdjustCount":3177,"Restarts":80,"Conflicts":22568,"Decisions":44357,"Propagations":26107959,"Vars":29912,"Clauses":85120,"Literals":207671,"LEARNT_Limit":96587,"LEARNT_Clauses":22497,"LEARNT_Lit/Cl":24,"Progress":36.725}
{"Event":"Restart","Time":5.712,"AdjustCount":3077,"Restarts":81,"Conflicts":22668,"Decisions":44539,"Propagations":26223616,"Vars":29912,"Clauses":85120,"Literals":207671,"LEARNT_Limit":96587,"LEARNT_Clauses":22597,"LEARNT_Lit/Cl":24,"Progress":36.725}
{"Event":"Restart","Time":5.761,"AdjustCount":2875,"Restarts":82,"Conflicts":22870,"Decisions":44793,"Propagations":26421443,"Vars":29912,"Clauses":85120,"Literals":207671,"LEARNT_Limit":96587,"LEARNT_Clauses":22799,"LEARNT_Lit/Cl":24,"Progress":36.725}
{"Event":"Restart","Time":5.788,"AdjustCount":2775,"Restarts":83,"Conflicts":22970,"Decisions":44944,"Propagations":26535522,"Vars":29912,"Clauses":85120,"Literals":207671,"LEARNT_Limit":96587,"LEARNT_Clauses":22899,"LEARNT_Lit/Cl":23,"Progress":36.725}
{"Event":"Restart","Time":5.813,"AdjustCount":2674,"Restarts":84,"Conflicts":23071,"Decisions":45082,"Propagations":26641528,"Vars":29912,"Clauses":85120,"Literals":207671,"LEARNT_Limit":96587,"LEARNT_Clauses":23000,"LEARNT_Lit/Cl":23,"Progress":36.725}
{"Event":"Restart","Time":5.863,"AdjustCount":2474,"Restarts":85,"Conflicts":23271,"Decisions":45370,"Propagations":26854655,"Vars":29912,"Clauses":85120,"Literals":207671,"LEARNT_Limit":96587,"LEARNT_Clauses":23200,"LEARNT_Lit/Cl":23,"Progress":36.725}
{"Event":"Restart","Time":5.997,"AdjustCount":2073,"Restarts":86,"Conflicts":23672,"Decisions":45945,"Propagations":27343309,"Vars":29912,"Clauses":85120,"Literals":207671,"LEARNT_Limit":96587,"LEARNT_Clauses":23601,"LEARNT_Lit/Cl":23,"Progress":36.725}
{"Event":"Restart","Time":6.024,"AdjustCount":1973,"Restarts":87,"Conflicts":23772,"Decisions":46122,"Propagations":27452142,"Vars":29912,"Clauses":85120,"Literals":207671,"LEARNT_Limit":96587,"LEARNT_Clauses":23701,"LEARNT_Lit/Cl":23,"Progress":36.725}
{"Event":"Restart","Time":6.048,"AdjustCount":1872,"Restarts":88,"Conflicts":23873,"Decisions":46253,"Propagations":27555542,"Vars":29912,"Clauses":85120,"Literals":207671,"LEARNT_Limit":96587,"LEARNT_Clauses":23802,"LEARNT_Lit/Cl":23,"Progress":36.725}
{"Event":"Restart","Time":6.104,"AdjustCount":1672,"Restarts":89,"Conflicts":24073,"Decisions":46482,"Propagations":27762475,"Vars":29912,"Clauses":85120,"Literals":207671,"LEARNT_Limit":96587,"LEARNT_Clauses":24002,"LEARNT_Lit/Cl":23,"Progress":36.725}
{"Event":"Restart","Time":6.128,"AdjustCount":1571,"Restarts":90,"Conflicts":24174,"Decisions":46647,"Propagations":27873224,"Vars":29912,"Clauses":85120,"Literals":207671,"LEARNT_Limit":96587,"LEARNT_Clauses":24103,"LEARNT_Lit/Cl":23,"Progress":36.725}
{"Event":"Restart","Time":6.154,"AdjustCount":1470,"Restarts":91,"Conflicts":24275,"Decisions":46798,"Propagations":27976478,"Vars":29912,"Clauses":85120,"Literals":207671,"LEARNT_Limit":96587,"LEARNT_Clauses":24204,"LEARNT_Lit/Cl":23,"Progress":36.725}
{"Event":"Restart","Time":6.228,"AdjustCount":1270,"Restarts":92,"Conflicts":24475,"Decisions":47053,"Propagations":28244622,"Vars":29911,"Clauses":85117,"Literals":207665,"LEARNT_Limit":96587,"LEARNT_Clauses":24402,"LEARNT_Lit/Cl":23,"Progress":36.727}
{"Event":"Restart","Time":6.343,"AdjustCount":869,"Restarts":93,"Conflicts":24876,"Decisions":47587,"Propagations":28665240,"Vars":29911,"Clauses":85117,"Literals":207665,"LEARNT_Limit":96587,"LEARNT_Clauses":24803,"LEARNT_Lit/Cl":23,"Progress":36.727}
{"Event":"Restart","Time":6.590,"AdjustCount":69,"Restarts":94,"Conflicts":25676,"Decisions":48664,"Propagations":29547550,"Vars":29911,"Clauses":85117,"Literals":207665,"LEARNT_Limit":96587,"LEARNT_Clauses":25603,"LEARNT_Lit/Cl":23,"Progress":36.727}
{"Event":"LearnMore","Time":6.614,"AdjustCount":12974,"Restarts":94,"Conflicts":25745,"Decisions":48743,"Propagations":29624735,"Vars":29911,"Clauses":85117,"Literals":207665,"LEARNT_Limit":106246,"LEARNT_Clauses":25672,"LEARNT_Lit/Cl":23,"Progress":36.727}
{"Event":"Restart","Time":6.989,"AdjustCount":11443,"Restarts":95,"Conflicts":27276,"Decisions":51041,"Propagations":31227687,"Vars":29911,"Clauses":85117,"Literals":207665,"LEARNT_Limit":106246,"LEARNT_Clauses":27203,"LEARNT_Lit/Cl":23,"Progress":36.727}
{"Event":"Restart","Time":7.015,"AdjustCount":11342,"Restarts":96,"Conflicts":27377,"Decisions":51213,"Propagations":31312805,"Vars":29911,"Clauses":85117,"Literals":207665,"LEARNT_Limit":106246,"LEARNT_Clauses":27304,"LEARNT_Lit/Cl":23,"Progress":36.727}
{"Event":"Restart","Time":7.041,"AdjustCount":11240,"Restarts":97,"Conflicts":27479,"Decisions":51341,"Propagations":31418880,"Vars":29911,"Clauses":85117,"Literals":207665,"LEARNT_Limit":106246,"LEARNT_Clauses":27406,"LEARNT_Lit/Cl":23,"Progress":36.727}
{"Event":"Restart","Time":7.109,"AdjustCount":11040,"Restarts":98,"Conflicts":27679,"Decisions":51645,"Propagations":31696695,"Vars":29911,"Clauses":85117,"Literals":207665,"LEARNT_Limit":106246,"LEARNT_Clauses":27606,"LEARNT_Lit/Cl":23,"Progress":36.727}
{"Event":"Restart","Time":7.137,"AdjustCount":10940,"Restarts":99,"Conflicts":27779,"Decisions":51792,"Propagations":31794752,"Vars":29911,"Clauses":85117,"Literals":207665,"LEARNT_Limit":106246,"LEARNT_Clauses":27706,"LEARNT_Lit/Cl":23,"Progress":36.727}
{"Event":"Restart","Time":7.162,"AdjustCount":10840,"Restarts":100,"Conflicts":27879,"Decisions":52012,"Propagations":31901086,"Vars":29911,"Clauses":85117,"Literals":207665,"LEARNT_Limit":106246,"LEARNT_Clauses":27806,"LEARNT_Lit/Cl":23,"Progress":36.727}
{"Event":"Restart","Time":7.233,"AdjustCount":10639,"Restarts":101,"Conflicts":28080,"Decisions":52356,"Propagations":32107579,"Vars":29910,"Clauses":85114,"Literals":207659,"LEARNT_Limit":106246,"LEARNT_Clauses":28006,"LEARNT_Lit/Cl":22,"Progress":36.729}
{"Event":"Restart","Time":7.336,"AdjustCount":10238,"Restarts":102,"Conflicts":28481,"Decisions":52898,"Propagations":32557506,"Vars":29910,"Clauses":85114,"Literals":207659,"LEARNT_Limit":106246,"LEARNT_Clauses":28407,"LEARNT_Lit/Cl":22,"Progress":36.729}
{"Event":"Restart","Time":7.363,"AdjustCount":10138,"Restarts":103,"Conflicts":28581,"Decisions":53064,"Propagations":32672085,"Vars":29910,"Clauses":85114,"Literals":207659,"LEARNT_Limit":106246,"LEARNT_Clauses":28507,"LEARNT_Lit/Cl":22,"Progress":36.729}
{"Event":"Restart","Time":7.395,"AdjustCount":10034,"Restarts":104,"Conflicts":28685,"Decisions":53223,"Propagations":32795082,"Vars":29910,"Clauses":85114,"Literals":207659,"LEARNT_Limit":106246,"LEARNT_Clauses":28611,"LEARNT_Lit/Cl":22,"Progress":36.729}
{"Event":"Restart","Time":7.441,"AdjustCount":9833,"Restarts":105,"Conflicts":28886,"Decisions":53569,"Propagations":33001714,"Vars":29910,"Clauses":85114,"Literals":207659,"LEARNT_Limit":106246,"LEARNT_Clauses":28812,"LEARNT_Lit/Cl":22,"Progress":36.729}
{"Event":"Restart","Time":7.472,"AdjustCount":9730,"Restarts":106,"Conflicts":28989,"Decisions":53815,"Propagations":33143590,"Vars":29910,"Clauses":85114,"Literals":207659,"LEARNT_Limit":106246,"LEARNT_Clauses":28915,"LEARNT_Lit/Cl":22,"Progress":36.729}
{"Event":"Restart","Time":7.504,"AdjustCount":9630,"Restarts":107,"Conflicts":29089,"Decisions":53993,"Propagations":33279210,"Vars":29910,"Clauses":85114,"Literals":207659,"LEARNT_Limit":106246,"LEARNT_Clauses":29015,"LEARNT_Lit/Cl":22,"Progress":36.729}
{"Event":"Restart","Time":7.556,"AdjustCount":9430,"Restarts":108,"Conflicts":29289,"Decisions":54297,"Propagations":33501449,"Vars":29910,"Clauses":85114,"Literals":207659,"LEARNT_Limit":106246,"LEARNT_Clauses":29215,"LEARNT_Lit/Cl":22,"Progress":36.729}
{"Event":"Restart","Time":7.674,"AdjustCount":9030,"Restarts":109,"Conflicts":29689,"Decisions":54854,"Propagations":33922233,"Vars":29910,"Clauses":85114,"Literals":207659,"LEARNT_Limit":106246,"LEARNT_Clauses":29615,"LEARNT_Lit/Cl":22,"Progress":36.729}
{"Event":"Restart","Time":7.911,"AdjustCount":8229,"Restarts":110,"Conflicts":30490,"Decisions":56105,"Propagations":34819715,"Vars":29910,"Clauses":85114,"Literals":207659,"LEARNT_Limit":106246,"LEARNT_Clauses":30416,"LEARNT_Lit/Cl":22,"Progress":36.729}
{"Event":"Restart","Time":7.936,"AdjustCount":8128,"Restarts":111,"Conflicts":30591,"Decisions":56253,"Propagations":34926895,"Vars":29910,"Clauses":85114,"Literals":207659,"LEARNT_Limit":106246,"LEARNT_Clauses":30517,"LEARNT_Lit/Cl":22,"Progress":36.729}
{"Event":"Restart","Time":7.975,"AdjustCount":8028,"Restarts":112,"Conflicts":30691,"Decisions":56453,"Propagations":35041908,"Vars":29909,"Clauses":85111,"Literals":207653,"LEARNT_Limit":106246,"LEARNT_Clauses":30616,"LEARNT_Lit/Cl":22,"Progress":36.731}
{"Event":"Restart","Time":8.034,"AdjustCount":7826,"Restarts":113,"Conflicts":30893,"Decisions":56778,"Propagations":35272804,"Vars":29909,"Clauses":85111,"Literals":207653,"LEARNT_Limit":106246,"LEARNT_Clauses":30818,"LEARNT_Lit/Cl":22,"Progress":36.731}
{"Event":"Restart","Time":8.059,"AdjustCount":7726,"Restarts":114,"Conflicts":30993,"Decisions":56942,"Propagations":35367356,"Vars":29909,"Clauses":85111,"Literals":207653,"LEARNT_Limit":106246,"LEARNT_Clauses":30918,"LEARNT_Lit/Cl":22,"Progress":36.731}
{"Event":"Restart","Time":8.088,"AdjustCount":7624,"Restarts":115,"Conflicts":31095,"Decisions":57069,"Propagations":35486321,"Vars":29909,"Clauses":85111,"Literals":207653,"LEARNT_Limit":106246,"LEARNT_Clauses":31020,"LEARNT_Lit/Cl":22,"Progress":36.731}
{"Event":"Restart","Time":8.151,"AdjustCount":7424,"Restarts":116,"Conflicts":31295,"Decisions":57329,"Propagations":35706203,"Vars":29909,"Clauses":85111,"Literals":207653,"LEARNT_Limit":106246,"LEARNT_Clauses":31220,"LEARNT_Lit/Cl":22,"Progress":36.731}
{"Event":"Restart","Time":8.281,"AdjustCount":7023,"Restarts":117,"Conflicts":31696,"Decisions":57921,"Propagations":36288887,"Vars":29909,"Clauses":85111,"Literals":207653,"LEARNT_Limit":106246,"LEARNT_Clauses":31621,"LEARNT_Lit/Cl":22,"Progress":36.731}
{"Event":"Restart","Time":8.317,"AdjustCount":6922,"Restarts":118,"Conflicts":31797,"Decisions":58153,"Propagations":36434259,"Vars":29909,"Clauses":85111,"Literals":207653,"LEARNT_Limit":106246,"LEARNT_Clauses":31722,"LEARNT_Lit/Cl":22,"Progress":36.731}
{"Event":"Restart","Time":8.341,"AdjustCount":6822,"Restarts":119,"Conflicts":31897,"Decisions":58319,"Propagations":36545101,"Vars":29909,"Clauses":85111,"Literals":207653,"LEARNT_Limit":106246,"LEARNT_Clauses":31822,"LEARNT_Lit/Cl":22,"Progress":36.731}
{"Event":"Restart","Time":8.406,"AdjustCount":6622,"Restarts":120,"Conflicts":32097,"Decisions":58705,"Propagations":36797852,"Vars":29909,"Clauses":85111,"Literals":207653,"LEARNT_Limit":106246,"LEARNT_Clauses":32022,"LEARNT_Lit/Cl":22,"Progress":36.731}
{"Event":"Restart","Time":8.436,"AdjustCount":6521,"Restarts":121,"Conflicts":32198,"Decisions":58871,"Propagations":36897399,"Vars":29909,"Clauses":85111,"Literals":207653,"LEARNT_Limit":106246,"LEARNT_Clauses":32123,"LEARNT_Lit/Cl":22,"Progress":36.731}
{"Event":"Restart","Time":8.468,"AdjustCount":6419,"Restarts":122,"Conflicts":32300,"Decisions":58988,"Propagations":37024934,"Vars":29909,"Clauses":85111,"Literals":207653,"LEARNT_Limit":106246,"LEARNT_Clauses":32225,"LEARNT_Lit/Cl":22,"Progress":36.731}
{"Event":"Restart","Time":8.518,"AdjustCount":6217,"Restarts":123,"Conflicts":32502,"Decisions":59267,"Propagations":37247144,"Vars":29909,"Clauses":85111,"Literals":207653,"LEARNT_Limit":106246,"LEARNT_Clauses":32427,"LEARNT_Lit/Cl":22,"Progress":36.731}
{"Event":"Restart","Time":8.625,"AdjustCount":5817,"Restarts":124,"Conflicts":32902,"Decisions":59824,"Propagations":37687713,"Vars":29909,"Clauses":85111,"Literals":207653,"LEARNT_Limit":106246,"LEARNT_Clauses":32827,"LEARNT_Lit/Cl":22,"Progress":36.731}
{"Event":"Restart","Time":8.824,"AdjustCount":5016,"Restarts":125,"Conflicts":33703,"Decisions":60839,"Propagations":38555203,"Vars":29909,"Clauses":85111,"Literals":207653,"LEARNT_Limit":106246,"LEARNT_Clauses":33628,"LEARNT_Lit/Cl":22,"Progress":36.731}
{"Event":"Restart","Time":9.271,"AdjustCount":3414,"Restarts":126,"Conflicts":35305,"Decisions":63037,"Propagations":40402189,"Vars":29909,"Clauses":85111,"Literals":207653,"LEARNT_Limit":106246,"LEARNT_Clauses":35230,"LEARNT_Lit/Cl":22,"Progress":36.731}
{"Event":"Restart","Time":10.258,"AdjustCount":213,"Restarts":127,"Conflicts":38506,"Decisions":67256,"Propagations":44042085,"Vars":27025,"Clauses":75988,"Literals":185405,"LEARNT_Limit":106246,"LEARNT_Clauses":12580,"LEARNT_Lit/Cl":15,"Progress":42.832}
===============================================================================
restarts              : 127
conflicts             : 38553          (3753 /sec)
decisions             : 67311          (0.00 % random) (6553 /sec)
propagations          : 44098237       (4293356 /sec)
conflict literals     : 821111         (42.13 % deleted)
Memory used           : 24.00 MB
CPU time              : 10.2713 s

UNSATISFIABLE
