WARNING: for repeatability, setting FPU to use double precision
============================[ Problem Statistics ]=============================
|                                                                             |
|  Number of variables:         66131                                         |
|  Number of clauses:          209351                                         |
|  Parse time:                   0.13 s                                       |
|                                                                             |
============================[ Search Statistics ]==============================
| Conflicts |          ORIGINAL         |          LEARNT          | Progress |
|           |    Vars  Clauses Literals |    Limit  Clauses Lit/Cl |          |
===============================================================================
{"Event":"Restart","Time":0.169,"AdjustCount":99,"Restarts":1,"Conflicts":1,"Decisions":24,"Propagations":21182,"Vars":48660,"Clauses":145842,"Literals":357581,"LEARNT_Limit":48614,"LEARNT_Clauses":1,"LEARNT_Lit/Cl":2,"Progress":26.419}
{"Event":"LearnMore","Time":0.229,"AdjustCount":150,"Restarts":1,"Conflicts":100,"Decisions":3087,"Propagations":356356,"Vars":47736,"Clauses":145842,"Literals":357581,"LEARNT_Limit":53475,"LEARNT_Clauses":89,"LEARNT_Lit/Cl":5,"Progress":27.816}
{"Event":"Restart","Time":0.229,"AdjustCount":149,"Restarts":2,"Conflicts":101,"Decisions":3094,"Propagations":358008,"Vars":47735,"Clauses":145842,"Literals":357581,"LEARNT_Limit":53475,"LEARNT_Clauses":89,"LEARNT_Lit/Cl":5,"Progress":27.818}
{"Event":"Restart","Time":0.302,"AdjustCount":49,"Restarts":3,"Conflicts":201,"Decisions":5553,"Propagations":675262,"Vars":46985,"Clauses":140500,"Literals":344282,"LEARNT_Limit":53475,"LEARNT_Clauses":178,"LEARNT_Lit/Cl":6,"Progress":28.952}
{"Event":"LearnMore","Time":0.330,"AdjustCount":225,"Restarts":3,"Conflicts":250,"Decisions":6816,"Propagations":813742,"Vars":45967,"Clauses":140500,"Literals":344282,"LEARNT_Limit":58822,"LEARNT_Clauses":222,"LEARNT_Lit/Cl":6,"Progress":30.491}
{"Event":"Restart","Time":0.395,"AdjustCount":74,"Restarts":4,"Conflicts":401,"Decisions":8132,"Propagations":1141006,"Vars":45195,"Clauses":134021,"Literals":328017,"LEARNT_Limit":58822,"LEARNT_Clauses":362,"LEARNT_Lit/Cl":9,"Progress":31.658}
{"Event":"LearnMore","Time":0.431,"AdjustCount":337,"Restarts":4,"Conflicts":475,"Decisions":9673,"Propagations":1338030,"Vars":44867,"Clauses":134021,"Literals":328017,"LEARNT_Limit":64705,"LEARNT_Clauses":431,"LEARNT_Lit/Cl":8,"Progress":32.154}
{"Event":"Restart","Time":0.443,"AdjustCount":311,"Restarts":5,"Conflicts":501,"Decisions":9864,"Propagations":1372466,"Vars":44867,"Clauses":130492,"Literals":319172,"LEARNT_Limit":64705,"LEARNT_Clauses":452,"LEARNT_Lit/Cl":8,"Progress":32.154}
{"Event":"Restart","Time":0.465,"AdjustCount":209,"Restarts":6,"Conflicts":603,"Decisions":10363,"Propagations":1503740,"Vars":44508,"Clauses":130492,"Literals":319172,"LEARNT_Limit":64705,"LEARNT_Clauses":553,"LEARNT_Lit/Cl":8,"Progress":32.697}
{"Event":"Restart","Time":0.534,"AdjustCount":9,"Restarts":7,"Conflicts":803,"Decisions":12586,"Propagations":1852840,"Vars":44164,"Clauses":127631,"Literals":311942,"LEARNT_Limit":64705,"LEARNT_Clauses":744,"LEARNT_Lit/Cl":9,"Progress":33.217}
{"Event":"LearnMore","Time":0.540,"AdjustCount":506,"Restarts":7,"Conflicts":812,"Decisions":12921,"Propagations":1887704,"Vars":44164,"Clauses":127631,"Literals":311942,"LEARNT_Limit":71175,"LEARNT_Clauses":753,"LEARNT_Lit/Cl":9,"Progress":33.217}
{"Event":"Restart","Time":0.685,"AdjustCount":115,"Restarts":8,"Conflicts":1203,"Decisions":17496,"Propagations":2597094,"Vars":43944,"Clauses":126657,"Literals":309553,"LEARNT_Limit":71175,"LEARNT_Clauses":1135,"LEARNT_Lit/Cl":9,"Progress":33.550}
{"Event":"Restart","Time":0.737,"AdjustCount":15,"Restarts":9,"Conflicts":1303,"Decisions":18395,"Propagations":2821256,"Vars":42851,"Clauses":122503,"Literals":298907,"LEARNT_Limit":71175,"LEARNT_Clauses":1200,"LEARNT_Lit/Cl":10,"Progress":35.203}
{"Event":"LearnMore","Time":0.739,"AdjustCount":759,"Restarts":9,"Conflicts":1318,"Decisions":18437,"Propagations":2829077,"Vars":42851,"Clauses":122503,"Literals":298907,"LEARNT_Limit":78293,"LEARNT_Clauses":1215,"LEARNT_Lit/Cl":10,"Progress":35.203}
{"Event":"Restart","Time":0.767,"AdjustCount":674,"Restarts":10,"Conflicts":1403,"Decisions":19232,"Propagations":2972818,"Vars":42851,"Clauses":122503,"Literals":298907,"LEARNT_Limit":78293,"LEARNT_Clauses":1300,"LEARNT_Lit/Cl":10,"Progress":35.203}
{"Event":"Restart","Time":0.849,"AdjustCount":474,"Restarts":11,"Conflicts":1603,"Decisions":20110,"Propagations":3351665,"Vars":42832,"Clauses":122438,"Literals":298747,"LEARNT_Limit":78293,"LEARNT_Clauses":1496,"LEARNT_Lit/Cl":11,"Progress":35.232}
{"Event":"Restart","Time":0.870,"AdjustCount":374,"Restarts":12,"Conflicts":1703,"Decisions":20383,"Propagations":3453937,"Vars":42832,"Clauses":122438,"Literals":298747,"LEARNT_Limit":78293,"LEARNT_Clauses":1596,"LEARNT_Lit/Cl":11,"Progress":35.232}
{"Event":"Restart","Time":0.905,"AdjustCount":274,"Restarts":13,"Conflicts":1803,"Decisions":20797,"Propagations":3639546,"Vars":42763,"Clauses":122438,"Literals":298747,"LEARNT_Limit":78293,"LEARNT_Clauses":1695,"LEARNT_Lit/Cl":11,"Progress":35.336}
{"Event":"Restart","Time":0.974,"AdjustCount":74,"Restarts":14,"Conflicts":2003,"Decisions":21913,"Propagations":3969099,"Vars":42745,"Clauses":122192,"Literals":298167,"LEARNT_Limit":78293,"LEARNT_Clauses":1875,"LEARNT_Lit/Cl":12,"Progress":35.363}
{"Event":"LearnMore","Time":0.984,"AdjustCount":1139,"Restarts":14,"Conflicts":2077,"Decisions":22065,"Propagations":4022437,"Vars":42745,"Clauses":122192,"Literals":298167,"LEARNT_Limit":86122,"LEARNT_Clauses":1949,"LEARNT_Lit/Cl":12,"Progress":35.363}
{"Event":"Restart","Time":1.044,"AdjustCount":813,"Restarts":15,"Conflicts":2403,"Decisions":22844,"Propagations":4333954,"Vars":42745,"Clauses":122192,"Literals":298167,"LEARNT_Limit":86122,"LEARNT_Clauses":2275,"LEARNT_Lit/Cl":14,"Progress":35.363}
{"Event":"Restart","Time":1.209,"AdjustCount":10,"Restarts":16,"Conflicts":3206,"Decisions":25135,"Propagations":5176033,"Vars":42745,"Clauses":122192,"Literals":298167,"LEARNT_Limit":86122,"LEARNT_Clauses":3078,"LEARNT_Lit/Cl":15,"Progress":35.363}
{"Event":"LearnMore","Time":1.210,"AdjustCount":1708,"Restarts":16,"Conflicts":3216,"Decisions":25168,"Propagations":5182756,"Vars":42745,"Clauses":122192,"Literals":298167,"LEARNT_Limit":94734,"LEARNT_Clauses":3088,"LEARNT_Lit/Cl":15,"Progress":35.363}
{"Event":"Restart","Time":1.236,"AdjustCount":1618,"Restarts":17,"Conflicts":3306,"Decisions":25600,"Propagations":5300761,"Vars":42745,"Clauses":122192,"Literals":298167,"LEARNT_Limit":94734,"LEARNT_Clauses":3178,"LEARNT_Lit/Cl":15,"Progress":35.363}
{"Event":"Restart","Time":1.258,"AdjustCount":1518,"Restarts":18,"Conflicts":3406,"Decisions":25804,"Propagations":5424198,"Vars":42745,"Clauses":122192,"Literals":298167,"LEARNT_Limit":94734,"LEARNT_Clauses":3278,"LEARNT_Lit/Cl":15,"Progress":35.363}
{"Event":"Restart","Time":1.310,"AdjustCount":1317,"Restarts":19,"Conflicts":3607,"Decisions":26233,"Propagations":5647544,"Vars":42745,"Clauses":122192,"Literals":298167,"LEARNT_Limit":94734,"LEARNT_Clauses":3479,"LEARNT_Lit/Cl":17,"Progress":35.363}
{"Event":"Restart","Time":1.345,"AdjustCount":1217,"Restarts":20,"Conflicts":3707,"Decisions":26549,"Propagations":5806606,"Vars":42716,"Clauses":122114,"Literals":297987,"LEARNT_Limit":94734,"LEARNT_Clauses":3578,"LEARNT_Lit/Cl":17,"Progress":35.407}
{"Event":"Restart","Time":1.371,"AdjustCount":1116,"Restarts":21,"Conflicts":3808,"Decisions":26818,"Propagations":5951762,"Vars":42716,"Clauses":122114,"Literals":297987,"LEARNT_Limit":94734,"LEARNT_Clauses":3679,"LEARNT_Lit/Cl":17,"Progress":35.407}
{"Event":"Restart","Time":1.405,"AdjustCount":916,"Restarts":22,"Conflicts":4008,"Decisions":27295,"Propagations":6132857,"Vars":42716,"Clauses":122114,"Literals":297987,"LEARNT_Limit":94734,"LEARNT_Clauses":3879,"LEARNT_Lit/Cl":17,"Progress":35.407}
{"Event":"Restart","Time":1.505,"AdjustCount":515,"Restarts":23,"Conflicts":4409,"Decisions":28200,"Propagations":6600450,"Vars":42716,"Clauses":122114,"Literals":297987,"LEARNT_Limit":94734,"LEARNT_Clauses":4280,"LEARNT_Lit/Cl":19,"Progress":35.407}
{"Event":"Restart","Time":1.525,"AdjustCount":414,"Restarts":24,"Conflicts":4510,"Decisions":28384,"Propagations":6692799,"Vars":42716,"Clauses":122114,"Literals":297987,"LEARNT_Limit":94734,"LEARNT_Clauses":4381,"LEARNT_Lit/Cl":19,"Progress":35.407}
{"Event":"Restart","Time":1.553,"AdjustCount":313,"Restarts":25,"Conflicts":4611,"Decisions":28714,"Propagations":6820386,"Vars":42716,"Clauses":122114,"Literals":297987,"LEARNT_Limit":94734,"LEARNT_Clauses":4482,"LEARNT_Lit/Cl":20,"Progress":35.407}
{"Event":"Restart","Time":1.617,"AdjustCount":110,"Restarts":26,"Conflicts":4814,"Decisions":29186,"Propagations":7102265,"Vars":42715,"Clauses":122111,"Literals":297981,"LEARNT_Limit":94734,"LEARNT_Clauses":4684,"LEARNT_Lit/Cl":21,"Progress":35.409}
{"Event":"Restart","Time":1.637,"AdjustCount":10,"Restarts":27,"Conflicts":4914,"Decisions":29412,"Propagations":7195717,"Vars":42715,"Clauses":122111,"Literals":297981,"LEARNT_Limit":94734,"LEARNT_Clauses":4784,"LEARNT_Lit/Cl":21,"Progress":35.409}
{"Event":"LearnMore","Time":1.640,"AdjustCount":2562,"Restarts":27,"Conflicts":4924,"Decisions":29434,"Propagations":7209040,"Vars":42715,"Clauses":122111,"Literals":297981,"LEARNT_Limit":104208,"LEARNT_Clauses":4794,"LEARNT_Lit/Cl":21,"Progress":35.409}
{"Event":"Restart","Time":1.670,"AdjustCount":2470,"Restarts":28,"Conflicts":5016,"Decisions":29748,"Propagations":7358722,"Vars":42714,"Clauses":122111,"Literals":297981,"LEARNT_Limit":104208,"LEARNT_Clauses":4885,"LEARNT_Lit/Cl":21,"Progress":35.410}
{"Event":"Restart","Time":1.731,"AdjustCount":2270,"Restarts":29,"Conflicts":5216,"Decisions":30162,"Propagations":7633871,"Vars":42714,"Clauses":122108,"Literals":297975,"LEARNT_Limit":104208,"LEARNT_Clauses":5085,"LEARNT_Lit/Cl":21,"Progress":35.410}
{"Event":"Restart","Time":1.847,"AdjustCount":1870,"Restarts":30,"Conflicts":5616,"Decisions":31105,"Propagations":8154990,"Vars":42714,"Clauses":122108,"Literals":297975,"LEARNT_Limit":104208,"LEARNT_Clauses":5485,"LEARNT_Lit/Cl":22,"Progress":35.410}
{"Event":"Restart","Time":2.001,"AdjustCount":1070,"Restarts":31,"Conflicts":6416,"Decisions":32488,"Propagations":8938723,"Vars":42714,"Clauses":122108,"Literals":297975,"LEARNT_Limit":104208,"LEARNT_Clauses":6285,"LEARNT_Lit/Cl":22,"Progress":35.410}
{"Event":"LearnMore","Time":2.300,"AdjustCount":3844,"Restarts":31,"Conflicts":7486,"Decisions":34812,"Propagations":10403463,"Vars":42714,"Clauses":122108,"Literals":297975,"LEARNT_Limit":114629,"LEARNT_Clauses":7355,"LEARNT_Lit/Cl":23,"Progress":35.410}
{"Event":"Restart","Time":2.482,"AdjustCount":3313,"Restarts":32,"Conflicts":8017,"Decisions":36021,"Propagations":11210292,"Vars":42713,"Clauses":122104,"Literals":297967,"LEARNT_Limit":114629,"LEARNT_Clauses":7885,"LEARNT_Lit/Cl":23,"Progress":35.412}
{"Event":"Restart","Time":2.517,"AdjustCount":3213,"Restarts":33,"Conflicts":8117,"Decisions":36286,"Propagations":11357466,"Vars":42712,"Clauses":122101,"Literals":297961,"LEARNT_Limit":114629,"LEARNT_Clauses":7984,"LEARNT_Lit/Cl":23,"Progress":35.413}
{"Event":"Restart","Time":2.540,"AdjustCount":3111,"Restarts":34,"Conflicts":8219,"Decisions":36491,"Propagations":11460148,"Vars":42712,"Clauses":122101,"Literals":297961,"LEARNT_Limit":114629,"LEARNT_Clauses":8086,"LEARNT_Lit/Cl":23,"Progress":35.413}
{"Event":"Restart","Time":2.580,"AdjustCount":2911,"Restarts":35,"Conflicts":8419,"Decisions":36926,"Propagations":11659300,"Vars":42712,"Clauses":122101,"Literals":297961,"LEARNT_Limit":114629,"LEARNT_Clauses":8286,"LEARNT_Lit/Cl":24,"Progress":35.413}
{"Event":"Restart","Time":2.611,"AdjustCount":2811,"Restarts":36,"Conflicts":8519,"Decisions":37337,"Propagations":11804098,"Vars":42712,"Clauses":122101,"Literals":297961,"LEARNT_Limit":114629,"LEARNT_Clauses":8386,"LEARNT_Lit/Cl":24,"Progress":35.413}
{"Event":"Restart","Time":2.638,"AdjustCount":2711,"Restarts":37,"Conflicts":8619,"Decisions":37672,"Propagations":11931550,"Vars":42712,"Clauses":122101,"Literals":297961,"LEARNT_Limit":114629,"LEARNT_Clauses":8486,"LEARNT_Lit/Cl":23,"Progress":35.413}
{"Event":"Restart","Time":2.686,"AdjustCount":2510,"Restarts":38,"Conflicts":8820,"Decisions":38090,"Propagations":12156246,"Vars":42712,"Clauses":122101,"Literals":297961,"LEARNT_Limit":114629,"LEARNT_Clauses":8687,"LEARNT_Lit/Cl":24,"Progress":35.413}
{"Event":"Restart","Time":2.766,"AdjustCount":2109,"Restarts":39,"Conflicts":9221,"Decisions":38671,"Propagations":12567532,"Vars":42712,"Clauses":122101,"Literals":297961,"LEARNT_Limit":114629,"LEARNT_Clauses":9088,"LEARNT_Lit/Cl":23,"Progress":35.413}
{"Event":"Restart","Time":2.802,"AdjustCount":2008,"Restarts":40,"Conflicts":9322,"Decisions":38995,"Propagations":12703302,"Vars":42712,"Clauses":122101,"Literals":297961,"LEARNT_Limit":114629,"LEARNT_Clauses":9189,"LEARNT_Lit/Cl":24,"Progress":35.413}
{"Event":"Restart","Time":2.833,"AdjustCount":1907,"Restarts":41,"Conflicts":9423,"Decisions":39207,"Propagations":12854609,"Vars":42712,"Clauses":122101,"Literals":297961,"LEARNT_Limit":114629,"LEARNT_Clauses":9290,"LEARNT_Lit/Cl":24,"Progress":35.413}
{"Event":"Restart","Time":2.892,"AdjustCount":1706,"Restarts":42,"Conflicts":9624,"Decisions":39582,"Propagations":13127071,"Vars":42712,"Clauses":122101,"Literals":297961,"LEARNT_Limit":114629,"LEARNT_Clauses":9491,"LEARNT_Lit/Cl":24,"Progress":35.413}
{"Event":"Restart","Time":2.917,"AdjustCount":1606,"Restarts":43,"Conflicts":9724,"Decisions":39774,"Propagations":13241649,"Vars":42712,"Clauses":122101,"Literals":297961,"LEARNT_Limit":114629,"LEARNT_Clauses":9591,"LEARNT_Lit/Cl":23,"Progress":35.413}
{"Event":"Restart","Time":2.947,"AdjustCount":1506,"Restarts":44,"Conflicts":9824,"Decisions":39992,"Propagations":13391076,"Vars":42712,"Clauses":122101,"Literals":297961,"LEARNT_Limit":114629,"LEARNT_Clauses":9691,"LEARNT_Lit/Cl":23,"Progress":35.413}
{"Event":"Restart","Time":2.990,"AdjustCount":1305,"Restarts":45,"Conflicts":10025,"Decisions":40337,"Propagations":13585165,"Vars":42712,"Clauses":122101,"Literals":297961,"LEARNT_Limit":114629,"LEARNT_Clauses":9892,"LEARNT_Lit/Cl":23,"Progress":35.413}
{"Event":"Restart","Time":3.107,"AdjustCount":905,"Restarts":46,"Conflicts":10425,"Decisions":40968,"Propagations":14112285,"Vars":42712,"Clauses":122101,"Literals":297961,"LEARNT_Limit":114629,"LEARNT_Clauses":10292,"LEARNT_Lit/Cl":24,"Progress":35.413}
{"Event":"Restart","Time":3.319,"AdjustCount":104,"Restarts":47,"Conflicts":11226,"Decisions":42812,"Propagations":15053046,"Vars":42709,"Clauses":122098,"Literals":297955,"LEARNT_Limit":114629,"LEARNT_Clauses":11090,"LEARNT_Lit/Cl":24,"Progress":35.418}
{"Event":"Restart","Time":3.360,"AdjustCount":4,"Restarts":48,"Conflicts":11326,"Decisions":43063,"Propagations":15210339,"Vars":42709,"Clauses":122092,"Literals":297943,"LEARNT_Limit":114629,"LEARNT_Clauses":11190,"LEARNT_Lit/Cl":24,"Progress":35.418}
{"Event":"LearnMore","Time":3.361,"AdjustCount":5766,"Restarts":48,"Conflicts":11330,"Decisions":43066,"Propagations":15214989,"Vars":42709,"Clauses":122092,"Literals":297943,"LEARNT_Limit":126092,"LEARNT_Clauses":11194,"LEARNT_Lit/Cl":24,"Progress":35.418}
{"Event":"Restart","Time":3.385,"AdjustCount":5669,"Restarts":49,"Conflicts":11427,"Decisions":43276,"Propagations":15327747,"Vars":42709,"Clauses":122092,"Literals":297943,"LEARNT_Limit":126092,"LEARNT_Clauses":11291,"LEARNT_Lit/Cl":24,"Progress":35.418}
{"Event":"Restart","Time":3.422,"AdjustCount":5468,"Restarts":50,"Conflicts":11628,"Decisions":43583,"Propagations":15507713,"Vars":42709,"Clauses":122092,"Literals":297943,"LEARNT_Limit":126092,"LEARNT_Clauses":11492,"LEARNT_Lit/Cl":24,"Progress":35.418}
{"Event":"Restart","Time":3.463,"AdjustCount":5367,"Restarts":51,"Conflicts":11729,"Decisions":43837,"Propagations":15684593,"Vars":42709,"Clauses":122092,"Literals":297943,"LEARNT_Limit":126092,"LEARNT_Clauses":11593,"LEARNT_Lit/Cl":24,"Progress":35.418}
{"Event":"Restart","Time":3.487,"AdjustCount":5266,"Restarts":52,"Conflicts":11830,"Decisions":44032,"Propagations":15801621,"Vars":42709,"Clauses":122092,"Literals":297943,"LEARNT_Limit":126092,"LEARNT_Clauses":11694,"LEARNT_Lit/Cl":24,"Progress":35.418}
{"Event":"Restart","Time":3.548,"AdjustCount":5066,"Restarts":53,"Conflicts":12030,"Decisions":44518,"Propagations":16102650,"Vars":42709,"Clauses":122092,"Literals":297943,"LEARNT_Limit":126092,"LEARNT_Clauses":11894,"LEARNT_Lit/Cl":24,"Progress":35.418}
{"Event":"Restart","Time":3.713,"AdjustCount":4666,"Restarts":54,"Conflicts":12430,"Decisions":45333,"Propagations":16773241,"Vars":42709,"Clauses":122092,"Literals":297943,"LEARNT_Limit":126092,"LEARNT_Clauses":12294,"LEARNT_Lit/Cl":24,"Progress":35.418}
{"Event":"Restart","Time":3.738,"AdjustCount":4566,"Restarts":55,"Conflicts":12530,"Decisions":45550,"Propagations":16881941,"Vars":42709,"Clauses":122092,"Literals":297943,"LEARNT_Limit":126092,"LEARNT_Clauses":12394,"LEARNT_Lit/Cl":24,"Progress":35.418}
{"Event":"Restart","Time":3.773,"AdjustCount":4466,"Restarts":56,"Conflicts":12630,"Decisions":45836,"Propagations":17038559,"Vars":42709,"Clauses":122092,"Literals":297943,"LEARNT_Limit":126092,"LEARNT_Clauses":12494,"LEARNT_Lit/Cl":24,"Progress":35.418}
{"Event":"Restart","Time":3.837,"AdjustCount":4265,"Restarts":57,"Conflicts":12831,"Decisions":46327,"Propagations":17324139,"Vars":42709,"Clauses":122092,"Literals":297943,"LEARNT_Limit":126092,"LEARNT_Clauses":12695,"LEARNT_Lit/Cl":24,"Progress":35.418}
{"Event":"Restart","Time":3.867,"AdjustCount":4163,"Restarts":58,"Conflicts":12933,"Decisions":46496,"Propagations":17445540,"Vars":42709,"Clauses":122092,"Literals":297943,"LEARNT_Limit":126092,"LEARNT_Clauses":12797,"LEARNT_Lit/Cl":24,"Progress":35.418}
{"Event":"Restart","Time":3.891,"AdjustCount":4063,"Restarts":59,"Conflicts":13033,"Decisions":46725,"Propagations":17552609,"Vars":42709,"Clauses":122092,"Literals":297943,"LEARNT_Limit":126092,"LEARNT_Clauses":12897,"LEARNT_Lit/Cl":24,"Progress":35.418}
{"Event":"Restart","Time":3.947,"AdjustCount":3861,"Restarts":60,"Conflicts":13235,"Decisions":47002,"Propagations":17809677,"Vars":42709,"Clauses":122092,"Literals":297943,"LEARNT_Limit":126092,"LEARNT_Clauses":13099,"LEARNT_Lit/Cl":24,"Progress":35.418}
{"Event":"Restart","Time":4.062,"AdjustCount":3461,"Restarts":61,"Conflicts":13635,"Decisions":47681,"Propagations":18305135,"Vars":42709,"Clauses":122092,"Literals":297943,"LEARNT_Limit":126092,"LEARNT_Clauses":13499,"LEARNT_Lit/Cl":24,"Progress":35.418}
{"Event":"Restart","Time":4.312,"AdjustCount":2661,"Restarts":62,"Conflicts":14435,"Decisions":48833,"Propagations":19393179,"Vars":42709,"Clauses":122092,"Literals":297943,"LEARNT_Limit":126092,"LEARNT_Clauses":14299,"LEARNT_Lit/Cl":25,"Progress":35.418}
{"Event":"Restart","Time":4.824,"AdjustCount":1061,"Restarts":63,"Conflicts":16035,"Decisions":52020,"Propagations":21506335,"Vars":42707,"Clauses":122083,"Literals":297925,"LEARNT_Limit":126092,"LEARNT_Clauses":15897,"LEARNT_Lit/Cl":25,"Progress":35.421}
{"Event":"LearnMore","Time":5.083,"AdjustCount":8649,"Restarts":63,"Conflicts":17096,"Decisions":53620,"Propagations":22658089,"Vars":42707,"Clauses":122083,"Literals":297925,"LEARNT_Limit":138701,"LEARNT_Clauses":16958,"LEARNT_Lit/Cl":25,"Progress":35.421}
{"Event":"Restart","Time":5.689,"AdjustCount":6508,"Restarts":64,"Conflicts":19237,"Decisions":56843,"Propagations":25114583,"Vars":42706,"Clauses":122078,"Literals":297915,"LEARNT_Limit":138701,"LEARNT_Clauses":19098,"LEARNT_Lit/Cl":25,"Progress":35.422}
{"Event":"Restart","Time":5.719,"AdjustCount":6408,"Restarts":65,"Conflicts":19337,"Decisions":57003,"Propagations":25241915,"Vars":42706,"Clauses":122078,"Literals":297915,"LEARNT_Limit":138701,"LEARNT_Clauses":19198,"LEARNT_Lit/Cl":25,"Progress":35.422}
{"Event":"Restart","Time":5.757,"AdjustCount":6307,"Restarts":66,"Conflicts":19438,"Decisions":57286,"Propagations":25381766,"Vars":42706,"Clauses":122078,"Literals":297915,"LEARNT_Limit":138701,"LEARNT_Clauses":19299,"LEARNT_Lit/Cl":25,"Progress":35.422}
{"Event":"Restart","Time":5.811,"AdjustCount":6106,"Restarts":67,"Conflicts":19639,"Decisions":57585,"Propagations":25596693,"Vars":42706,"Clauses":122078,"Literals":297915,"LEARNT_Limit":138701,"LEARNT_Clauses":19500,"LEARNT_Lit/Cl":25,"Progress":35.422}
{"Event":"Restart","Time":5.838,"AdjustCount":6003,"Restarts":68,"Conflicts":19742,"Decisions":57752,"Propagations":25702978,"Vars":42706,"Clauses":122078,"Literals":297915,"LEARNT_Limit":138701,"LEARNT_Clauses":19603,"LEARNT_Lit/Cl":25,"Progress":35.422}
{"Event":"Restart","Time":5.866,"AdjustCount":5902,"Restarts":69,"Conflicts":19843,"Decisions":57901,"Propagations":25798616,"Vars":42706,"Clauses":122078,"Literals":297915,"LEARNT_Limit":138701,"LEARNT_Clauses":19704,"LEARNT_Lit/Cl":25,"Progress":35.422}
{"Event":"Restart","Time":5.922,"AdjustCount":5702,"Restarts":70,"Conflicts":20043,"Decisions":58202,"Propagations":26036273,"Vars":42706,"Clauses":122078,"Literals":297915,"LEARNT_Limit":138701,"LEARNT_Clauses":19904,"LEARNT_Lit/Cl":25,"Progress":35.422}
{"Event":"Restart","Time":6.048,"AdjustCount":5302,"Restarts":71,"Conflicts":20443,"Decisions":58841,"Propagations":26528676,"Vars":42706,"Clauses":122078,"Literals":297915,"LEARNT_Limit":138701,"LEARNT_Clauses":20304,"LEARNT_Lit/Cl":25,"Progress":35.422}
{"Event":"Restart","Time":6.103,"AdjustCount":5199,"Restarts":72,"Conflicts":20546,"Decisions":59093,"Propagations":26736678,"Vars":42706,"Clauses":122078,"Literals":297915,"LEARNT_Limit":138701,"LEARNT_Clauses":20407,"LEARNT_Lit/Cl":25,"Progress":35.422}
{"Event":"Restart","Time":6.140,"AdjustCount":5098,"Restarts":73,"Conflicts":20647,"Decisions":59264,"Propagations":26869719,"Vars":42706,"Clauses":122078,"Literals":297915,"LEARNT_Limit":138701,"LEARNT_Clauses":20508,"LEARNT_Lit/Cl":25,"Progress":35.422}
{"Event":"Restart","Time":6.213,"AdjustCount":4896,"Restarts":74,"Conflicts":20849,"Decisions":59672,"Propagations":27145300,"Vars":42706,"Clauses":122078,"Literals":297915,"LEARNT_Limit":138701,"LEARNT_Clauses":20710,"LEARNT_Lit/Cl":25,"Progress":35.422}
{"Event":"Restart","Time":6.276,"AdjustCount":4796,"Restarts":75,"Conflicts":20949,"Decisions":59909,"Propagations":27369047,"Vars":42705,"Clauses":122075,"Literals":297909,"LEARNT_Limit":138701,"LEARNT_Clauses":20809,"LEARNT_Lit/Cl":25,"Progress":35.424}
{"Event":"Restart","Time":6.319,"AdjustCount":4696,"Restarts":76,"Conflicts":21049,"Decisions":60089,"Propagations":27515818,"Vars":42705,"Clauses":122075,"Literals":297909,"LEARNT_Limit":138701,"LEARNT_Clauses":20909,"LEARNT_Lit/Cl":25,"Progress":35.424}
{"Event":"Restart","Time":6.383,"AdjustCount":4494,"Restarts":77,"Conflicts":21251,"Decisions":60425,"Propagations":27793058,"Vars":42705,"Clauses":122075,"Literals":297909,"LEARNT_Limit":138701,"LEARNT_Clauses":21111,"LEARNT_Lit/Cl":25,"Progress":35.424}
{"Event":"Restart","Time":6.481,"AdjustCount":4094,"Restarts":78,"Conflicts":21651,"Decisions":61037,"Propagations":28209135,"Vars":42705,"Clauses":122075,"Literals":297909,"LEARNT_Limit":138701,"LEARNT_Clauses":21511,"LEARNT_Lit/Cl":25,"Progress":35.424}
{"Event":"Restart","Time":6.754,"AdjustCount":3293,"Restarts":79,"Conflicts":22452,"Decisions":62117,"Propagations":29178165,"Vars":42705,"Clauses":122075,"Literals":297909,"LEARNT_Limit":138701,"LEARNT_Clauses":22312,"LEARNT_Lit/Cl":26,"Progress":35.424}
{"Event":"Restart","Time":6.785,"AdjustCount":3193,"Restarts":80,"Conflicts":22552,"Decisions":62288,"Propagations":29289473,"Vars":42705,"Clauses":122075,"Literals":297909,"LEARNT_Limit":138701,"LEARNT_Clauses":22412,"LEARNT_Lit/Cl":26,"Progress":35.424}
{"Event":"Restart","Time":6.814,"AdjustCount":3092,"Restarts":81,"Conflicts":22653,"Decisions":62484,"Propagations":29396596,"Vars":42705,"Clauses":122075,"Literals":297909,"LEARNT_Limit":138701,"LEARNT_Clauses":22513,"LEARNT_Lit/Cl":26,"Progress":35.424}
{"Event":"Restart","Time":6.882,"AdjustCount":2892,"Restarts":82,"Conflicts":22853,"Decisions":62878,"Propagations":29654481,"Vars":42705,"Clauses":122075,"Literals":297909,"LEARNT_Limit":138701,"LEARNT_Clauses":22713,"LEARNT_Lit/Cl":26,"Progress":35.424}
{"Event":"Restart","Time":6.933,"AdjustCount":2791,"Restarts":83,"Conflicts":22954,"Decisions":63079,"Propagations":29829428,"Vars":42704,"Clauses":122072,"Literals":297903,"LEARNT_Limit":138701,"LEARNT_Clauses":22813,"LEARNT_Lit/Cl":26,"Progress":35.425}
{"Event":"Restart","Time":6.975,"AdjustCount":2690,"Restarts":84,"Conflicts":23055,"Decisions":63267,"Propagations":29982339,"Vars":42704,"Clauses":122072,"Literals":297903,"LEARNT_Limit":138701,"LEARNT_Clauses":22914,"LEARNT_Lit/Cl":26,"Progress":35.425}
{"Event":"Restart","Time":7.037,"AdjustCount":2490,"Restarts":85,"Conflicts":23255,"Decisions":63634,"Propagations":30207564,"Vars":42704,"Clauses":122072,"Literals":297903,"LEARNT_Limit":138701,"LEARNT_Clauses":23114,"LEARNT_Lit/Cl":26,"Progress":35.425}
{"Event":"Restart","Time":7.185,"AdjustCount":2090,"Restarts":86,"Conflicts":23655,"Decisions":64391,"Propagations":30779761,"Vars":42704,"Clauses":122072,"Literals":297903,"LEARNT_Limit":138701,"LEARNT_Clauses":23514,"LEARNT_Lit/Cl":26,"Progress":35.425}
{"Event":"Restart","Time":7.218,"AdjustCount":1990,"Restarts":87,"Conflicts":23755,"Decisions":64668,"Propagations":30900223,"Vars":42704,"Clauses":122072,"Literals":297903,"LEARNT_Limit":138701,"LEARNT_Clauses":23614,"LEARNT_Lit/Cl":26,"Progress":35.425}
{"Event":"Restart","Time":7.255,"AdjustCount":1890,"Restarts":88,"Conflicts":23855,"Decisions":64917,"Propagations":31019547,"Vars":42704,"Clauses":122072,"Literals":297903,"LEARNT_Limit":138701,"LEARNT_Clauses":23714,"LEARNT_Lit/Cl":26,"Progress":35.425}
{"Event":"Restart","Time":7.320,"AdjustCount":1690,"Restarts":89,"Conflicts":24055,"Decisions":65234,"Propagations":31291154,"Vars":42704,"Clauses":122072,"Literals":297903,"LEARNT_Limit":138701,"LEARNT_Clauses":23914,"LEARNT_Lit/Cl":26,"Progress":35.425}
{"Event":"Restart","Time":7.357,"AdjustCount":1590,"Restarts":90,"Conflicts":24155,"Decisions":65456,"Propagations":31436857,"Vars":42704,"Clauses":122072,"Literals":297903,"LEARNT_Limit":138701,"LEARNT_Clauses":24014,"LEARNT_Lit/Cl":26,"Progress":35.425}
{"Event":"Restart","Time":7.386,"AdjustCount":1490,"Restarts":91,"Conflicts":24255,"Decisions":65646,"Propagations":31550093,"Vars":42704,"Clauses":122072,"Literals":297903,"LEARNT_Limit":138701,"LEARNT_Clauses":24114,"LEARNT_Lit/Cl":26,"Progress":35.425}
{"Event":"Restart","Time":7.442,"AdjustCount":1288,"Restarts":92,"Conflicts":24457,"Decisions":66070,"Propagations":31755698,"Vars":42704,"Clauses":122072,"Literals":297903,"LEARNT_Limit":138701,"LEARNT_Clauses":24316,"LEARNT_Lit/Cl":26,"Progress":35.425}
{"Event":"Restart","Time":7.559,"AdjustCount":887,"Restarts":93,"Conflicts":24858,"Decisions":66652,"Propagations":32191733,"Vars":42704,"Clauses":122072,"Literals":297903,"LEARNT_Limit":138701,"LEARNT_Clauses":24717,"LEARNT_Lit/Cl":26,"Progress":35.425}
{"Event":"Restart","Time":7.785,"AdjustCount":86,"Restarts":94,"Conflicts":25659,"Decisions":67820,"Propagations":33102665,"Vars":42704,"Clauses":122072,"Literals":297903,"LEARNT_Limit":138701,"LEARNT_Clauses":25518,"LEARNT_Lit/Cl":26,"Progress":35.425}
{"Event":"LearnMore","Time":7.821,"AdjustCount":12974,"Restarts":94,"Conflicts":25745,"Decisions":67992,"Propagations":33220698,"Vars":42704,"Clauses":122072,"Literals":297903,"LEARNT_Limit":152571,"LEARNT_Clauses":25604,"LEARNT_Lit/Cl":27,"Progress":35.425}
{"Event":"Restart","Time":8.291,"AdjustCount":11460,"Restarts":95,"Conflicts":27259,"Decisions":70567,"Propagations":35014916,"Vars":42704,"Clauses":122072,"Literals":297903,"LEARNT_Limit":152571,"LEARNT_Clauses":27118,"LEARNT_Lit/Cl":27,"Progress":35.425}
{"Event":"Restart","Time":8.316,"AdjustCount":11359,"Restarts":96,"Conflicts":27360,"Decisions":70765,"Propagations":35106918,"Vars":42704,"Clauses":122072,"Literals":297903,"LEARNT_Limit":152571,"LEARNT_Clauses":27219,"LEARNT_Lit/Cl":27,"Progress":35.425}
{"Event":"Restart","Time":8.354,"AdjustCount":11257,"Restarts":97,"Conflicts":27462,"Decisions":70944,"Propagations":35232330,"Vars":42704,"Clauses":122072,"Literals":297903,"LEARNT_Limit":152571,"LEARNT_Clauses":27321,"LEARNT_Lit/Cl":27,"Progress":35.425}
{"Event":"Restart","Time":8.439,"AdjustCount":11056,"Restarts":98,"Conflicts":27663,"Decisions":71363,"Propagations":35490513,"Vars":42704,"Clauses":122072,"Literals":297903,"LEARNT_Limit":152571,"LEARNT_Clauses":27522,"LEARNT_Lit/Cl":27,"Progress":35.425}
{"Event":"Restart","Time":8.467,"AdjustCount":10956,"Restarts":99,"Conflicts":27763,"Decisions":71536,"Propagations":35582007,"Vars":42704,"Clauses":122072,"Literals":297903,"LEARNT_Limit":152571,"LEARNT_Clauses":27622,"LEARNT_Lit/Cl":27,"Progress":35.425}
{"Event":"Restart","Time":8.498,"AdjustCount":10851,"Restarts":100,"Conflicts":27868,"Decisions":71716,"Propagations":35695607,"Vars":42704,"Clauses":122072,"Literals":297903,"LEARNT_Limit":152571,"LEARNT_Clauses":27727,"LEARNT_Lit/Cl":27,"Progress":35.425}
{"Event":"Restart","Time":8.557,"AdjustCount":10651,"Restarts":101,"Conflicts":28068,"Decisions":72049,"Propagations":35909515,"Vars":42704,"Clauses":122072,"Literals":297903,"LEARNT_Limit":152571,"LEARNT_Clauses":27927,"LEARNT_Lit/Cl":27,"Progress":35.425}
{"Event":"Restart","Time":8.680,"AdjustCount":10251,"Restarts":102,"Conflicts":28468,"Decisions":72691,"Propagations":36359831,"Vars":42704,"Clauses":122072,"Literals":297903,"LEARNT_Limit":152571,"LEARNT_Clauses":28327,"LEARNT_Lit/Cl":27,"Progress":35.425}
{"Event":"Restart","Time":8.718,"AdjustCount":10149,"Restarts":103,"Conflicts":28570,"Decisions":72839,"Propagations":36486847,"Vars":42704,"Clauses":122072,"Literals":297903,"LEARNT_Limit":152571,"LEARNT_Clauses":28429,"LEARNT_Lit/Cl":27,"Progress":35.425}
{"Event":"Restart","Time":8.756,"AdjustCount":10049,"Restarts":104,"Conflicts":28670,"Decisions":73040,"Propagations":36602957,"Vars":42704,"Clauses":122072,"Literals":297903,"LEARNT_Limit":152571,"LEARNT_Clauses":28529,"LEARNT_Lit/Cl":27,"Progress":35.425}
{"Event":"Restart","Time":8.823,"AdjustCount":9848,"Restarts":105,"Conflicts":28871,"Decisions":73384,"Propagations":36858613,"Vars":42704,"Clauses":122072,"Literals":297903,"LEARNT_Limit":152571,"LEARNT_Clauses":28730,"LEARNT_Lit/Cl":27,"Progress":35.425}
{"Event":"Restart","Time":8.854,"AdjustCount":9745,"Restarts":106,"Conflicts":28974,"Decisions":73587,"Propagations":36962481,"Vars":42704,"Clauses":122072,"Literals":297903,"LEARNT_Limit":152571,"LEARNT_Clauses":28833,"LEARNT_Lit/Cl":27,"Progress":35.425}
{"Event":"Restart","Time":8.892,"AdjustCount":9645,"Restarts":107,"Conflicts":29074,"Decisions":73782,"Propagations":37096849,"Vars":42704,"Clauses":122072,"Literals":297903,"LEARNT_Limit":152571,"LEARNT_Clauses":28933,"LEARNT_Lit/Cl":27,"Progress":35.425}
{"Event":"Restart","Time":8.965,"AdjustCount":9445,"Restarts":108,"Conflicts":29274,"Decisions":74086,"Propagations":37368408,"Vars":42704,"Clauses":122072,"Literals":297903,"LEARNT_Limit":152571,"LEARNT_Clauses":29133,"LEARNT_Lit/Cl":27,"Progress":35.425}
{"Event":"Restart","Time":9.116,"AdjustCount":9043,"Restarts":109,"Conflicts":29676,"Decisions":74689,"Propagations":37823823,"Vars":42704,"Clauses":122072,"Literals":297903,"LEARNT_Limit":152571,"LEARNT_Clauses":29535,"LEARNT_Lit/Cl":27,"Progress":35.425}
{"Event":"Restart","Time":9.375,"AdjustCount":8243,"Restarts":110,"Conflicts":30476,"Decisions":75813,"Propagations":38779923,"Vars":42704,"Clauses":122072,"Literals":297903,"LEARNT_Limit":152571,"LEARNT_Clauses":30335,"LEARNT_Lit/Cl":27,"Progress":35.425}
{"Event":"Restart","Time":9.409,"AdjustCount":8143,"Restarts":111,"Conflicts":30576,"Decisions":75957,"Propagations":38911169,"Vars":42704,"Clauses":122072,"Literals":297903,"LEARNT_Limit":152571,"LEARNT_Clauses":30435,"LEARNT_Lit/Cl":27,"Progress":35.425}
{"Event":"Restart","Time":9.442,"AdjustCount":8043,"Restarts":112,"Conflicts":30676,"Decisions":76165,"Propagations":39036420,"Vars":42704,"Clauses":122072,"Literals":297903,"LEARNT_Limit":152571,"LEARNT_Clauses":30535,"LEARNT_Lit/Cl":27,"Progress":35.425}
{"Event":"Restart","Time":9.521,"AdjustCount":7840,"Restarts":113,"Conflicts":30879,"Decisions":76479,"Propagations":39322496,"Vars":42704,"Clauses":122072,"Literals":297903,"LEARNT_Limit":152571,"LEARNT_Clauses":30738,"LEARNT_Lit/Cl":27,"Progress":35.425}
{"Event":"Restart","Time":9.550,"AdjustCount":7740,"Restarts":114,"Conflicts":30979,"Decisions":76654,"Propagations":39416972,"Vars":42704,"Clauses":122072,"Literals":297903,"LEARNT_Limit":152571,"LEARNT_Clauses":30838,"LEARNT_Lit/Cl":27,"Progress":35.425}
{"Event":"Restart","Time":9.594,"AdjustCount":7639,"Restarts":115,"Conflicts":31080,"Decisions":76805,"Propagations":39522704,"Vars":42704,"Clauses":122072,"Literals":297903,"LEARNT_Limit":152571,"LEARNT_Clauses":30939,"LEARNT_Lit/Cl":27,"Progress":35.425}
{"Event":"Restart","Time":9.666,"AdjustCount":7438,"Restarts":116,"Conflicts":31281,"Decisions":77142,"Propagations":39747347,"Vars":42704,"Clauses":122072,"Literals":297903,"LEARNT_Limit":152571,"LEARNT_Clauses":31140,"LEARNT_Lit/Cl":27,"Progress":35.425}
{"Event":"Restart","Time":9.799,"AdjustCount":7037,"Restarts":117,"Conflicts":31682,"Decisions":77814,"Propagations":40193687,"Vars":42704,"Clauses":122072,"Literals":297903,"LEARNT_Limit":152571,"LEARNT_Clauses":31541,"LEARNT_Lit/Cl":27,"Progress":35.425}
{"Event":"Restart","Time":9.830,"AdjustCount":6937,"Restarts":118,"Conflicts":31782,"Decisions":77975,"Propagations":40306414,"Vars":42704,"Clauses":122072,"Literals":297903,"LEARNT_Limit":152571,"LEARNT_Clauses":31641,"LEARNT_Lit/Cl":27,"Progress":35.425}
{"Event":"Restart","Time":9.866,"AdjustCount":6836,"Restarts":119,"Conflicts":31883,"Decisions":78141,"Propagations":40425782,"Vars":42704,"Clauses":122072,"Literals":297903,"LEARNT_Limit":152571,"LEARNT_Clauses":31742,"LEARNT_Lit/Cl":27,"Progress":35.425}
{"Event":"Restart","Time":9.937,"AdjustCount":6632,"Restarts":120,"Conflicts":32087,"Decisions":78461,"Propagations":40671884,"Vars":42704,"Clauses":122072,"Literals":297903,"LEARNT_Limit":152571,"LEARNT_Clauses":31946,"LEARNT_Lit/Cl":27,"Progress":35.425}
{"Event":"Restart","Time":9.973,"AdjustCount":6532,"Restarts":121,"Conflicts":32187,"Decisions":78622,"Propagations":40790970,"Vars":42704,"Clauses":122072,"Literals":297903,"LEARNT_Limit":152571,"LEARNT_Clauses":32046,"LEARNT_Lit/Cl":27,"Progress":35.425}
{"Event":"Restart","Time":10.004,"AdjustCount":6431,"Restarts":122,"Conflicts":32288,"Decisions":78777,"Propagations":40899828,"Vars":42704,"Clauses":122072,"Literals":297903,"LEARNT_Limit":152571,"LEARNT_Clauses":32147,"LEARNT_Lit/Cl":27,"Progress":35.425}
{"Event":"Restart","Time":10.071,"AdjustCount":6230,"Restarts":123,"Conflicts":32489,"Decisions":79071,"Propagations":41125517,"Vars":42704,"Clauses":122072,"Literals":297903,"LEARNT_Limit":152571,"LEARNT_Clauses":32348,"LEARNT_Lit/Cl":27,"Progress":35.425}
{"Event":"Restart","Time":10.212,"AdjustCount":5830,"Restarts":124,"Conflicts":32889,"Decisions":79675,"Propagations":41594732,"Vars":42704,"Clauses":122072,"Literals":297903,"LEARNT_Limit":152571,"LEARNT_Clauses":32748,"LEARNT_Lit/Cl":27,"Progress":35.425}
{"Event":"Restart","Time":10.469,"AdjustCount":5029,"Restarts":125,"Conflicts":33690,"Decisions":80714,"Propagations":42409838,"Vars":42704,"Clauses":122072,"Literals":297903,"LEARNT_Limit":152571,"LEARNT_Clauses":33549,"LEARNT_Lit/Cl":27,"Progress":35.425}
{"Event":"Restart","Time":10.998,"AdjustCount":3429,"Restarts":126,"Conflicts":35290,"Decisions":84771,"Propagations":44333781,"Vars":42704,"Clauses":122072,"Literals":297903,"LEARNT_Limit":152571,"LEARNT_Clauses":35149,"LEARNT_Lit/Cl":27,"Progress":35.425}
{"Event":"Restart","Time":12.127,"AdjustCount":229,"Restarts":127,"Conflicts":38490,"Decisions":92318,"Propagations":48138882,"Vars":42704,"Clauses":122072,"Literals":297903,"LEARNT_Limit":152571,"LEARNT_Clauses":38349,"LEARNT_Lit/Cl":27,"Progress":35.425}
{"Event":"LearnMore","Time":12.234,"AdjustCount":19461,"Restarts":127,"Conflicts":38719,"Decisions":92623,"Propagations":48511104,"Vars":42704,"Clauses":122072,"Literals":297903,"LEARNT_Limit":167828,"LEARNT_Clauses":38578,"LEARNT_Lit/Cl":27,"Progress":35.425}
{"Event":"Restart","Time":14.804,"AdjustCount":13288,"Restarts":128,"Conflicts":44892,"Decisions":100772,"Propagations":56762035,"Vars":42704,"Clauses":122072,"Literals":297903,"LEARNT_Limit":167828,"LEARNT_Clauses":44751,"LEARNT_Lit/Cl":26,"Progress":35.425}
{"Event":"Restart","Time":14.841,"AdjustCount":13188,"Restarts":129,"Conflicts":44992,"Decisions":100907,"Propagations":56855258,"Vars":42704,"Clauses":122072,"Literals":297903,"LEARNT_Limit":167828,"LEARNT_Clauses":44851,"LEARNT_Lit/Cl":26,"Progress":35.425}
{"Event":"Restart","Time":14.886,"AdjustCount":13084,"Restarts":130,"Conflicts":45096,"Decisions":101065,"Propagations":56980146,"Vars":42704,"Clauses":122072,"Literals":297903,"LEARNT_Limit":167828,"LEARNT_Clauses":44955,"LEARNT_Lit/Cl":26,"Progress":35.425}
{"Event":"Restart","Time":14.959,"AdjustCount":12883,"Restarts":131,"Conflicts":45297,"Decisions":101365,"Propagations":57172904,"Vars":42704,"Clauses":122072,"Literals":297903,"LEARNT_Limit":167828,"LEARNT_Clauses":45156,"LEARNT_Lit/Cl":26,"Progress":35.425}
{"Event":"Restart","Time":15.004,"AdjustCount":12783,"Restarts":132,"Conflicts":45397,"Decisions":101507,"Propagations":57294373,"Vars":42704,"Clauses":122072,"Literals":297903,"LEARNT_Limit":167828,"LEARNT_Clauses":45256,"LEARNT_Lit/Cl":26,"Progress":35.425}
{"Event":"Restart","Time":15.035,"AdjustCount":12683,"Restarts":133,"Conflicts":45497,"Decisions":101626,"Propagations":57386516,"Vars":42704,"Clauses":122072,"Literals":297903,"LEARNT_Limit":167828,"LEARNT_Clauses":45356,"LEARNT_Lit/Cl":26,"Progress":35.425}
{"Event":"Restart","Time":15.121,"AdjustCount":12479,"Restarts":134,"Conflicts":45701,"Decisions":101869,"Propagations":57631012,"Vars":42704,"Clauses":122072,"Literals":297903,"LEARNT_Limit":167828,"LEARNT_Clauses":45560,"LEARNT_Lit/Cl":26,"Progress":35.425}
{"Event":"Restart","Time":15.311,"AdjustCount":12079,"Restarts":135,"Conflicts":46101,"Decisions":102415,"Propagations":58245100,"Vars":42704,"Clauses":122072,"Literals":297903,"LEARNT_Limit":167828,"LEARNT_Clauses":45960,"LEARNT_Lit/Cl":26,"Progress":35.425}
{"Event":"Restart","Time":15.357,"AdjustCount":11979,"Restarts":136,"Conflicts":46201,"Decisions":102561,"Propagations":58362459,"Vars":42704,"Clauses":122072,"Literals":297903,"LEARNT_Limit":167828,"LEARNT_Clauses":46060,"LEARNT_Lit/Cl":26,"Progress":35.425}
{"Event":"Restart","Time":15.396,"AdjustCount":11875,"Restarts":137,"Conflicts":46305,"Decisions":102694,"Propagations":58476917,"Vars":42704,"Clauses":122072,"Literals":297903,"LEARNT_Limit":167828,"LEARNT_Clauses":46164,"LEARNT_Lit/Cl":26,"Progress":35.425}
{"Event":"Restart","Time":15.466,"AdjustCount":11675,"Restarts":138,"Conflicts":46505,"Decisions":103004,"Propagations":58678239,"Vars":42704,"Clauses":122072,"Literals":297903,"LEARNT_Limit":167828,"LEARNT_Clauses":46364,"LEARNT_Lit/Cl":26,"Progress":35.425}
{"Event":"Restart","Time":15.509,"AdjustCount":11575,"Restarts":139,"Conflicts":46605,"Decisions":103191,"Propagations":58803972,"Vars":42704,"Clauses":122072,"Literals":297903,"LEARNT_Limit":167828,"LEARNT_Clauses":46464,"LEARNT_Lit/Cl":26,"Progress":35.425}
{"Event":"Restart","Time":15.557,"AdjustCount":11475,"Restarts":140,"Conflicts":46705,"Decisions":103342,"Propagations":58938275,"Vars":42704,"Clauses":122072,"Literals":297903,"LEARNT_Limit":167828,"LEARNT_Clauses":46564,"LEARNT_Lit/Cl":26,"Progress":35.425}
{"Event":"Restart","Time":15.650,"AdjustCount":11273,"Restarts":141,"Conflicts":46907,"Decisions":103605,"Propagations":59178961,"Vars":42704,"Clauses":122072,"Literals":297903,"LEARNT_Limit":167828,"LEARNT_Clauses":46766,"LEARNT_Lit/Cl":26,"Progress":35.425}
{"Event":"Restart","Time":15.799,"AdjustCount":10873,"Restarts":142,"Conflicts":47307,"Decisions":104133,"Propagations":59604232,"Vars":42704,"Clauses":122072,"Literals":297903,"LEARNT_Limit":167828,"LEARNT_Clauses":47166,"LEARNT_Lit/Cl":26,"Progress":35.425}
{"Event":"Restart","Time":16.106,"AdjustCount":10073,"Restarts":143,"Conflicts":48107,"Decisions":105193,"Propagations":60486016,"Vars":42704,"Clauses":122072,"Literals":297903,"LEARNT_Limit":167828,"LEARNT_Clauses":47966,"LEARNT_Lit/Cl":26,"Progress":35.425}
{"Event":"Restart","Time":16.168,"AdjustCount":9972,"Restarts":144,"Conflicts":48208,"Decisions":105315,"Propagations":60716557,"Vars":42704,"Clauses":122072,"Literals":297903,"LEARNT_Limit":167828,"LEARNT_Clauses":48067,"LEARNT_Lit/Cl":26,"Progress":35.425}
{"Event":"Restart","Time":16.227,"AdjustCount":9869,"Restarts":145,"Conflicts":48311,"Decisions":105448,"Propagations":60939979,"Vars":42704,"Clauses":122072,"Literals":297903,"LEARNT_Limit":167828,"LEARNT_Clauses":48170,"LEARNT_Lit/Cl":26,"Progress":35.425}
{"Event":"Restart","Time":16.359,"AdjustCount":9668,"Restarts":146,"Conflicts":48512,"Decisions":105711,"Propagations":61401157,"Vars":42704,"Clauses":122072,"Literals":297903,"LEARNT_Limit":167828,"LEARNT_Clauses":48371,"LEARNT_Lit/Cl":26,"Progress":35.425}
{"Event":"Restart","Time":16.422,"AdjustCount":9568,"Restarts":147,"Conflicts":48612,"Decisions":105859,"Propagations":61631495,"Vars":42704,"Clauses":122072,"Literals":297903,"LEARNT_Limit":167828,"LEARNT_Clauses":48471,"LEARNT_Lit/Cl":26,"Progress":35.425}
{"Event":"Restart","Time":16.494,"AdjustCount":9468,"Restarts":148,"Conflicts":48712,"Decisions":105986,"Propagations":61899688,"Vars":42704,"Clauses":122072,"Literals":297903,"LEARNT_Limit":167828,"LEARNT_Clauses":48571,"LEARNT_Lit/Cl":26,"Progress":35.425}
{"Event":"Restart","Time":16.585,"AdjustCount":9268,"Restarts":149,"Conflicts":48912,"Decisions":106270,"Propagations":62183677,"Vars":42704,"Clauses":122072,"Literals":297903,"LEARNT_Limit":167828,"LEARNT_Clauses":48771,"LEARNT_Lit/Cl":26,"Progress":35.425}
{"Event":"Restart","Time":16.754,"AdjustCount":8866,"Restarts":150,"Conflicts":49314,"Decisions":106790,"Propagations":62651405,"Vars":42704,"Clauses":122072,"Literals":297903,"LEARNT_Limit":167828,"LEARNT_Clauses":49173,"LEARNT_Lit/Cl":26,"Progress":35.425}
{"Event":"Restart","Time":16.790,"AdjustCount":8766,"Restarts":151,"Conflicts":49414,"Decisions":106964,"Propagations":62767392,"Vars":42704,"Clauses":122072,"Literals":297903,"LEARNT_Limit":167828,"LEARNT_Clauses":49273,"LEARNT_Lit/Cl":26,"Progress":35.425}
{"Event":"Restart","Time":16.820,"AdjustCount":8666,"Restarts":152,"Conflicts":49514,"Decisions":107119,"Propagations":62850879,"Vars":42704,"Clauses":122072,"Literals":297903,"LEARNT_Limit":167828,"LEARNT_Clauses":49373,"LEARNT_Lit/Cl":26,"Progress":35.425}
{"Event":"Restart","Time":16.913,"AdjustCount":8466,"Restarts":153,"Conflicts":49714,"Decisions":107415,"Propagations":63128393,"Vars":42704,"Clauses":122072,"Literals":297903,"LEARNT_Limit":167828,"LEARNT_Clauses":49573,"LEARNT_Lit/Cl":26,"Progress":35.425}
{"Event":"Restart","Time":16.953,"AdjustCount":8366,"Restarts":154,"Conflicts":49814,"Decisions":107613,"Propagations":63286563,"Vars":42704,"Clauses":122072,"Literals":297903,"LEARNT_Limit":167828,"LEARNT_Clauses":49673,"LEARNT_Lit/Cl":26,"Progress":35.425}
{"Event":"Restart","Time":17.010,"AdjustCount":8266,"Restarts":155,"Conflicts":49914,"Decisions":107783,"Propagations":63434815,"Vars":42681,"Clauses":121994,"Literals":297722,"LEARNT_Limit":167828,"LEARNT_Clauses":40917,"LEARNT_Lit/Cl":26,"Progress":35.460}
{"Event":"Restart","Time":17.055,"AdjustCount":8066,"Restarts":156,"Conflicts":50114,"Decisions":108158,"Propagations":63617614,"Vars":42681,"Clauses":121994,"Literals":297722,"LEARNT_Limit":167828,"LEARNT_Clauses":41117,"LEARNT_Lit/Cl":26,"Progress":35.460}
{"Event":"Restart","Time":17.198,"AdjustCount":7666,"Restarts":157,"Conflicts":50514,"Decisions":108755,"Propagations":64122082,"Vars":42681,"Clauses":121994,"Literals":297722,"LEARNT_Limit":167828,"LEARNT_Clauses":41517,"LEARNT_Lit/Cl":26,"Progress":35.460}
{"Event":"Restart","Time":17.418,"AdjustCount":6865,"Restarts":158,"Conflicts":51315,"Decisions":110006,"Propagations":65008818,"Vars":42681,"Clauses":121994,"Literals":297722,"LEARNT_Limit":167828,"LEARNT_Clauses":42318,"LEARNT_Lit/Cl":26,"Progress":35.460}
{"Event":"Restart","Time":18.011,"AdjustCount":5264,"Restarts":159,"Conflicts":52916,"Decisions":111928,"Propagations":66791390,"Vars":42681,"Clauses":121994,"Literals":297722,"LEARNT_Limit":167828,"LEARNT_Clauses":43919,"LEARNT_Lit/Cl":26,"Progress":35.460}
{"Event":"Restart","Time":18.049,"AdjustCount":5164,"Restarts":160,"Conflicts":53016,"Decisions":112065,"Propagations":66908131,"Vars":42681,"Clauses":121994,"Literals":297722,"LEARNT_Limit":167828,"LEARNT_Clauses":44019,"LEARNT_Lit/Cl":26,"Progress":35.460}
{"Event":"Restart","Time":18.097,"AdjustCount":5063,"Restarts":161,"Conflicts":53117,"Decisions":112217,"Propagations":67047347,"Vars":42681,"Clauses":121994,"Literals":297722,"LEARNT_Limit":167828,"LEARNT_Clauses":44120,"LEARNT_Lit/Cl":26,"Progress":35.460}
{"Event":"Restart","Time":18.176,"AdjustCount":4862,"Restarts":162,"Conflicts":53318,"Decisions":112504,"Propagations":67252375,"Vars":42681,"Clauses":121994,"Literals":297722,"LEARNT_Limit":167828,"LEARNT_Clauses":44321,"LEARNT_Lit/Cl":26,"Progress":35.460}
{"Event":"Restart","Time":18.216,"AdjustCount":4762,"Restarts":163,"Conflicts":53418,"Decisions":112633,"Propagations":67365649,"Vars":42681,"Clauses":121994,"Literals":297722,"LEARNT_Limit":167828,"LEARNT_Clauses":44421,"LEARNT_Lit/Cl":26,"Progress":35.460}
{"Event":"Restart","Time":18.256,"AdjustCount":4662,"Restarts":164,"Conflicts":53518,"Decisions":112782,"Propagations":67472685,"Vars":42681,"Clauses":121994,"Literals":297722,"LEARNT_Limit":167828,"LEARNT_Clauses":44521,"LEARNT_Lit/Cl":26,"Progress":35.460}
{"Event":"Restart","Time":18.312,"AdjustCount":4461,"Restarts":165,"Conflicts":53719,"Decisions":113018,"Propagations":67640548,"Vars":42681,"Clauses":121994,"Literals":297722,"LEARNT_Limit":167828,"LEARNT_Clauses":44722,"LEARNT_Lit/Cl":26,"Progress":35.460}
{"Event":"Restart","Time":18.469,"AdjustCount":4061,"Restarts":166,"Conflicts":54119,"Decisions":113502,"Propagations":68127044,"Vars":42681,"Clauses":121994,"Literals":297722,"LEARNT_Limit":167828,"LEARNT_Clauses":45122,"LEARNT_Lit/Cl":26,"Progress":35.460}
{"Event":"Restart","Time":18.505,"AdjustCount":3961,"Restarts":167,"Conflicts":54219,"Decisions":113618,"Propagations":68238292,"Vars":42681,"Clauses":121994,"Literals":297722,"LEARNT_Limit":167828,"LEARNT_Clauses":45222,"LEARNT_Lit/Cl":26,"Progress":35.460}
{"Event":"Restart","Time":18.558,"AdjustCount":3859,"Restarts":168,"Conflicts":54321,"Decisions":113759,"Propagations":68377897,"Vars":42681,"Clauses":121994,"Literals":297722,"LEARNT_Limit":167828,"LEARNT_Clauses":45324,"LEARNT_Lit/Cl":26,"Progress":35.460}
{"Event":"Restart","Time":18.624,"AdjustCount":3658,"Restarts":169,"Conflicts":54522,"Decisions":114010,"Propagations":68575154,"Vars":42681,"Clauses":121994,"Literals":297722,"LEARNT_Limit":167828,"LEARNT_Clauses":45525,"LEARNT_Lit/Cl":26,"Progress":35.460}
{"Event":"Restart","Time":18.652,"AdjustCount":3557,"Restarts":170,"Conflicts":54623,"Decisions":114139,"Propagations":68674321,"Vars":42681,"Clauses":121994,"Literals":297722,"LEARNT_Limit":167828,"LEARNT_Clauses":45626,"LEARNT_Lit/Cl":26,"Progress":35.460}
{"Event":"Restart","Time":18.689,"AdjustCount":3457,"Restarts":171,"Conflicts":54723,"Decisions":114275,"Propagations":68784508,"Vars":42681,"Clauses":121994,"Literals":297722,"LEARNT_Limit":167828,"LEARNT_Clauses":45726,"LEARNT_Lit/Cl":26,"Progress":35.460}
{"Event":"Restart","Time":18.797,"AdjustCount":3255,"Restarts":172,"Conflicts":54925,"Decisions":114557,"Propagations":69073273,"Vars":42681,"Clauses":121994,"Literals":297722,"LEARNT_Limit":167828,"LEARNT_Clauses":45928,"LEARNT_Lit/Cl":26,"Progress":35.460}
{"Event":"Restart","Time":18.959,"AdjustCount":2852,"Restarts":173,"Conflicts":55328,"Decisions":115087,"Propagations":69495320,"Vars":42681,"Clauses":121994,"Literals":297722,"LEARNT_Limit":167828,"LEARNT_Clauses":46331,"LEARNT_Lit/Cl":26,"Progress":35.460}
{"Event":"Restart","Time":19.294,"AdjustCount":2052,"Restarts":174,"Conflicts":56128,"Decisions":116141,"Propagations":70408734,"Vars":42556,"Clauses":121547,"Literals":296694,"LEARNT_Limit":167828,"LEARNT_Clauses":30346,"LEARNT_Lit/Cl":22,"Progress":35.649}
{"Event":"Restart","Time":19.325,"AdjustCount":1950,"Restarts":175,"Conflicts":56230,"Decisions":116303,"Propagations":70544599,"Vars":42556,"Clauses":121547,"Literals":296694,"LEARNT_Limit":167828,"LEARNT_Clauses":30448,"LEARNT_Lit/Cl":22,"Progress":35.649}
{"Event":"Restart","Time":19.363,"AdjustCount":1849,"Restarts":176,"Conflicts":56331,"Decisions":116445,"Propagations":70671348,"Vars":42556,"Clauses":121547,"Literals":296694,"LEARNT_Limit":167828,"LEARNT_Clauses":30549,"LEARNT_Lit/Cl":22,"Progress":35.649}
{"Event":"Restart","Time":19.448,"AdjustCount":1649,"Restarts":177,"Conflicts":56531,"Decisions":116684,"Propagations":70993361,"Vars":42556,"Clauses":121547,"Literals":296694,"LEARNT_Limit":167828,"LEARNT_Clauses":30749,"LEARNT_Lit/Cl":22,"Progress":35.649}
{"Event":"Restart","Time":19.477,"AdjustCount":1546,"Restarts":178,"Conflicts":56634,"Decisions":116809,"Propagations":71108627,"Vars":42556,"Clauses":121547,"Literals":296694,"LEARNT_Limit":167828,"LEARNT_Clauses":30852,"LEARNT_Lit/Cl":22,"Progress":35.649}
{"Event":"Restart","Time":19.537,"AdjustCount":1444,"Restarts":179,"Conflicts":56736,"Decisions":116920,"Propagations":71309385,"Vars":42354,"Clauses":121547,"Literals":296694,"LEARNT_Limit":167828,"LEARNT_Clauses":30953,"LEARNT_Lit/Cl":22,"Progress":35.954}
===============================================================================
restarts              : 179
conflicts             : 56766          (2899 /sec)
decisions             : 116944         (0.00 % random) (5972 /sec)
propagations          : 71351997       (3643703 /sec)
conflict literals     : 1465920        (46.03 % deleted)
Memory used           : 36.00 MB
CPU time              : 19.5823 s

UNSATISFIABLE
