WARNING: for repeatability, setting FPU to use double precision
============================[ Problem Statistics ]=============================
|                                                                             |
|  Number of variables:          3600                                         |
|  Number of clauses:           10681                                         |
|  Parse time:                   0.01 s                                       |
|                                                                             |
============================[ Search Statistics ]==============================
| Conflicts |          ORIGINAL         |          LEARNT          | Progress |
|           |    Vars  Clauses Literals |    Limit  Clauses Lit/Cl |          |
===============================================================================
{"Event":"Restart","Time":0.007,"AdjustCount":99,"Restarts":1,"Conflicts":1,"Decisions":6,"Propagations":489,"Vars":3600,"Clauses":10681,"Literals":25140,"LEARNT_Limit":3560,"LEARNT_Clauses":1,"LEARNT_Lit/Cl":2,"Progress":0.001}
{"Event":"LearnMore","Time":0.013,"AdjustCount":150,"Restarts":1,"Conflicts":100,"Decisions":478,"Propagations":34380,"Vars":3600,"Clauses":10681,"Literals":25140,"LEARNT_Limit":3916,"LEARNT_Clauses":100,"LEARNT_Lit/Cl":17,"Progress":0.001}
{"Event":"Restart","Time":0.014,"AdjustCount":148,"Restarts":2,"Conflicts":102,"Decisions":513,"Propagations":35984,"Vars":3600,"Clauses":10681,"Literals":25140,"LEARNT_Limit":3916,"LEARNT_Clauses":102,"LEARNT_Lit/Cl":17,"Progress":0.000}
{"Event":"Restart","Time":0.020,"AdjustCount":46,"Restarts":3,"Conflicts":204,"Decisions":720,"Propagations":86553,"Vars":3600,"Clauses":10681,"Literals":25140,"LEARNT_Limit":3916,"LEARNT_Clauses":204,"LEARNT_Lit/Cl":15,"Progress":0.001}
{"Event":"LearnMore","Time":0.023,"AdjustCount":225,"Restarts":3,"Conflicts":250,"Decisions":845,"Propagations":96199,"Vars":3600,"Clauses":10681,"Literals":25140,"LEARNT_Limit":4308,"LEARNT_Clauses":250,"LEARNT_Lit/Cl":25,"Progress":0.001}
{"Event":"Restart","Time":0.034,"AdjustCount":71,"Restarts":4,"Conflicts":404,"Decisions":1288,"Propagations":149806,"Vars":3600,"Clauses":10681,"Literals":25140,"LEARNT_Limit":4308,"LEARNT_Clauses":404,"LEARNT_Lit/Cl":33,"Progress":0.000}
{"Event":"LearnMore","Time":0.038,"AdjustCount":337,"Restarts":4,"Conflicts":475,"Decisions":1482,"Propagations":165605,"Vars":3600,"Clauses":10681,"Literals":25140,"LEARNT_Limit":4738,"LEARNT_Clauses":475,"LEARNT_Lit/Cl":34,"Progress":0.000}
{"Event":"Restart","Time":0.040,"AdjustCount":308,"Restarts":5,"Conflicts":504,"Decisions":1579,"Propagations":181510,"Vars":3600,"Clauses":10681,"Literals":25140,"LEARNT_Limit":4738,"LEARNT_Clauses":504,"LEARNT_Lit/Cl":34,"Progress":0.000}
{"Event":"Restart","Time":0.050,"AdjustCount":208,"Restarts":6,"Conflicts":604,"Decisions":1833,"Propagations":233409,"Vars":3600,"Clauses":10681,"Literals":25140,"LEARNT_Limit":4738,"LEARNT_Clauses":604,"LEARNT_Lit/Cl":31,"Progress":0.000}
{"Event":"Restart","Time":0.064,"AdjustCount":8,"Restarts":7,"Conflicts":804,"Decisions":2596,"Propagations":304575,"Vars":3600,"Clauses":10681,"Literals":25140,"LEARNT_Limit":4738,"LEARNT_Clauses":804,"LEARNT_Lit/Cl":30,"Progress":0.001}
{"Event":"LearnMore","Time":0.065,"AdjustCount":506,"Restarts":7,"Conflicts":812,"Decisions":2688,"Propagations":311870,"Vars":3600,"Clauses":10681,"Literals":25140,"LEARNT_Limit":5212,"LEARNT_Clauses":812,"LEARNT_Lit/Cl":30,"Progress":0.001}
{"Event":"Restart","Time":0.089,"AdjustCount":114,"Restarts":8,"Conflicts":1204,"Decisions":3745,"Propagations":431437,"Vars":3600,"Clauses":10681,"Literals":25140,"LEARNT_Limit":5212,"LEARNT_Clauses":1204,"LEARNT_Lit/Cl":31,"Progress":0.000}
{"Event":"Restart","Time":0.096,"AdjustCount":12,"Restarts":9,"Conflicts":1306,"Decisions":4072,"Propagations":481801,"Vars":3600,"Clauses":10681,"Literals":25140,"LEARNT_Limit":5212,"LEARNT_Clauses":1306,"LEARNT_Lit/Cl":30,"Progress":0.000}
{"Event":"LearnMore","Time":0.097,"AdjustCount":759,"Restarts":9,"Conflicts":1318,"Decisions":4110,"Propagations":483965,"Vars":3600,"Clauses":10681,"Literals":25140,"LEARNT_Limit":5733,"LEARNT_Clauses":1318,"LEARNT_Lit/Cl":30,"Progress":0.000}
{"Event":"Restart","Time":0.103,"AdjustCount":670,"Restarts":10,"Conflicts":1407,"Decisions":4539,"Propagations":514647,"Vars":3600,"Clauses":10681,"Literals":25140,"LEARNT_Limit":5733,"LEARNT_Clauses":1407,"LEARNT_Lit/Cl":30,"Progress":0.000}
{"Event":"Restart","Time":0.116,"AdjustCount":470,"Restarts":11,"Conflicts":1607,"Decisions":5025,"Propagations":581018,"Vars":3600,"Clauses":10681,"Literals":25140,"LEARNT_Limit":5733,"LEARNT_Clauses":1607,"LEARNT_Lit/Cl":32,"Progress":0.001}
{"Event":"Restart","Time":0.125,"AdjustCount":370,"Restarts":12,"Conflicts":1707,"Decisions":5195,"Propagations":641253,"Vars":3600,"Clauses":10681,"Literals":25140,"LEARNT_Limit":5733,"LEARNT_Clauses":1707,"LEARNT_Lit/Cl":31,"Progress":0.001}
{"Event":"Restart","Time":0.131,"AdjustCount":270,"Restarts":13,"Conflicts":1807,"Decisions":5545,"Propagations":667050,"Vars":3600,"Clauses":10681,"Literals":25140,"LEARNT_Limit":5733,"LEARNT_Clauses":1807,"LEARNT_Lit/Cl":31,"Progress":0.000}
{"Event":"Restart","Time":0.144,"AdjustCount":69,"Restarts":14,"Conflicts":2008,"Decisions":5955,"Propagations":740563,"Vars":3600,"Clauses":10681,"Literals":25140,"LEARNT_Limit":5733,"LEARNT_Clauses":2008,"LEARNT_Lit/Cl":31,"Progress":0.000}
{"Event":"LearnMore","Time":0.150,"AdjustCount":1139,"Restarts":14,"Conflicts":2077,"Decisions":6087,"Propagations":780379,"Vars":3600,"Clauses":10681,"Literals":25140,"LEARNT_Limit":6307,"LEARNT_Clauses":2077,"LEARNT_Lit/Cl":30,"Progress":0.000}
{"Event":"Restart","Time":0.180,"AdjustCount":808,"Restarts":15,"Conflicts":2408,"Decisions":6651,"Propagations":974155,"Vars":3600,"Clauses":10681,"Literals":25140,"LEARNT_Limit":6307,"LEARNT_Clauses":2408,"LEARNT_Lit/Cl":29,"Progress":0.000}
{"Event":"Restart","Time":0.233,"AdjustCount":8,"Restarts":16,"Conflicts":3208,"Decisions":8597,"Propagations":1242114,"Vars":3600,"Clauses":10681,"Literals":25140,"LEARNT_Limit":6307,"LEARNT_Clauses":3208,"LEARNT_Lit/Cl":31,"Progress":0.000}
{"Event":"LearnMore","Time":0.233,"AdjustCount":1708,"Restarts":16,"Conflicts":3216,"Decisions":8622,"Propagations":1244673,"Vars":3600,"Clauses":10681,"Literals":25140,"LEARNT_Limit":6938,"LEARNT_Clauses":3216,"LEARNT_Lit/Cl":31,"Progress":0.000}
{"Event":"Restart","Time":0.240,"AdjustCount":1616,"Restarts":17,"Conflicts":3308,"Decisions":8912,"Propagations":1275051,"Vars":3600,"Clauses":10681,"Literals":25140,"LEARNT_Limit":6938,"LEARNT_Clauses":3308,"LEARNT_Lit/Cl":31,"Progress":0.000}
{"Event":"Restart","Time":0.247,"AdjustCount":1516,"Restarts":18,"Conflicts":3408,"Decisions":9094,"Propagations":1309361,"Vars":3600,"Clauses":10681,"Literals":25140,"LEARNT_Limit":6938,"LEARNT_Clauses":3408,"LEARNT_Lit/Cl":32,"Progress":0.000}
{"Event":"Restart","Time":0.266,"AdjustCount":1316,"Restarts":19,"Conflicts":3608,"Decisions":9513,"Propagations":1419524,"Vars":3600,"Clauses":10681,"Literals":25140,"LEARNT_Limit":6938,"LEARNT_Clauses":3608,"LEARNT_Lit/Cl":31,"Progress":0.000}
{"Event":"Restart","Time":0.278,"AdjustCount":1215,"Restarts":20,"Conflicts":3709,"Decisions":9689,"Propagations":1489637,"Vars":3600,"Clauses":10681,"Literals":25140,"LEARNT_Limit":6938,"LEARNT_Clauses":3709,"LEARNT_Lit/Cl":31,"Progress":0.000}
{"Event":"Restart","Time":0.284,"AdjustCount":1115,"Restarts":21,"Conflicts":3809,"Decisions":9980,"Propagations":1516524,"Vars":3600,"Clauses":10681,"Literals":25140,"LEARNT_Limit":6938,"LEARNT_Clauses":3809,"LEARNT_Lit/Cl":31,"Progress":0.000}
{"Event":"Restart","Time":0.300,"AdjustCount":914,"Restarts":22,"Conflicts":4010,"Decisions":10371,"Propagations":1605065,"Vars":3600,"Clauses":10681,"Literals":25140,"LEARNT_Limit":6938,"LEARNT_Clauses":4010,"LEARNT_Lit/Cl":30,"Progress":0.000}
{"Event":"Restart","Time":0.326,"AdjustCount":514,"Restarts":23,"Conflicts":4410,"Decisions":11335,"Propagations":1710396,"Vars":3600,"Clauses":10681,"Literals":25140,"LEARNT_Limit":6938,"LEARNT_Clauses":4410,"LEARNT_Lit/Cl":31,"Progress":0.000}
{"Event":"Restart","Time":0.333,"AdjustCount":414,"Restarts":24,"Conflicts":4510,"Decisions":11542,"Propagations":1743141,"Vars":3600,"Clauses":10681,"Literals":25140,"LEARNT_Limit":6938,"LEARNT_Clauses":4510,"LEARNT_Lit/Cl":32,"Progress":0.000}
{"Event":"Restart","Time":0.340,"AdjustCount":314,"Restarts":25,"Conflicts":4610,"Decisions":11699,"Propagations":1787368,"Vars":3600,"Clauses":10681,"Literals":25140,"LEARNT_Limit":6938,"LEARNT_Clauses":4610,"LEARNT_Lit/Cl":31,"Progress":0.000}
{"Event":"Restart","Time":0.355,"AdjustCount":114,"Restarts":26,"Conflicts":4810,"Decisions":12127,"Propagations":1878937,"Vars":3600,"Clauses":10681,"Literals":25140,"LEARNT_Limit":6938,"LEARNT_Clauses":4810,"LEARNT_Lit/Cl":30,"Progress":0.000}
{"Event":"Restart","Time":0.362,"AdjustCount":14,"Restarts":27,"Conflicts":4910,"Decisions":12313,"Propagations":1921309,"Vars":3600,"Clauses":10681,"Literals":25140,"LEARNT_Limit":6938,"LEARNT_Clauses":4910,"LEARNT_Lit/Cl":30,"Progress":0.000}
{"Event":"LearnMore","Time":0.362,"AdjustCount":2562,"Restarts":27,"Conflicts":4924,"Decisions":12330,"Propagations":1925379,"Vars":3600,"Clauses":10681,"Literals":25140,"LEARNT_Limit":7631,"LEARNT_Clauses":4924,"LEARNT_Lit/Cl":30,"Progress":0.000}
{"Event":"Restart","Time":0.371,"AdjustCount":2474,"Restarts":28,"Conflicts":5012,"Decisions":12598,"Propagations":1959151,"Vars":3599,"Clauses":10679,"Literals":25134,"LEARNT_Limit":7631,"LEARNT_Clauses":4629,"LEARNT_Lit/Cl":31,"Progress":0.028}
{"Event":"Restart","Time":0.388,"AdjustCount":2274,"Restarts":29,"Conflicts":5212,"Decisions":12955,"Propagations":2061314,"Vars":3599,"Clauses":10679,"Literals":25134,"LEARNT_Limit":7631,"LEARNT_Clauses":4829,"LEARNT_Lit/Cl":30,"Progress":0.028}
{"Event":"Restart","Time":0.424,"AdjustCount":1874,"Restarts":30,"Conflicts":5612,"Decisions":13857,"Propagations":2266627,"Vars":3598,"Clauses":10677,"Literals":25128,"LEARNT_Limit":7631,"LEARNT_Clauses":4946,"LEARNT_Lit/Cl":30,"Progress":0.056}
{"Event":"Restart","Time":0.490,"AdjustCount":1073,"Restarts":31,"Conflicts":6413,"Decisions":15731,"Propagations":2605719,"Vars":3598,"Clauses":10677,"Literals":25128,"LEARNT_Limit":7631,"LEARNT_Clauses":5747,"LEARNT_Lit/Cl":29,"Progress":0.056}
{"Event":"LearnMore","Time":0.580,"AdjustCount":3844,"Restarts":31,"Conflicts":7486,"Decisions":17711,"Propagations":3030419,"Vars":3598,"Clauses":10677,"Literals":25128,"LEARNT_Limit":8395,"LEARNT_Clauses":6820,"LEARNT_Lit/Cl":29,"Progress":0.056}
{"Event":"Restart","Time":0.625,"AdjustCount":3316,"Restarts":32,"Conflicts":8014,"Decisions":18999,"Propagations":3203508,"Vars":3598,"Clauses":10677,"Literals":25128,"LEARNT_Limit":8395,"LEARNT_Clauses":7348,"LEARNT_Lit/Cl":30,"Progress":0.056}
{"Event":"Restart","Time":0.636,"AdjustCount":3216,"Restarts":33,"Conflicts":8114,"Decisions":19148,"Propagations":3262296,"Vars":3598,"Clauses":10677,"Literals":25128,"LEARNT_Limit":8395,"LEARNT_Clauses":7448,"LEARNT_Lit/Cl":30,"Progress":0.056}
{"Event":"Restart","Time":0.646,"AdjustCount":3115,"Restarts":34,"Conflicts":8215,"Decisions":19309,"Propagations":3319081,"Vars":3598,"Clauses":10677,"Literals":25128,"LEARNT_Limit":8395,"LEARNT_Clauses":7549,"LEARNT_Lit/Cl":30,"Progress":0.056}
{"Event":"Restart","Time":0.669,"AdjustCount":2914,"Restarts":35,"Conflicts":8416,"Decisions":19650,"Propagations":3439384,"Vars":3598,"Clauses":10677,"Literals":25128,"LEARNT_Limit":8395,"LEARNT_Clauses":7750,"LEARNT_Lit/Cl":30,"Progress":0.056}
{"Event":"Restart","Time":0.677,"AdjustCount":2814,"Restarts":36,"Conflicts":8516,"Decisions":19859,"Propagations":3482057,"Vars":3598,"Clauses":10677,"Literals":25128,"LEARNT_Limit":8395,"LEARNT_Clauses":7850,"LEARNT_Lit/Cl":29,"Progress":0.057}
{"Event":"Restart","Time":0.684,"AdjustCount":2714,"Restarts":37,"Conflicts":8616,"Decisions":20111,"Propagations":3503217,"Vars":3598,"Clauses":10677,"Literals":25128,"LEARNT_Limit":8395,"LEARNT_Clauses":7950,"LEARNT_Lit/Cl":30,"Progress":0.056}
{"Event":"Restart","Time":0.702,"AdjustCount":2514,"Restarts":38,"Conflicts":8816,"Decisions":20492,"Propagations":3603893,"Vars":3598,"Clauses":10677,"Literals":25128,"LEARNT_Limit":8395,"LEARNT_Clauses":8150,"LEARNT_Lit/Cl":29,"Progress":0.056}
{"Event":"Restart","Time":0.742,"AdjustCount":2113,"Restarts":39,"Conflicts":9217,"Decisions":21373,"Propagations":3745687,"Vars":3598,"Clauses":10677,"Literals":25128,"LEARNT_Limit":8395,"LEARNT_Clauses":4276,"LEARNT_Lit/Cl":24,"Progress":0.056}
{"Event":"Restart","Time":0.749,"AdjustCount":2011,"Restarts":40,"Conflicts":9319,"Decisions":21581,"Propagations":3783536,"Vars":3598,"Clauses":10677,"Literals":25128,"LEARNT_Limit":8395,"LEARNT_Clauses":4378,"LEARNT_Lit/Cl":24,"Progress":0.056}
{"Event":"Restart","Time":0.756,"AdjustCount":1909,"Restarts":41,"Conflicts":9421,"Decisions":21927,"Propagations":3807786,"Vars":3598,"Clauses":10677,"Literals":25128,"LEARNT_Limit":8395,"LEARNT_Clauses":4480,"LEARNT_Lit/Cl":24,"Progress":0.056}
{"Event":"Restart","Time":0.775,"AdjustCount":1709,"Restarts":42,"Conflicts":9621,"Decisions":22361,"Propagations":3923697,"Vars":3598,"Clauses":10677,"Literals":25128,"LEARNT_Limit":8395,"LEARNT_Clauses":4680,"LEARNT_Lit/Cl":24,"Progress":0.056}
{"Event":"Restart","Time":0.782,"AdjustCount":1609,"Restarts":43,"Conflicts":9721,"Decisions":22748,"Propagations":3954706,"Vars":3598,"Clauses":10677,"Literals":25128,"LEARNT_Limit":8395,"LEARNT_Clauses":4780,"LEARNT_Lit/Cl":24,"Progress":0.056}
{"Event":"Restart","Time":0.789,"AdjustCount":1509,"Restarts":44,"Conflicts":9821,"Decisions":22931,"Propagations":4001721,"Vars":3598,"Clauses":10677,"Literals":25128,"LEARNT_Limit":8395,"LEARNT_Clauses":4880,"LEARNT_Lit/Cl":24,"Progress":0.056}
{"Event":"Restart","Time":0.803,"AdjustCount":1309,"Restarts":45,"Conflicts":10021,"Decisions":23529,"Propagations":4051362,"Vars":3598,"Clauses":10677,"Literals":25128,"LEARNT_Limit":8395,"LEARNT_Clauses":5080,"LEARNT_Lit/Cl":25,"Progress":0.056}
{"Event":"Restart","Time":0.834,"AdjustCount":909,"Restarts":46,"Conflicts":10421,"Decisions":24328,"Propagations":4212472,"Vars":3598,"Clauses":10677,"Literals":25128,"LEARNT_Limit":8395,"LEARNT_Clauses":5480,"LEARNT_Lit/Cl":26,"Progress":0.056}
{"Event":"Restart","Time":0.904,"AdjustCount":108,"Restarts":47,"Conflicts":11222,"Decisions":26106,"Propagations":4591684,"Vars":3598,"Clauses":10677,"Literals":25128,"LEARNT_Limit":8395,"LEARNT_Clauses":6281,"LEARNT_Lit/Cl":26,"Progress":0.056}
{"Event":"Restart","Time":0.912,"AdjustCount":8,"Restarts":48,"Conflicts":11322,"Decisions":26345,"Propagations":4627427,"Vars":3598,"Clauses":10677,"Literals":25128,"LEARNT_Limit":8395,"LEARNT_Clauses":6381,"LEARNT_Lit/Cl":26,"Progress":0.056}
{"Event":"LearnMore","Time":0.912,"AdjustCount":5766,"Restarts":48,"Conflicts":11330,"Decisions":26350,"Propagations":4630557,"Vars":3598,"Clauses":10677,"Literals":25128,"LEARNT_Limit":9234,"LEARNT_Clauses":6389,"LEARNT_Lit/Cl":26,"Progress":0.056}
{"Event":"Restart","Time":0.923,"AdjustCount":5674,"Restarts":49,"Conflicts":11422,"Decisions":26820,"Propagations":4676416,"Vars":3598,"Clauses":10677,"Literals":25128,"LEARNT_Limit":9234,"LEARNT_Clauses":6481,"LEARNT_Lit/Cl":26,"Progress":0.056}
{"Event":"Restart","Time":0.941,"AdjustCount":5474,"Restarts":50,"Conflicts":11622,"Decisions":27335,"Propagations":4759054,"Vars":3598,"Clauses":10677,"Literals":25128,"LEARNT_Limit":9234,"LEARNT_Clauses":6681,"LEARNT_Lit/Cl":26,"Progress":0.056}
{"Event":"Restart","Time":0.950,"AdjustCount":5374,"Restarts":51,"Conflicts":11722,"Decisions":27545,"Propagations":4810012,"Vars":3598,"Clauses":10677,"Literals":25128,"LEARNT_Limit":9234,"LEARNT_Clauses":6781,"LEARNT_Lit/Cl":26,"Progress":0.056}
{"Event":"Restart","Time":0.960,"AdjustCount":5273,"Restarts":52,"Conflicts":11823,"Decisions":27715,"Propagations":4863801,"Vars":3598,"Clauses":10677,"Literals":25128,"LEARNT_Limit":9234,"LEARNT_Clauses":6882,"LEARNT_Lit/Cl":26,"Progress":0.056}
{"Event":"Restart","Time":0.978,"AdjustCount":5072,"Restarts":53,"Conflicts":12024,"Decisions":28234,"Propagations":4949415,"Vars":3598,"Clauses":10677,"Literals":25128,"LEARNT_Limit":9234,"LEARNT_Clauses":7083,"LEARNT_Lit/Cl":26,"Progress":0.056}
{"Event":"Restart","Time":1.014,"AdjustCount":4671,"Restarts":54,"Conflicts":12425,"Decisions":29162,"Propagations":5126150,"Vars":3598,"Clauses":10677,"Literals":25128,"LEARNT_Limit":9234,"LEARNT_Clauses":7484,"LEARNT_Lit/Cl":26,"Progress":0.056}
{"Event":"Restart","Time":1.018,"AdjustCount":4571,"Restarts":55,"Conflicts":12525,"Decisions":29484,"Propagations":5157220,"Vars":3598,"Clauses":10677,"Literals":25128,"LEARNT_Limit":9234,"LEARNT_Clauses":7584,"LEARNT_Lit/Cl":26,"Progress":0.056}
{"Event":"Restart","Time":1.035,"AdjustCount":4470,"Restarts":56,"Conflicts":12626,"Decisions":29657,"Propagations":5245759,"Vars":3598,"Clauses":10677,"Literals":25128,"LEARNT_Limit":9234,"LEARNT_Clauses":7685,"LEARNT_Lit/Cl":26,"Progress":0.056}
{"Event":"Restart","Time":1.053,"AdjustCount":4269,"Restarts":57,"Conflicts":12827,"Decisions":30470,"Propagations":5318339,"Vars":3598,"Clauses":10677,"Literals":25128,"LEARNT_Limit":9234,"LEARNT_Clauses":7886,"LEARNT_Lit/Cl":26,"Progress":0.056}
{"Event":"Restart","Time":1.061,"AdjustCount":4169,"Restarts":58,"Conflicts":12927,"Decisions":30870,"Propagations":5345169,"Vars":3598,"Clauses":10677,"Literals":25128,"LEARNT_Limit":9234,"LEARNT_Clauses":7986,"LEARNT_Lit/Cl":26,"Progress":0.056}
{"Event":"Restart","Time":1.073,"AdjustCount":4069,"Restarts":59,"Conflicts":13027,"Decisions":31154,"Propagations":5398834,"Vars":3598,"Clauses":10677,"Literals":25128,"LEARNT_Limit":9234,"LEARNT_Clauses":8086,"LEARNT_Lit/Cl":26,"Progress":0.056}
{"Event":"Restart","Time":1.098,"AdjustCount":3869,"Restarts":60,"Conflicts":13227,"Decisions":31517,"Propagations":5525828,"Vars":3598,"Clauses":10677,"Literals":25128,"LEARNT_Limit":9234,"LEARNT_Clauses":8286,"LEARNT_Lit/Cl":26,"Progress":0.056}
{"Event":"Restart","Time":1.148,"AdjustCount":3467,"Restarts":61,"Conflicts":13629,"Decisions":32266,"Propagations":5767923,"Vars":3598,"Clauses":10677,"Literals":25128,"LEARNT_Limit":9234,"LEARNT_Clauses":8688,"LEARNT_Lit/Cl":26,"Progress":0.056}
{"Event":"Restart","Time":1.236,"AdjustCount":2667,"Restarts":62,"Conflicts":14429,"Decisions":34132,"Propagations":6105199,"Vars":3598,"Clauses":10677,"Literals":25128,"LEARNT_Limit":9234,"LEARNT_Clauses":4745,"LEARNT_Lit/Cl":19,"Progress":0.056}
{"Event":"Restart","Time":1.355,"AdjustCount":1067,"Restarts":63,"Conflicts":16029,"Decisions":37277,"Propagations":6666194,"Vars":3597,"Clauses":10675,"Literals":25122,"LEARNT_Limit":9234,"LEARNT_Clauses":5874,"LEARNT_Lit/Cl":24,"Progress":0.083}
{"Event":"LearnMore","Time":1.466,"AdjustCount":8649,"Restarts":63,"Conflicts":17096,"Decisions":39097,"Propagations":7239093,"Vars":3597,"Clauses":10675,"Literals":25122,"LEARNT_Limit":10158,"LEARNT_Clauses":6941,"LEARNT_Lit/Cl":24,"Progress":0.083}
{"Event":"Restart","Time":1.673,"AdjustCount":6515,"Restarts":64,"Conflicts":19230,"Decisions":44103,"Propagations":8064897,"Vars":3597,"Clauses":10675,"Literals":25122,"LEARNT_Limit":10158,"LEARNT_Clauses":9075,"LEARNT_Lit/Cl":28,"Progress":0.083}
{"Event":"Restart","Time":1.685,"AdjustCount":6415,"Restarts":65,"Conflicts":19330,"Decisions":44314,"Propagations":8107872,"Vars":3597,"Clauses":10675,"Literals":25122,"LEARNT_Limit":10158,"LEARNT_Clauses":9175,"LEARNT_Lit/Cl":28,"Progress":0.083}
{"Event":"Restart","Time":1.695,"AdjustCount":6315,"Restarts":66,"Conflicts":19430,"Decisions":44610,"Propagations":8140762,"Vars":3597,"Clauses":10675,"Literals":25122,"LEARNT_Limit":10158,"LEARNT_Clauses":9275,"LEARNT_Lit/Cl":28,"Progress":0.083}
{"Event":"Restart","Time":1.718,"AdjustCount":6113,"Restarts":67,"Conflicts":19632,"Decisions":45008,"Propagations":8241022,"Vars":3597,"Clauses":10675,"Literals":25122,"LEARNT_Limit":10158,"LEARNT_Clauses":9477,"LEARNT_Lit/Cl":28,"Progress":0.083}
{"Event":"Restart","Time":1.731,"AdjustCount":6013,"Restarts":68,"Conflicts":19732,"Decisions":45216,"Propagations":8298232,"Vars":3597,"Clauses":10675,"Literals":25122,"LEARNT_Limit":10158,"LEARNT_Clauses":9577,"LEARNT_Lit/Cl":28,"Progress":0.083}
{"Event":"Restart","Time":1.746,"AdjustCount":5912,"Restarts":69,"Conflicts":19833,"Decisions":45389,"Propagations":8361255,"Vars":3597,"Clauses":10675,"Literals":25122,"LEARNT_Limit":10158,"LEARNT_Clauses":9678,"LEARNT_Lit/Cl":28,"Progress":0.083}
{"Event":"Restart","Time":1.771,"AdjustCount":5712,"Restarts":70,"Conflicts":20033,"Decisions":45746,"Propagations":8471836,"Vars":3597,"Clauses":10675,"Literals":25122,"LEARNT_Limit":10158,"LEARNT_Clauses":9878,"LEARNT_Lit/Cl":28,"Progress":0.083}
{"Event":"Restart","Time":1.828,"AdjustCount":5312,"Restarts":71,"Conflicts":20433,"Decisions":46419,"Propagations":8683937,"Vars":3597,"Clauses":10675,"Literals":25122,"LEARNT_Limit":10158,"LEARNT_Clauses":5140,"LEARNT_Lit/Cl":25,"Progress":0.083}
{"Event":"Restart","Time":1.840,"AdjustCount":5212,"Restarts":72,"Conflicts":20533,"Decisions":46627,"Propagations":8751018,"Vars":3597,"Clauses":10675,"Literals":25122,"LEARNT_Limit":10158,"LEARNT_Clauses":5240,"LEARNT_Lit/Cl":25,"Progress":0.083}
{"Event":"Restart","Time":1.851,"AdjustCount":5112,"Restarts":73,"Conflicts":20633,"Decisions":46805,"Propagations":8808660,"Vars":3597,"Clauses":10675,"Literals":25122,"LEARNT_Limit":10158,"LEARNT_Clauses":5340,"LEARNT_Lit/Cl":24,"Progress":0.083}
{"Event":"Restart","Time":1.869,"AdjustCount":4912,"Restarts":74,"Conflicts":20833,"Decisions":47440,"Propagations":8892464,"Vars":3597,"Clauses":10675,"Literals":25122,"LEARNT_Limit":10158,"LEARNT_Clauses":5540,"LEARNT_Lit/Cl":25,"Progress":0.084}
{"Event":"Restart","Time":1.880,"AdjustCount":4811,"Restarts":75,"Conflicts":20934,"Decisions":47665,"Propagations":8959680,"Vars":3597,"Clauses":10675,"Literals":25122,"LEARNT_Limit":10158,"LEARNT_Clauses":5641,"LEARNT_Lit/Cl":24,"Progress":0.084}
{"Event":"Restart","Time":1.892,"AdjustCount":4711,"Restarts":76,"Conflicts":21034,"Decisions":47848,"Propagations":9027836,"Vars":3597,"Clauses":10675,"Literals":25122,"LEARNT_Limit":10158,"LEARNT_Clauses":5741,"LEARNT_Lit/Cl":24,"Progress":0.084}
{"Event":"Restart","Time":1.911,"AdjustCount":4508,"Restarts":77,"Conflicts":21237,"Decisions":48263,"Propagations":9121642,"Vars":3597,"Clauses":10675,"Literals":25122,"LEARNT_Limit":10158,"LEARNT_Clauses":5944,"LEARNT_Lit/Cl":24,"Progress":0.084}
{"Event":"Restart","Time":1.951,"AdjustCount":4106,"Restarts":78,"Conflicts":21639,"Decisions":49301,"Propagations":9308084,"Vars":3597,"Clauses":10675,"Literals":25122,"LEARNT_Limit":10158,"LEARNT_Clauses":6346,"LEARNT_Lit/Cl":26,"Progress":0.083}
{"Event":"Restart","Time":2.022,"AdjustCount":3306,"Restarts":79,"Conflicts":22439,"Decisions":51264,"Propagations":9605550,"Vars":3597,"Clauses":10675,"Literals":25122,"LEARNT_Limit":10158,"LEARNT_Clauses":7146,"LEARNT_Lit/Cl":27,"Progress":0.083}
{"Event":"Restart","Time":2.032,"AdjustCount":3206,"Restarts":80,"Conflicts":22539,"Decisions":51608,"Propagations":9646878,"Vars":3597,"Clauses":10675,"Literals":25122,"LEARNT_Limit":10158,"LEARNT_Clauses":7246,"LEARNT_Lit/Cl":27,"Progress":0.083}
{"Event":"Restart","Time":2.039,"AdjustCount":3106,"Restarts":81,"Conflicts":22639,"Decisions":51855,"Propagations":9674202,"Vars":3597,"Clauses":10675,"Literals":25122,"LEARNT_Limit":10158,"LEARNT_Clauses":7346,"LEARNT_Lit/Cl":27,"Progress":0.083}
{"Event":"Restart","Time":2.060,"AdjustCount":2906,"Restarts":82,"Conflicts":22839,"Decisions":52334,"Propagations":9762974,"Vars":3597,"Clauses":10675,"Literals":25122,"LEARNT_Limit":10158,"LEARNT_Clauses":7546,"LEARNT_Lit/Cl":28,"Progress":0.083}
{"Event":"Restart","Time":2.074,"AdjustCount":2804,"Restarts":83,"Conflicts":22941,"Decisions":52598,"Propagations":9819020,"Vars":3597,"Clauses":10675,"Literals":25122,"LEARNT_Limit":10158,"LEARNT_Clauses":7648,"LEARNT_Lit/Cl":27,"Progress":0.083}
{"Event":"Restart","Time":2.081,"AdjustCount":2703,"Restarts":84,"Conflicts":23042,"Decisions":52831,"Propagations":9855076,"Vars":3597,"Clauses":10675,"Literals":25122,"LEARNT_Limit":10158,"LEARNT_Clauses":7749,"LEARNT_Lit/Cl":28,"Progress":0.083}
{"Event":"Restart","Time":2.104,"AdjustCount":2502,"Restarts":85,"Conflicts":23243,"Decisions":53331,"Propagations":9962063,"Vars":3597,"Clauses":10675,"Literals":25122,"LEARNT_Limit":10158,"LEARNT_Clauses":7950,"LEARNT_Lit/Cl":27,"Progress":0.083}
{"Event":"Restart","Time":2.153,"AdjustCount":2102,"Restarts":86,"Conflicts":23643,"Decisions":54439,"Propagations":10148199,"Vars":3597,"Clauses":10675,"Literals":25122,"LEARNT_Limit":10158,"LEARNT_Clauses":8350,"LEARNT_Lit/Cl":28,"Progress":0.083}
{"Event":"Restart","Time":2.165,"AdjustCount":2002,"Restarts":87,"Conflicts":23743,"Decisions":54711,"Propagations":10193754,"Vars":3597,"Clauses":10675,"Literals":25122,"LEARNT_Limit":10158,"LEARNT_Clauses":8450,"LEARNT_Lit/Cl":28,"Progress":0.084}
{"Event":"Restart","Time":2.175,"AdjustCount":1902,"Restarts":88,"Conflicts":23843,"Decisions":55205,"Propagations":10231225,"Vars":3597,"Clauses":10675,"Literals":25122,"LEARNT_Limit":10158,"LEARNT_Clauses":8550,"LEARNT_Lit/Cl":28,"Progress":0.083}
{"Event":"Restart","Time":2.194,"AdjustCount":1702,"Restarts":89,"Conflicts":24043,"Decisions":55746,"Propagations":10314246,"Vars":3597,"Clauses":10675,"Literals":25122,"LEARNT_Limit":10158,"LEARNT_Clauses":8750,"LEARNT_Lit/Cl":28,"Progress":0.083}
{"Event":"Restart","Time":2.206,"AdjustCount":1602,"Restarts":90,"Conflicts":24143,"Decisions":56014,"Propagations":10371660,"Vars":3597,"Clauses":10675,"Literals":25122,"LEARNT_Limit":10158,"LEARNT_Clauses":8850,"LEARNT_Lit/Cl":28,"Progress":0.083}
{"Event":"Restart","Time":2.218,"AdjustCount":1500,"Restarts":91,"Conflicts":24245,"Decisions":56234,"Propagations":10437616,"Vars":3597,"Clauses":10675,"Literals":25122,"LEARNT_Limit":10158,"LEARNT_Clauses":8952,"LEARNT_Lit/Cl":28,"Progress":0.083}
{"Event":"Restart","Time":2.232,"AdjustCount":1299,"Restarts":92,"Conflicts":24446,"Decisions":56796,"Propagations":10497997,"Vars":3597,"Clauses":10675,"Literals":25122,"LEARNT_Limit":10158,"LEARNT_Clauses":9153,"LEARNT_Lit/Cl":28,"Progress":0.083}
{"Event":"Restart","Time":2.271,"AdjustCount":897,"Restarts":93,"Conflicts":24848,"Decisions":57932,"Propagations":10661211,"Vars":3597,"Clauses":10675,"Literals":25122,"LEARNT_Limit":10158,"LEARNT_Clauses":9555,"LEARNT_Lit/Cl":29,"Progress":0.083}
{"Event":"Restart","Time":2.378,"AdjustCount":97,"Restarts":94,"Conflicts":25648,"Decisions":59574,"Propagations":11068909,"Vars":3597,"Clauses":10675,"Literals":25122,"LEARNT_Limit":10158,"LEARNT_Clauses":5178,"LEARNT_Lit/Cl":20,"Progress":0.083}
{"Event":"LearnMore","Time":2.389,"AdjustCount":12974,"Restarts":94,"Conflicts":25745,"Decisions":59812,"Propagations":11121762,"Vars":3597,"Clauses":10675,"Literals":25122,"LEARNT_Limit":11173,"LEARNT_Clauses":5275,"LEARNT_Lit/Cl":21,"Progress":0.083}
{"Event":"Restart","Time":2.538,"AdjustCount":11470,"Restarts":95,"Conflicts":27249,"Decisions":63507,"Propagations":11786026,"Vars":3597,"Clauses":10675,"Literals":25122,"LEARNT_Limit":11173,"LEARNT_Clauses":6779,"LEARNT_Lit/Cl":24,"Progress":0.083}
{"Event":"Restart","Time":2.549,"AdjustCount":11370,"Restarts":96,"Conflicts":27349,"Decisions":63833,"Propagations":11833290,"Vars":3597,"Clauses":10675,"Literals":25122,"LEARNT_Limit":11173,"LEARNT_Clauses":6879,"LEARNT_Lit/Cl":24,"Progress":0.083}
{"Event":"Restart","Time":2.560,"AdjustCount":11270,"Restarts":97,"Conflicts":27449,"Decisions":64138,"Propagations":11881103,"Vars":3597,"Clauses":10675,"Literals":25122,"LEARNT_Limit":11173,"LEARNT_Clauses":6979,"LEARNT_Lit/Cl":24,"Progress":0.084}
{"Event":"Restart","Time":2.581,"AdjustCount":11070,"Restarts":98,"Conflicts":27649,"Decisions":64733,"Propagations":11974752,"Vars":3597,"Clauses":10675,"Literals":25122,"LEARNT_Limit":11173,"LEARNT_Clauses":7179,"LEARNT_Lit/Cl":24,"Progress":0.083}
{"Event":"Restart","Time":2.591,"AdjustCount":10970,"Restarts":99,"Conflicts":27749,"Decisions":65010,"Propagations":12012821,"Vars":3597,"Clauses":10675,"Literals":25122,"LEARNT_Limit":11173,"LEARNT_Clauses":7279,"LEARNT_Lit/Cl":25,"Progress":0.083}
{"Event":"Restart","Time":2.601,"AdjustCount":10870,"Restarts":100,"Conflicts":27849,"Decisions":65307,"Propagations":12049751,"Vars":3597,"Clauses":10675,"Literals":25122,"LEARNT_Limit":11173,"LEARNT_Clauses":7379,"LEARNT_Lit/Cl":25,"Progress":0.083}
{"Event":"Restart","Time":2.622,"AdjustCount":10670,"Restarts":101,"Conflicts":28049,"Decisions":65874,"Propagations":12139139,"Vars":3597,"Clauses":10675,"Literals":25122,"LEARNT_Limit":11173,"LEARNT_Clauses":7579,"LEARNT_Lit/Cl":25,"Progress":0.083}
{"Event":"Restart","Time":2.668,"AdjustCount":10269,"Restarts":102,"Conflicts":28450,"Decisions":66855,"Propagations":12328460,"Vars":3597,"Clauses":10675,"Literals":25122,"LEARNT_Limit":11173,"LEARNT_Clauses":7980,"LEARNT_Lit/Cl":25,"Progress":0.083}
{"Event":"Restart","Time":2.681,"AdjustCount":10169,"Restarts":103,"Conflicts":28550,"Decisions":67212,"Propagations":12383609,"Vars":3597,"Clauses":10675,"Literals":25122,"LEARNT_Limit":11173,"LEARNT_Clauses":8080,"LEARNT_Lit/Cl":25,"Progress":0.083}
{"Event":"Restart","Time":2.692,"AdjustCount":10069,"Restarts":104,"Conflicts":28650,"Decisions":67445,"Propagations":12436457,"Vars":3597,"Clauses":10675,"Literals":25122,"LEARNT_Limit":11173,"LEARNT_Clauses":8180,"LEARNT_Lit/Cl":25,"Progress":0.083}
{"Event":"Restart","Time":2.715,"AdjustCount":9868,"Restarts":105,"Conflicts":28851,"Decisions":68127,"Propagations":12520180,"Vars":3597,"Clauses":10675,"Literals":25122,"LEARNT_Limit":11173,"LEARNT_Clauses":8381,"LEARNT_Lit/Cl":26,"Progress":0.083}
{"Event":"Restart","Time":2.731,"AdjustCount":9765,"Restarts":106,"Conflicts":28954,"Decisions":68274,"Propagations":12599143,"Vars":3597,"Clauses":10675,"Literals":25122,"LEARNT_Limit":11173,"LEARNT_Clauses":8484,"LEARNT_Lit/Cl":26,"Progress":0.083}
{"Event":"Restart","Time":2.747,"AdjustCount":9665,"Restarts":107,"Conflicts":29054,"Decisions":68461,"Propagations":12673347,"Vars":3597,"Clauses":10675,"Literals":25122,"LEARNT_Limit":11173,"LEARNT_Clauses":8584,"LEARNT_Lit/Cl":25,"Progress":0.083}
{"Event":"Restart","Time":2.773,"AdjustCount":9465,"Restarts":108,"Conflicts":29254,"Decisions":69000,"Propagations":12782589,"Vars":3597,"Clauses":10675,"Literals":25122,"LEARNT_Limit":11173,"LEARNT_Clauses":8784,"LEARNT_Lit/Cl":25,"Progress":0.083}
{"Event":"Restart","Time":2.818,"AdjustCount":9063,"Restarts":109,"Conflicts":29656,"Decisions":70002,"Propagations":12964838,"Vars":3597,"Clauses":10675,"Literals":25122,"LEARNT_Limit":11173,"LEARNT_Clauses":9186,"LEARNT_Lit/Cl":26,"Progress":0.083}
{"Event":"Restart","Time":2.911,"AdjustCount":8262,"Restarts":110,"Conflicts":30457,"Decisions":72084,"Propagations":13292601,"Vars":3597,"Clauses":10675,"Literals":25122,"LEARNT_Limit":11173,"LEARNT_Clauses":9987,"LEARNT_Lit/Cl":27,"Progress":0.084}
{"Event":"Restart","Time":2.919,"AdjustCount":8162,"Restarts":111,"Conflicts":30557,"Decisions":72270,"Propagations":13321865,"Vars":3597,"Clauses":10675,"Literals":25122,"LEARNT_Limit":11173,"LEARNT_Clauses":10087,"LEARNT_Lit/Cl":27,"Progress":0.083}
{"Event":"Restart","Time":2.931,"AdjustCount":8062,"Restarts":112,"Conflicts":30657,"Decisions":72612,"Propagations":13363616,"Vars":3597,"Clauses":10675,"Literals":25122,"LEARNT_Limit":11173,"LEARNT_Clauses":10187,"LEARNT_Lit/Cl":27,"Progress":0.083}
{"Event":"Restart","Time":2.954,"AdjustCount":7861,"Restarts":113,"Conflicts":30858,"Decisions":73151,"Propagations":13447890,"Vars":3597,"Clauses":10675,"Literals":25122,"LEARNT_Limit":11173,"LEARNT_Clauses":10388,"LEARNT_Lit/Cl":27,"Progress":0.083}
{"Event":"Restart","Time":2.965,"AdjustCount":7761,"Restarts":114,"Conflicts":30958,"Decisions":73472,"Propagations":13481803,"Vars":3597,"Clauses":10675,"Literals":25122,"LEARNT_Limit":11173,"LEARNT_Clauses":10488,"LEARNT_Lit/Cl":27,"Progress":0.084}
{"Event":"Restart","Time":2.979,"AdjustCount":7660,"Restarts":115,"Conflicts":31059,"Decisions":73643,"Propagations":13540883,"Vars":3597,"Clauses":10675,"Literals":25122,"LEARNT_Limit":11173,"LEARNT_Clauses":10589,"LEARNT_Lit/Cl":27,"Progress":0.083}
{"Event":"Restart","Time":3.012,"AdjustCount":7460,"Restarts":116,"Conflicts":31259,"Decisions":74013,"Propagations":13676174,"Vars":3597,"Clauses":10675,"Literals":25122,"LEARNT_Limit":11173,"LEARNT_Clauses":10789,"LEARNT_Lit/Cl":27,"Progress":0.083}
{"Event":"Restart","Time":3.060,"AdjustCount":7060,"Restarts":117,"Conflicts":31659,"Decisions":75027,"Propagations":13836093,"Vars":3597,"Clauses":10675,"Literals":25122,"LEARNT_Limit":11173,"LEARNT_Clauses":5595,"LEARNT_Lit/Cl":21,"Progress":0.083}
{"Event":"Restart","Time":3.070,"AdjustCount":6959,"Restarts":118,"Conflicts":31760,"Decisions":75321,"Propagations":13879660,"Vars":3597,"Clauses":10675,"Literals":25122,"LEARNT_Limit":11173,"LEARNT_Clauses":5696,"LEARNT_Lit/Cl":21,"Progress":0.083}
{"Event":"Restart","Time":3.079,"AdjustCount":6858,"Restarts":119,"Conflicts":31861,"Decisions":75584,"Propagations":13920864,"Vars":3597,"Clauses":10675,"Literals":25122,"LEARNT_Limit":11173,"LEARNT_Clauses":5797,"LEARNT_Lit/Cl":21,"Progress":0.083}
{"Event":"Restart","Time":3.103,"AdjustCount":6657,"Restarts":120,"Conflicts":32062,"Decisions":75977,"Propagations":14024657,"Vars":3597,"Clauses":10675,"Literals":25122,"LEARNT_Limit":11173,"LEARNT_Clauses":5998,"LEARNT_Lit/Cl":22,"Progress":0.083}
{"Event":"Restart","Time":3.115,"AdjustCount":6557,"Restarts":121,"Conflicts":32162,"Decisions":76141,"Propagations":14083220,"Vars":3597,"Clauses":10675,"Literals":25122,"LEARNT_Limit":11173,"LEARNT_Clauses":6098,"LEARNT_Lit/Cl":22,"Progress":0.083}
{"Event":"Restart","Time":3.127,"AdjustCount":6457,"Restarts":122,"Conflicts":32262,"Decisions":76368,"Propagations":14144186,"Vars":3597,"Clauses":10675,"Literals":25122,"LEARNT_Limit":11173,"LEARNT_Clauses":6198,"LEARNT_Lit/Cl":22,"Progress":0.083}
{"Event":"Restart","Time":3.146,"AdjustCount":6257,"Restarts":123,"Conflicts":32462,"Decisions":76832,"Propagations":14221243,"Vars":3597,"Clauses":10675,"Literals":25122,"LEARNT_Limit":11173,"LEARNT_Clauses":6398,"LEARNT_Lit/Cl":22,"Progress":0.083}
{"Event":"Restart","Time":3.183,"AdjustCount":5857,"Restarts":124,"Conflicts":32862,"Decisions":77985,"Propagations":14385863,"Vars":3597,"Clauses":10675,"Literals":25122,"LEARNT_Limit":11173,"LEARNT_Clauses":6798,"LEARNT_Lit/Cl":23,"Progress":0.083}
{"Event":"Restart","Time":3.270,"AdjustCount":5057,"Restarts":125,"Conflicts":33662,"Decisions":79681,"Propagations":14758040,"Vars":3597,"Clauses":10675,"Literals":25122,"LEARNT_Limit":11173,"LEARNT_Clauses":7598,"LEARNT_Lit/Cl":24,"Progress":0.083}
{"Event":"Restart","Time":3.457,"AdjustCount":3455,"Restarts":126,"Conflicts":35264,"Decisions":83148,"Propagations":15495379,"Vars":3597,"Clauses":10675,"Literals":25122,"LEARNT_Limit":11173,"LEARNT_Clauses":9200,"LEARNT_Lit/Cl":25,"Progress":0.083}
{"Event":"Restart","Time":3.826,"AdjustCount":255,"Restarts":127,"Conflicts":38464,"Decisions":90509,"Propagations":16833766,"Vars":3597,"Clauses":10675,"Literals":25122,"LEARNT_Limit":11173,"LEARNT_Clauses":6706,"LEARNT_Lit/Cl":22,"Progress":0.085}
{"Event":"LearnMore","Time":3.854,"AdjustCount":19461,"Restarts":127,"Conflicts":38719,"Decisions":90985,"Propagations":16991593,"Vars":3597,"Clauses":10675,"Literals":25122,"LEARNT_Limit":12291,"LEARNT_Clauses":6961,"LEARNT_Lit/Cl":22,"Progress":0.085}
{"Event":"Restart","Time":4.494,"AdjustCount":13315,"Restarts":128,"Conflicts":44865,"Decisions":106048,"Propagations":19393379,"Vars":3597,"Clauses":10675,"Literals":25122,"LEARNT_Limit":12291,"LEARNT_Clauses":6554,"LEARNT_Lit/Cl":23,"Progress":0.085}
{"Event":"Restart","Time":4.504,"AdjustCount":13215,"Restarts":129,"Conflicts":44965,"Decisions":106200,"Propagations":19438066,"Vars":3597,"Clauses":10675,"Literals":25122,"LEARNT_Limit":12291,"LEARNT_Clauses":6654,"LEARNT_Lit/Cl":23,"Progress":0.085}
{"Event":"Restart","Time":4.516,"AdjustCount":13110,"Restarts":130,"Conflicts":45070,"Decisions":106391,"Propagations":19496385,"Vars":3597,"Clauses":10675,"Literals":25122,"LEARNT_Limit":12291,"LEARNT_Clauses":6759,"LEARNT_Lit/Cl":23,"Progress":0.085}
{"Event":"Restart","Time":4.535,"AdjustCount":12910,"Restarts":131,"Conflicts":45270,"Decisions":106986,"Propagations":19572208,"Vars":3597,"Clauses":10675,"Literals":25122,"LEARNT_Limit":12291,"LEARNT_Clauses":6959,"LEARNT_Lit/Cl":24,"Progress":0.085}
{"Event":"Restart","Time":4.547,"AdjustCount":12808,"Restarts":132,"Conflicts":45372,"Decisions":107178,"Propagations":19608205,"Vars":3597,"Clauses":10675,"Literals":25122,"LEARNT_Limit":12291,"LEARNT_Clauses":7061,"LEARNT_Lit/Cl":24,"Progress":0.085}
{"Event":"Restart","Time":4.560,"AdjustCount":12708,"Restarts":133,"Conflicts":45472,"Decisions":107388,"Propagations":19653339,"Vars":3597,"Clauses":10675,"Literals":25122,"LEARNT_Limit":12291,"LEARNT_Clauses":7161,"LEARNT_Lit/Cl":24,"Progress":0.085}
{"Event":"Restart","Time":4.583,"AdjustCount":12508,"Restarts":134,"Conflicts":45672,"Decisions":107889,"Propagations":19725703,"Vars":3597,"Clauses":10675,"Literals":25122,"LEARNT_Limit":12291,"LEARNT_Clauses":7361,"LEARNT_Lit/Cl":24,"Progress":0.085}
{"Event":"Restart","Time":4.626,"AdjustCount":12108,"Restarts":135,"Conflicts":46072,"Decisions":108883,"Propagations":19909762,"Vars":3597,"Clauses":10675,"Literals":25122,"LEARNT_Limit":12291,"LEARNT_Clauses":7761,"LEARNT_Lit/Cl":24,"Progress":0.085}
{"Event":"Restart","Time":4.639,"AdjustCount":12006,"Restarts":136,"Conflicts":46174,"Decisions":109140,"Propagations":19963431,"Vars":3597,"Clauses":10675,"Literals":25122,"LEARNT_Limit":12291,"LEARNT_Clauses":7863,"LEARNT_Lit/Cl":24,"Progress":0.085}
{"Event":"Restart","Time":4.657,"AdjustCount":11906,"Restarts":137,"Conflicts":46274,"Decisions":109282,"Propagations":20043859,"Vars":3597,"Clauses":10675,"Literals":25122,"LEARNT_Limit":12291,"LEARNT_Clauses":7963,"LEARNT_Lit/Cl":24,"Progress":0.085}
{"Event":"Restart","Time":4.685,"AdjustCount":11706,"Restarts":138,"Conflicts":46474,"Decisions":109751,"Propagations":20172705,"Vars":3597,"Clauses":10675,"Literals":25122,"LEARNT_Limit":12291,"LEARNT_Clauses":8163,"LEARNT_Lit/Cl":24,"Progress":0.085}
{"Event":"Restart","Time":4.695,"AdjustCount":11606,"Restarts":139,"Conflicts":46574,"Decisions":109993,"Propagations":20222976,"Vars":3597,"Clauses":10675,"Literals":25122,"LEARNT_Limit":12291,"LEARNT_Clauses":8263,"LEARNT_Lit/Cl":24,"Progress":0.085}
{"Event":"Restart","Time":4.709,"AdjustCount":11506,"Restarts":140,"Conflicts":46674,"Decisions":110196,"Propagations":20293702,"Vars":3597,"Clauses":10675,"Literals":25122,"LEARNT_Limit":12291,"LEARNT_Clauses":8363,"LEARNT_Lit/Cl":24,"Progress":0.085}
{"Event":"Restart","Time":4.735,"AdjustCount":11306,"Restarts":141,"Conflicts":46874,"Decisions":110548,"Propagations":20424368,"Vars":3597,"Clauses":10675,"Literals":25122,"LEARNT_Limit":12291,"LEARNT_Clauses":8563,"LEARNT_Lit/Cl":24,"Progress":0.085}
{"Event":"Restart","Time":4.772,"AdjustCount":10906,"Restarts":142,"Conflicts":47274,"Decisions":111481,"Propagations":20571788,"Vars":3597,"Clauses":10675,"Literals":25122,"LEARNT_Limit":12291,"LEARNT_Clauses":8963,"LEARNT_Lit/Cl":24,"Progress":0.085}
{"Event":"Restart","Time":4.864,"AdjustCount":10105,"Restarts":143,"Conflicts":48075,"Decisions":113475,"Propagations":20869137,"Vars":3597,"Clauses":10675,"Literals":25122,"LEARNT_Limit":12291,"LEARNT_Clauses":9764,"LEARNT_Lit/Cl":26,"Progress":0.085}
{"Event":"Restart","Time":4.877,"AdjustCount":10005,"Restarts":144,"Conflicts":48175,"Decisions":113662,"Propagations":20926977,"Vars":3597,"Clauses":10675,"Literals":25122,"LEARNT_Limit":12291,"LEARNT_Clauses":9864,"LEARNT_Lit/Cl":25,"Progress":0.085}
{"Event":"Restart","Time":4.889,"AdjustCount":9903,"Restarts":145,"Conflicts":48277,"Decisions":113915,"Propagations":20968219,"Vars":3597,"Clauses":10675,"Literals":25122,"LEARNT_Limit":12291,"LEARNT_Clauses":9966,"LEARNT_Lit/Cl":26,"Progress":0.085}
{"Event":"Restart","Time":4.913,"AdjustCount":9703,"Restarts":146,"Conflicts":48477,"Decisions":114349,"Propagations":21077808,"Vars":3597,"Clauses":10675,"Literals":25122,"LEARNT_Limit":12291,"LEARNT_Clauses":10166,"LEARNT_Lit/Cl":25,"Progress":0.085}
{"Event":"Restart","Time":4.922,"AdjustCount":9602,"Restarts":147,"Conflicts":48578,"Decisions":114584,"Propagations":21118334,"Vars":3597,"Clauses":10675,"Literals":25122,"LEARNT_Limit":12291,"LEARNT_Clauses":10267,"LEARNT_Lit/Cl":25,"Progress":0.085}
{"Event":"Restart","Time":4.938,"AdjustCount":9502,"Restarts":148,"Conflicts":48678,"Decisions":114773,"Propagations":21187999,"Vars":3597,"Clauses":10675,"Literals":25122,"LEARNT_Limit":12291,"LEARNT_Clauses":10367,"LEARNT_Lit/Cl":25,"Progress":0.085}
{"Event":"Restart","Time":4.960,"AdjustCount":9300,"Restarts":149,"Conflicts":48880,"Decisions":115127,"Propagations":21288354,"Vars":3597,"Clauses":10675,"Literals":25122,"LEARNT_Limit":12291,"LEARNT_Clauses":10569,"LEARNT_Lit/Cl":25,"Progress":0.085}
{"Event":"Restart","Time":5.009,"AdjustCount":8899,"Restarts":150,"Conflicts":49281,"Decisions":115839,"Propagations":21499141,"Vars":3597,"Clauses":10675,"Literals":25122,"LEARNT_Limit":12291,"LEARNT_Clauses":10970,"LEARNT_Lit/Cl":25,"Progress":0.085}
{"Event":"Restart","Time":5.022,"AdjustCount":8799,"Restarts":151,"Conflicts":49381,"Decisions":116001,"Propagations":21563986,"Vars":3597,"Clauses":10675,"Literals":25122,"LEARNT_Limit":12291,"LEARNT_Clauses":11070,"LEARNT_Lit/Cl":25,"Progress":0.085}
{"Event":"Restart","Time":5.034,"AdjustCount":8699,"Restarts":152,"Conflicts":49481,"Decisions":116143,"Propagations":21623406,"Vars":3597,"Clauses":10675,"Literals":25122,"LEARNT_Limit":12291,"LEARNT_Clauses":11170,"LEARNT_Lit/Cl":25,"Progress":0.085}
{"Event":"Restart","Time":5.057,"AdjustCount":8499,"Restarts":153,"Conflicts":49681,"Decisions":116443,"Propagations":21727974,"Vars":3597,"Clauses":10675,"Literals":25122,"LEARNT_Limit":12291,"LEARNT_Clauses":11370,"LEARNT_Lit/Cl":25,"Progress":0.085}
{"Event":"Restart","Time":5.070,"AdjustCount":8399,"Restarts":154,"Conflicts":49781,"Decisions":116763,"Propagations":21769964,"Vars":3597,"Clauses":10675,"Literals":25122,"LEARNT_Limit":12291,"LEARNT_Clauses":11470,"LEARNT_Lit/Cl":25,"Progress":0.085}
{"Event":"Restart","Time":5.079,"AdjustCount":8296,"Restarts":155,"Conflicts":49884,"Decisions":117068,"Propagations":21809310,"Vars":3597,"Clauses":10675,"Literals":25122,"LEARNT_Limit":12291,"LEARNT_Clauses":11573,"LEARNT_Lit/Cl":25,"Progress":0.085}
{"Event":"Restart","Time":5.097,"AdjustCount":8096,"Restarts":156,"Conflicts":50084,"Decisions":117584,"Propagations":21876519,"Vars":3597,"Clauses":10675,"Literals":25122,"LEARNT_Limit":12291,"LEARNT_Clauses":11773,"LEARNT_Lit/Cl":25,"Progress":0.085}
{"Event":"Restart","Time":5.135,"AdjustCount":7696,"Restarts":157,"Conflicts":50484,"Decisions":118580,"Propagations":22036745,"Vars":3597,"Clauses":10675,"Literals":25122,"LEARNT_Limit":12291,"LEARNT_Clauses":12173,"LEARNT_Lit/Cl":25,"Progress":0.085}
{"Event":"Restart","Time":5.230,"AdjustCount":6896,"Restarts":158,"Conflicts":51284,"Decisions":120368,"Propagations":22394151,"Vars":3597,"Clauses":10675,"Literals":25122,"LEARNT_Limit":12291,"LEARNT_Clauses":6487,"LEARNT_Lit/Cl":20,"Progress":0.085}
{"Event":"Restart","Time":5.391,"AdjustCount":5296,"Restarts":159,"Conflicts":52884,"Decisions":124285,"Propagations":23094370,"Vars":3597,"Clauses":10675,"Literals":25122,"LEARNT_Limit":12291,"LEARNT_Clauses":8087,"LEARNT_Lit/Cl":22,"Progress":0.085}
{"Event":"Restart","Time":5.403,"AdjustCount":5196,"Restarts":160,"Conflicts":52984,"Decisions":124549,"Propagations":23142110,"Vars":3597,"Clauses":10675,"Literals":25122,"LEARNT_Limit":12291,"LEARNT_Clauses":8187,"LEARNT_Lit/Cl":22,"Progress":0.085}
{"Event":"Restart","Time":5.417,"AdjustCount":5096,"Restarts":161,"Conflicts":53084,"Decisions":124801,"Propagations":23206536,"Vars":3597,"Clauses":10675,"Literals":25122,"LEARNT_Limit":12291,"LEARNT_Clauses":8287,"LEARNT_Lit/Cl":22,"Progress":0.085}
{"Event":"Restart","Time":5.439,"AdjustCount":4895,"Restarts":162,"Conflicts":53285,"Decisions":125284,"Propagations":23290222,"Vars":3597,"Clauses":10675,"Literals":25122,"LEARNT_Limit":12291,"LEARNT_Clauses":8488,"LEARNT_Lit/Cl":22,"Progress":0.085}
{"Event":"Restart","Time":5.450,"AdjustCount":4795,"Restarts":163,"Conflicts":53385,"Decisions":125491,"Propagations":23330110,"Vars":3597,"Clauses":10675,"Literals":25122,"LEARNT_Limit":12291,"LEARNT_Clauses":8588,"LEARNT_Lit/Cl":23,"Progress":0.085}
{"Event":"Restart","Time":5.462,"AdjustCount":4694,"Restarts":164,"Conflicts":53486,"Decisions":125754,"Propagations":23373003,"Vars":3597,"Clauses":10675,"Literals":25122,"LEARNT_Limit":12291,"LEARNT_Clauses":8689,"LEARNT_Lit/Cl":23,"Progress":0.085}
{"Event":"Restart","Time":5.486,"AdjustCount":4494,"Restarts":165,"Conflicts":53686,"Decisions":126107,"Propagations":23471421,"Vars":3597,"Clauses":10675,"Literals":25122,"LEARNT_Limit":12291,"LEARNT_Clauses":8889,"LEARNT_Lit/Cl":23,"Progress":0.085}
{"Event":"Restart","Time":5.530,"AdjustCount":4088,"Restarts":166,"Conflicts":54092,"Decisions":127043,"Propagations":23627316,"Vars":3597,"Clauses":10675,"Literals":25122,"LEARNT_Limit":12291,"LEARNT_Clauses":9295,"LEARNT_Lit/Cl":23,"Progress":0.085}
{"Event":"Restart","Time":5.543,"AdjustCount":3988,"Restarts":167,"Conflicts":54192,"Decisions":127219,"Propagations":23680107,"Vars":3597,"Clauses":10675,"Literals":25122,"LEARNT_Limit":12291,"LEARNT_Clauses":9395,"LEARNT_Lit/Cl":23,"Progress":0.085}
{"Event":"Restart","Time":5.556,"AdjustCount":3888,"Restarts":168,"Conflicts":54292,"Decisions":127425,"Propagations":23729548,"Vars":3597,"Clauses":10675,"Literals":25122,"LEARNT_Limit":12291,"LEARNT_Clauses":9495,"LEARNT_Lit/Cl":23,"Progress":0.085}
{"Event":"Restart","Time":5.586,"AdjustCount":3688,"Restarts":169,"Conflicts":54492,"Decisions":127841,"Propagations":23839842,"Vars":3597,"Clauses":10675,"Literals":25122,"LEARNT_Limit":12291,"LEARNT_Clauses":9695,"LEARNT_Lit/Cl":23,"Progress":0.085}
{"Event":"Restart","Time":5.599,"AdjustCount":3587,"Restarts":170,"Conflicts":54593,"Decisions":128002,"Propagations":23891787,"Vars":3597,"Clauses":10675,"Literals":25122,"LEARNT_Limit":12291,"LEARNT_Clauses":9796,"LEARNT_Lit/Cl":23,"Progress":0.085}
{"Event":"Restart","Time":5.612,"AdjustCount":3487,"Restarts":171,"Conflicts":54693,"Decisions":128179,"Propagations":23934154,"Vars":3597,"Clauses":10675,"Literals":25122,"LEARNT_Limit":12291,"LEARNT_Clauses":9896,"LEARNT_Lit/Cl":23,"Progress":0.085}
{"Event":"Restart","Time":5.630,"AdjustCount":3286,"Restarts":172,"Conflicts":54894,"Decisions":128772,"Propagations":24007453,"Vars":3597,"Clauses":10675,"Literals":25122,"LEARNT_Limit":12291,"LEARNT_Clauses":10097,"LEARNT_Lit/Cl":23,"Progress":0.085}
{"Event":"Restart","Time":5.672,"AdjustCount":2885,"Restarts":173,"Conflicts":55295,"Decisions":129510,"Propagations":24182250,"Vars":3597,"Clauses":10675,"Literals":25122,"LEARNT_Limit":12291,"LEARNT_Clauses":10498,"LEARNT_Lit/Cl":23,"Progress":0.086}
{"Event":"Restart","Time":5.756,"AdjustCount":2084,"Restarts":174,"Conflicts":56096,"Decisions":131375,"Propagations":24553587,"Vars":3597,"Clauses":10675,"Literals":25122,"LEARNT_Limit":12291,"LEARNT_Clauses":11299,"LEARNT_Lit/Cl":24,"Progress":0.086}
{"Event":"Restart","Time":5.767,"AdjustCount":1984,"Restarts":175,"Conflicts":56196,"Decisions":131615,"Propagations":24599316,"Vars":3597,"Clauses":10675,"Literals":25122,"LEARNT_Limit":12291,"LEARNT_Clauses":11399,"LEARNT_Lit/Cl":24,"Progress":0.086}
{"Event":"Restart","Time":5.779,"AdjustCount":1884,"Restarts":176,"Conflicts":56296,"Decisions":131867,"Propagations":24647637,"Vars":3597,"Clauses":10675,"Literals":25122,"LEARNT_Limit":12291,"LEARNT_Clauses":11499,"LEARNT_Lit/Cl":24,"Progress":0.086}
{"Event":"Restart","Time":5.803,"AdjustCount":1682,"Restarts":177,"Conflicts":56498,"Decisions":132198,"Propagations":24757924,"Vars":3597,"Clauses":10675,"Literals":25122,"LEARNT_Limit":12291,"LEARNT_Clauses":11701,"LEARNT_Lit/Cl":24,"Progress":0.086}
{"Event":"Restart","Time":5.816,"AdjustCount":1582,"Restarts":178,"Conflicts":56598,"Decisions":132360,"Propagations":24828019,"Vars":3597,"Clauses":10675,"Literals":25122,"LEARNT_Limit":12291,"LEARNT_Clauses":11801,"LEARNT_Lit/Cl":23,"Progress":0.086}
{"Event":"Restart","Time":5.828,"AdjustCount":1482,"Restarts":179,"Conflicts":56698,"Decisions":132620,"Propagations":24869012,"Vars":3597,"Clauses":10675,"Literals":25122,"LEARNT_Limit":12291,"LEARNT_Clauses":11901,"LEARNT_Lit/Cl":24,"Progress":0.086}
{"Event":"Restart","Time":5.848,"AdjustCount":1282,"Restarts":180,"Conflicts":56898,"Decisions":133042,"Propagations":24950211,"Vars":3597,"Clauses":10675,"Literals":25122,"LEARNT_Limit":12291,"LEARNT_Clauses":12101,"LEARNT_Lit/Cl":24,"Progress":0.086}
{"Event":"Restart","Time":5.903,"AdjustCount":882,"Restarts":181,"Conflicts":57298,"Decisions":134142,"Propagations":25162112,"Vars":3597,"Clauses":10675,"Literals":25122,"LEARNT_Limit":12291,"LEARNT_Clauses":6251,"LEARNT_Lit/Cl":18,"Progress":0.086}
{"Event":"Restart","Time":5.914,"AdjustCount":782,"Restarts":182,"Conflicts":57398,"Decisions":134409,"Propagations":25210307,"Vars":3597,"Clauses":10675,"Literals":25122,"LEARNT_Limit":12291,"LEARNT_Clauses":6351,"LEARNT_Lit/Cl":18,"Progress":0.086}
{"Event":"Restart","Time":5.926,"AdjustCount":682,"Restarts":183,"Conflicts":57498,"Decisions":134728,"Propagations":25270881,"Vars":3597,"Clauses":10675,"Literals":25122,"LEARNT_Limit":12291,"LEARNT_Clauses":6451,"LEARNT_Lit/Cl":18,"Progress":0.086}
{"Event":"Restart","Time":5.953,"AdjustCount":479,"Restarts":184,"Conflicts":57701,"Decisions":135137,"Propagations":25386925,"Vars":3597,"Clauses":10675,"Literals":25122,"LEARNT_Limit":12291,"LEARNT_Clauses":6654,"LEARNT_Lit/Cl":18,"Progress":0.086}
{"Event":"Restart","Time":5.965,"AdjustCount":379,"Restarts":185,"Conflicts":57801,"Decisions":135363,"Propagations":25431545,"Vars":3597,"Clauses":10675,"Literals":25122,"LEARNT_Limit":12291,"LEARNT_Clauses":6754,"LEARNT_Lit/Cl":18,"Progress":0.086}
{"Event":"Restart","Time":5.977,"AdjustCount":278,"Restarts":186,"Conflicts":57902,"Decisions":135647,"Propagations":25477537,"Vars":3597,"Clauses":10675,"Literals":25122,"LEARNT_Limit":12291,"LEARNT_Clauses":6855,"LEARNT_Lit/Cl":19,"Progress":0.086}
{"Event":"Restart","Time":6.000,"AdjustCount":75,"Restarts":187,"Conflicts":58105,"Decisions":136207,"Propagations":25571009,"Vars":3597,"Clauses":10675,"Literals":25122,"LEARNT_Limit":12291,"LEARNT_Clauses":7058,"LEARNT_Lit/Cl":19,"Progress":0.086}
{"Event":"LearnMore","Time":6.008,"AdjustCount":29192,"Restarts":187,"Conflicts":58180,"Decisions":136347,"Propagations":25602460,"Vars":3597,"Clauses":10675,"Literals":25122,"LEARNT_Limit":13520,"LEARNT_Clauses":7133,"LEARNT_Lit/Cl":19,"Progress":0.086}
{"Event":"Restart","Time":6.044,"AdjustCount":28865,"Restarts":188,"Conflicts":58507,"Decisions":137149,"Propagations":25748481,"Vars":3597,"Clauses":10675,"Literals":25122,"LEARNT_Limit":13520,"LEARNT_Clauses":7460,"LEARNT_Lit/Cl":19,"Progress":0.087}
{"Event":"Restart","Time":6.118,"AdjustCount":28064,"Restarts":189,"Conflicts":59308,"Decisions":139138,"Propagations":26090788,"Vars":3416,"Clauses":9973,"Literals":23522,"LEARNT_Limit":13520,"LEARNT_Clauses":2164,"LEARNT_Lit/Cl":9,"Progress":5.111}
{"Event":"Restart","Time":6.234,"AdjustCount":26461,"Restarts":190,"Conflicts":60911,"Decisions":142874,"Propagations":26689871,"Vars":3416,"Clauses":9973,"Literals":23522,"LEARNT_Limit":13520,"LEARNT_Clauses":3767,"LEARNT_Lit/Cl":21,"Progress":5.111}
{"Event":"Restart","Time":6.544,"AdjustCount":23261,"Restarts":191,"Conflicts":64111,"Decisions":150203,"Propagations":28079453,"Vars":3416,"Clauses":9973,"Literals":23522,"LEARNT_Limit":13520,"LEARNT_Clauses":6967,"LEARNT_Lit/Cl":28,"Progress":5.111}
{"Event":"Restart","Time":6.554,"AdjustCount":23161,"Restarts":192,"Conflicts":64211,"Decisions":150382,"Propagations":28125659,"Vars":3416,"Clauses":9973,"Literals":23522,"LEARNT_Limit":13520,"LEARNT_Clauses":7067,"LEARNT_Lit/Cl":28,"Progress":5.111}
{"Event":"Restart","Time":6.568,"AdjustCount":23058,"Restarts":193,"Conflicts":64314,"Decisions":150539,"Propagations":28194747,"Vars":3416,"Clauses":9973,"Literals":23522,"LEARNT_Limit":13520,"LEARNT_Clauses":7170,"LEARNT_Lit/Cl":28,"Progress":5.112}
{"Event":"Restart","Time":6.588,"AdjustCount":22858,"Restarts":194,"Conflicts":64514,"Decisions":150972,"Propagations":28272779,"Vars":3416,"Clauses":9973,"Literals":23522,"LEARNT_Limit":13520,"LEARNT_Clauses":7370,"LEARNT_Lit/Cl":28,"Progress":5.111}
{"Event":"Restart","Time":6.600,"AdjustCount":22757,"Restarts":195,"Conflicts":64615,"Decisions":151186,"Propagations":28329888,"Vars":3416,"Clauses":9973,"Literals":23522,"LEARNT_Limit":13520,"LEARNT_Clauses":7471,"LEARNT_Lit/Cl":28,"Progress":5.112}
{"Event":"Restart","Time":6.612,"AdjustCount":22656,"Restarts":196,"Conflicts":64716,"Decisions":151372,"Propagations":28390868,"Vars":3416,"Clauses":9973,"Literals":23522,"LEARNT_Limit":13520,"LEARNT_Clauses":7572,"LEARNT_Lit/Cl":28,"Progress":5.111}
{"Event":"Restart","Time":6.636,"AdjustCount":22455,"Restarts":197,"Conflicts":64917,"Decisions":151726,"Propagations":28510142,"Vars":3416,"Clauses":9973,"Literals":23522,"LEARNT_Limit":13520,"LEARNT_Clauses":7773,"LEARNT_Lit/Cl":28,"Progress":5.118}
{"Event":"Restart","Time":6.675,"AdjustCount":22055,"Restarts":198,"Conflicts":65317,"Decisions":152691,"Propagations":28656870,"Vars":3415,"Clauses":9971,"Literals":23516,"LEARNT_Limit":13520,"LEARNT_Clauses":7765,"LEARNT_Lit/Cl":28,"Progress":5.139}
{"Event":"Restart","Time":6.686,"AdjustCount":21954,"Restarts":199,"Conflicts":65418,"Decisions":153023,"Propagations":28701728,"Vars":3415,"Clauses":9971,"Literals":23516,"LEARNT_Limit":13520,"LEARNT_Clauses":7866,"LEARNT_Lit/Cl":28,"Progress":5.139}
{"Event":"Restart","Time":6.697,"AdjustCount":21854,"Restarts":200,"Conflicts":65518,"Decisions":153463,"Propagations":28747898,"Vars":3415,"Clauses":9971,"Literals":23516,"LEARNT_Limit":13520,"LEARNT_Clauses":7966,"LEARNT_Lit/Cl":28,"Progress":5.139}
{"Event":"Restart","Time":6.718,"AdjustCount":21654,"Restarts":201,"Conflicts":65718,"Decisions":154007,"Propagations":28837746,"Vars":3415,"Clauses":9971,"Literals":23516,"LEARNT_Limit":13520,"LEARNT_Clauses":8166,"LEARNT_Lit/Cl":29,"Progress":5.139}
{"Event":"Restart","Time":6.729,"AdjustCount":21551,"Restarts":202,"Conflicts":65821,"Decisions":154273,"Propagations":28887780,"Vars":3415,"Clauses":9971,"Literals":23516,"LEARNT_Limit":13520,"LEARNT_Clauses":8269,"LEARNT_Lit/Cl":29,"Progress":5.139}
{"Event":"Restart","Time":6.740,"AdjustCount":21451,"Restarts":203,"Conflicts":65921,"Decisions":154517,"Propagations":28939136,"Vars":3415,"Clauses":9971,"Literals":23516,"LEARNT_Limit":13520,"LEARNT_Clauses":8369,"LEARNT_Lit/Cl":29,"Progress":5.139}
{"Event":"Restart","Time":6.759,"AdjustCount":21251,"Restarts":204,"Conflicts":66121,"Decisions":154993,"Propagations":29027202,"Vars":3415,"Clauses":9971,"Literals":23516,"LEARNT_Limit":13520,"LEARNT_Clauses":8569,"LEARNT_Lit/Cl":29,"Progress":5.139}
{"Event":"Restart","Time":6.801,"AdjustCount":20851,"Restarts":205,"Conflicts":66521,"Decisions":155818,"Propagations":29227580,"Vars":3415,"Clauses":9971,"Literals":23516,"LEARNT_Limit":13520,"LEARNT_Clauses":8969,"LEARNT_Lit/Cl":28,"Progress":5.139}
{"Event":"Restart","Time":6.883,"AdjustCount":20049,"Restarts":206,"Conflicts":67323,"Decisions":157579,"Propagations":29569704,"Vars":3415,"Clauses":9971,"Literals":23516,"LEARNT_Limit":13520,"LEARNT_Clauses":9771,"LEARNT_Lit/Cl":29,"Progress":5.139}
{"Event":"Restart","Time":6.892,"AdjustCount":19947,"Restarts":207,"Conflicts":67425,"Decisions":157768,"Propagations":29618105,"Vars":3415,"Clauses":9971,"Literals":23516,"LEARNT_Limit":13520,"LEARNT_Clauses":9873,"LEARNT_Lit/Cl":29,"Progress":5.139}
{"Event":"Restart","Time":6.909,"AdjustCount":19847,"Restarts":208,"Conflicts":67525,"Decisions":157983,"Propagations":29688160,"Vars":3414,"Clauses":9969,"Literals":23510,"LEARNT_Limit":13520,"LEARNT_Clauses":9739,"LEARNT_Lit/Cl":29,"Progress":5.167}
{"Event":"Restart","Time":6.932,"AdjustCount":19642,"Restarts":209,"Conflicts":67730,"Decisions":158359,"Propagations":29787905,"Vars":3414,"Clauses":9969,"Literals":23510,"LEARNT_Limit":13520,"LEARNT_Clauses":9944,"LEARNT_Lit/Cl":28,"Progress":5.167}
{"Event":"Restart","Time":6.944,"AdjustCount":19541,"Restarts":210,"Conflicts":67831,"Decisions":158526,"Propagations":29845173,"Vars":3414,"Clauses":9969,"Literals":23510,"LEARNT_Limit":13520,"LEARNT_Clauses":10045,"LEARNT_Lit/Cl":28,"Progress":5.167}
{"Event":"Restart","Time":6.958,"AdjustCount":19441,"Restarts":211,"Conflicts":67931,"Decisions":158723,"Propagations":29906723,"Vars":3414,"Clauses":9969,"Literals":23510,"LEARNT_Limit":13520,"LEARNT_Clauses":10145,"LEARNT_Lit/Cl":28,"Progress":5.167}
{"Event":"Restart","Time":6.985,"AdjustCount":19241,"Restarts":212,"Conflicts":68131,"Decisions":159035,"Propagations":30024028,"Vars":3414,"Clauses":9969,"Literals":23510,"LEARNT_Limit":13520,"LEARNT_Clauses":10345,"LEARNT_Lit/Cl":28,"Progress":5.167}
{"Event":"Restart","Time":7.036,"AdjustCount":18838,"Restarts":213,"Conflicts":68534,"Decisions":159672,"Propagations":30236914,"Vars":3414,"Clauses":9969,"Literals":23510,"LEARNT_Limit":13520,"LEARNT_Clauses":10748,"LEARNT_Lit/Cl":28,"Progress":5.167}
{"Event":"Restart","Time":7.050,"AdjustCount":18737,"Restarts":214,"Conflicts":68635,"Decisions":159822,"Propagations":30296274,"Vars":3414,"Clauses":9969,"Literals":23510,"LEARNT_Limit":13520,"LEARNT_Clauses":10849,"LEARNT_Lit/Cl":28,"Progress":5.167}
{"Event":"Restart","Time":7.063,"AdjustCount":18637,"Restarts":215,"Conflicts":68735,"Decisions":159988,"Propagations":30360690,"Vars":3414,"Clauses":9969,"Literals":23510,"LEARNT_Limit":13520,"LEARNT_Clauses":10949,"LEARNT_Lit/Cl":27,"Progress":5.167}
{"Event":"Restart","Time":7.088,"AdjustCount":18436,"Restarts":216,"Conflicts":68936,"Decisions":160563,"Propagations":30452141,"Vars":3413,"Clauses":9967,"Literals":23504,"LEARNT_Limit":13520,"LEARNT_Clauses":9556,"LEARNT_Lit/Cl":28,"Progress":5.194}
{"Event":"Restart","Time":7.100,"AdjustCount":18334,"Restarts":217,"Conflicts":69038,"Decisions":160821,"Propagations":30504288,"Vars":3413,"Clauses":9967,"Literals":23504,"LEARNT_Limit":13520,"LEARNT_Clauses":9658,"LEARNT_Lit/Cl":27,"Progress":5.195}
{"Event":"Restart","Time":7.112,"AdjustCount":18234,"Restarts":218,"Conflicts":69138,"Decisions":160958,"Propagations":30558113,"Vars":3413,"Clauses":9967,"Literals":23504,"LEARNT_Limit":13520,"LEARNT_Clauses":9758,"LEARNT_Lit/Cl":27,"Progress":5.206}
{"Event":"Restart","Time":7.136,"AdjustCount":18034,"Restarts":219,"Conflicts":69338,"Decisions":161421,"Propagations":30631381,"Vars":3412,"Clauses":9967,"Literals":23504,"LEARNT_Limit":13520,"LEARNT_Clauses":9957,"LEARNT_Lit/Cl":28,"Progress":5.222}
{"Event":"Restart","Time":7.179,"AdjustCount":17633,"Restarts":220,"Conflicts":69739,"Decisions":162504,"Propagations":30787939,"Vars":3412,"Clauses":9965,"Literals":23498,"LEARNT_Limit":13520,"LEARNT_Clauses":10235,"LEARNT_Lit/Cl":28,"Progress":5.223}
{"Event":"Restart","Time":7.277,"AdjustCount":16833,"Restarts":221,"Conflicts":70539,"Decisions":164353,"Propagations":31118516,"Vars":3412,"Clauses":9965,"Literals":23498,"LEARNT_Limit":13520,"LEARNT_Clauses":11035,"LEARNT_Lit/Cl":28,"Progress":5.223}
{"Event":"Restart","Time":7.470,"AdjustCount":15233,"Restarts":222,"Conflicts":72139,"Decisions":167237,"Propagations":31792806,"Vars":3412,"Clauses":9965,"Literals":23498,"LEARNT_Limit":13520,"LEARNT_Clauses":12635,"LEARNT_Lit/Cl":29,"Progress":5.223}
{"Event":"Restart","Time":7.481,"AdjustCount":15132,"Restarts":223,"Conflicts":72240,"Decisions":167447,"Propagations":31823370,"Vars":3412,"Clauses":9965,"Literals":23498,"LEARNT_Limit":13520,"LEARNT_Clauses":12736,"LEARNT_Lit/Cl":29,"Progress":5.223}
{"Event":"Restart","Time":7.497,"AdjustCount":15031,"Restarts":224,"Conflicts":72341,"Decisions":167741,"Propagations":31875516,"Vars":3412,"Clauses":9965,"Literals":23498,"LEARNT_Limit":13520,"LEARNT_Clauses":12837,"LEARNT_Lit/Cl":29,"Progress":5.223}
{"Event":"Restart","Time":7.527,"AdjustCount":14830,"Restarts":225,"Conflicts":72542,"Decisions":168103,"Propagations":31974621,"Vars":3412,"Clauses":9965,"Literals":23498,"LEARNT_Limit":13520,"LEARNT_Clauses":13038,"LEARNT_Lit/Cl":29,"Progress":5.223}
{"Event":"Restart","Time":7.541,"AdjustCount":14730,"Restarts":226,"Conflicts":72642,"Decisions":168378,"Propagations":32013678,"Vars":3412,"Clauses":9965,"Literals":23498,"LEARNT_Limit":13520,"LEARNT_Clauses":13138,"LEARNT_Lit/Cl":29,"Progress":5.223}
{"Event":"Restart","Time":7.556,"AdjustCount":14630,"Restarts":227,"Conflicts":72742,"Decisions":168615,"Propagations":32062496,"Vars":3412,"Clauses":9965,"Literals":23498,"LEARNT_Limit":13520,"LEARNT_Clauses":13238,"LEARNT_Lit/Cl":29,"Progress":5.223}
{"Event":"Restart","Time":7.586,"AdjustCount":14430,"Restarts":228,"Conflicts":72942,"Decisions":169104,"Propagations":32148117,"Vars":3412,"Clauses":9965,"Literals":23498,"LEARNT_Limit":13520,"LEARNT_Clauses":13438,"LEARNT_Lit/Cl":29,"Progress":5.223}
{"Event":"Restart","Time":7.636,"AdjustCount":14030,"Restarts":229,"Conflicts":73342,"Decisions":169953,"Propagations":32284551,"Vars":3412,"Clauses":9965,"Literals":23498,"LEARNT_Limit":13520,"LEARNT_Clauses":6920,"LEARNT_Lit/Cl":21,"Progress":5.223}
{"Event":"Restart","Time":7.645,"AdjustCount":13930,"Restarts":230,"Conflicts":73442,"Decisions":170387,"Propagations":32326420,"Vars":3412,"Clauses":9965,"Literals":23498,"LEARNT_Limit":13520,"LEARNT_Clauses":7020,"LEARNT_Lit/Cl":21,"Progress":5.223}
{"Event":"Restart","Time":7.654,"AdjustCount":13829,"Restarts":231,"Conflicts":73543,"Decisions":170670,"Propagations":32364194,"Vars":3412,"Clauses":9965,"Literals":23498,"LEARNT_Limit":13520,"LEARNT_Clauses":7121,"LEARNT_Lit/Cl":21,"Progress":5.222}
{"Event":"Restart","Time":7.680,"AdjustCount":13627,"Restarts":232,"Conflicts":73745,"Decisions":170986,"Propagations":32480345,"Vars":3412,"Clauses":9965,"Literals":23498,"LEARNT_Limit":13520,"LEARNT_Clauses":7323,"LEARNT_Lit/Cl":21,"Progress":5.222}
{"Event":"Restart","Time":7.689,"AdjustCount":13527,"Restarts":233,"Conflicts":73845,"Decisions":171287,"Propagations":32513263,"Vars":3412,"Clauses":9965,"Literals":23498,"LEARNT_Limit":13520,"LEARNT_Clauses":7423,"LEARNT_Lit/Cl":21,"Progress":5.223}
{"Event":"Restart","Time":7.699,"AdjustCount":13426,"Restarts":234,"Conflicts":73946,"Decisions":171653,"Propagations":32554154,"Vars":3412,"Clauses":9965,"Literals":23498,"LEARNT_Limit":13520,"LEARNT_Clauses":7524,"LEARNT_Lit/Cl":22,"Progress":5.223}
{"Event":"Restart","Time":7.719,"AdjustCount":13225,"Restarts":235,"Conflicts":74147,"Decisions":172104,"Propagations":32642332,"Vars":3412,"Clauses":9965,"Literals":23498,"LEARNT_Limit":13520,"LEARNT_Clauses":7725,"LEARNT_Lit/Cl":21,"Progress":5.222}
{"Event":"Restart","Time":7.763,"AdjustCount":12825,"Restarts":236,"Conflicts":74547,"Decisions":172875,"Propagations":32842325,"Vars":3412,"Clauses":9965,"Literals":23498,"LEARNT_Limit":13520,"LEARNT_Clauses":8125,"LEARNT_Lit/Cl":21,"Progress":5.222}
{"Event":"Restart","Time":7.859,"AdjustCount":12022,"Restarts":237,"Conflicts":75350,"Decisions":174840,"Propagations":33195075,"Vars":3412,"Clauses":9965,"Literals":23498,"LEARNT_Limit":13520,"LEARNT_Clauses":8928,"LEARNT_Lit/Cl":23,"Progress":5.223}
{"Event":"Restart","Time":7.874,"AdjustCount":11922,"Restarts":238,"Conflicts":75450,"Decisions":175128,"Propagations":33256786,"Vars":3412,"Clauses":9965,"Literals":23498,"LEARNT_Limit":13520,"LEARNT_Clauses":9028,"LEARNT_Lit/Cl":23,"Progress":5.222}
{"Event":"Restart","Time":7.887,"AdjustCount":11820,"Restarts":239,"Conflicts":75552,"Decisions":175337,"Propagations":33305461,"Vars":3412,"Clauses":9965,"Literals":23498,"LEARNT_Limit":13520,"LEARNT_Clauses":9130,"LEARNT_Lit/Cl":23,"Progress":5.223}
{"Event":"Restart","Time":7.910,"AdjustCount":11618,"Restarts":240,"Conflicts":75754,"Decisions":175758,"Propagations":33382789,"Vars":3412,"Clauses":9965,"Literals":23498,"LEARNT_Limit":13520,"LEARNT_Clauses":9332,"LEARNT_Lit/Cl":23,"Progress":5.223}
{"Event":"Restart","Time":7.923,"AdjustCount":11518,"Restarts":241,"Conflicts":75854,"Decisions":175959,"Propagations":33436112,"Vars":3412,"Clauses":9965,"Literals":23498,"LEARNT_Limit":13520,"LEARNT_Clauses":9432,"LEARNT_Lit/Cl":23,"Progress":5.223}
{"Event":"Restart","Time":7.936,"AdjustCount":11418,"Restarts":242,"Conflicts":75954,"Decisions":176195,"Propagations":33479862,"Vars":3412,"Clauses":9965,"Literals":23498,"LEARNT_Limit":13520,"LEARNT_Clauses":9532,"LEARNT_Lit/Cl":23,"Progress":5.222}
{"Event":"Restart","Time":7.957,"AdjustCount":11217,"Restarts":243,"Conflicts":76155,"Decisions":176639,"Propagations":33559017,"Vars":3412,"Clauses":9965,"Literals":23498,"LEARNT_Limit":13520,"LEARNT_Clauses":9733,"LEARNT_Lit/Cl":23,"Progress":5.222}
{"Event":"Restart","Time":8.003,"AdjustCount":10817,"Restarts":244,"Conflicts":76555,"Decisions":177828,"Propagations":33729862,"Vars":3412,"Clauses":9965,"Literals":23498,"LEARNT_Limit":13520,"LEARNT_Clauses":10133,"LEARNT_Lit/Cl":24,"Progress":5.223}
{"Event":"Restart","Time":8.014,"AdjustCount":10717,"Restarts":245,"Conflicts":76655,"Decisions":178030,"Propagations":33772432,"Vars":3412,"Clauses":9965,"Literals":23498,"LEARNT_Limit":13520,"LEARNT_Clauses":10233,"LEARNT_Lit/Cl":24,"Progress":5.222}
{"Event":"Restart","Time":8.027,"AdjustCount":10616,"Restarts":246,"Conflicts":76756,"Decisions":178312,"Propagations":33816256,"Vars":3412,"Clauses":9965,"Literals":23498,"LEARNT_Limit":13520,"LEARNT_Clauses":10334,"LEARNT_Lit/Cl":24,"Progress":5.222}
{"Event":"Restart","Time":8.050,"AdjustCount":10415,"Restarts":247,"Conflicts":76957,"Decisions":178764,"Propagations":33915315,"Vars":3412,"Clauses":9965,"Literals":23498,"LEARNT_Limit":13520,"LEARNT_Clauses":10535,"LEARNT_Lit/Cl":24,"Progress":5.223}
{"Event":"Restart","Time":8.060,"AdjustCount":10315,"Restarts":248,"Conflicts":77057,"Decisions":178969,"Propagations":33961355,"Vars":3412,"Clauses":9965,"Literals":23498,"LEARNT_Limit":13520,"LEARNT_Clauses":10635,"LEARNT_Lit/Cl":24,"Progress":5.223}
{"Event":"Restart","Time":8.072,"AdjustCount":10212,"Restarts":249,"Conflicts":77160,"Decisions":179197,"Propagations":34011976,"Vars":3412,"Clauses":9965,"Literals":23498,"LEARNT_Limit":13520,"LEARNT_Clauses":10738,"LEARNT_Lit/Cl":24,"Progress":5.222}
{"Event":"Restart","Time":8.093,"AdjustCount":10012,"Restarts":250,"Conflicts":77360,"Decisions":179901,"Propagations":34097138,"Vars":3412,"Clauses":9965,"Literals":23498,"LEARNT_Limit":13520,"LEARNT_Clauses":10938,"LEARNT_Lit/Cl":24,"Progress":5.223}
{"Event":"Restart","Time":8.129,"AdjustCount":9612,"Restarts":251,"Conflicts":77760,"Decisions":180820,"Propagations":34257076,"Vars":3412,"Clauses":9965,"Literals":23498,"LEARNT_Limit":13520,"LEARNT_Clauses":11338,"LEARNT_Lit/Cl":24,"Progress":5.223}
{"Event":"Restart","Time":8.219,"AdjustCount":8811,"Restarts":252,"Conflicts":78561,"Decisions":182759,"Propagations":34609815,"Vars":3412,"Clauses":9965,"Literals":23498,"LEARNT_Limit":13520,"LEARNT_Clauses":12139,"LEARNT_Lit/Cl":24,"Progress":5.222}
{"Event":"Restart","Time":8.421,"AdjustCount":7211,"Restarts":253,"Conflicts":80161,"Decisions":186020,"Propagations":35310390,"Vars":3412,"Clauses":9965,"Literals":23498,"LEARNT_Limit":13520,"LEARNT_Clauses":6870,"LEARNT_Lit/Cl":19,"Progress":5.223}
{"Event":"Restart","Time":8.762,"AdjustCount":4011,"Restarts":254,"Conflicts":83361,"Decisions":192562,"Propagations":36696605,"Vars":3412,"Clauses":9965,"Literals":23498,"LEARNT_Limit":13520,"LEARNT_Clauses":10070,"LEARNT_Lit/Cl":21,"Progress":5.226}
===============================================================================
restarts              : 254
conflicts             : 85092          (9531 /sec)
decisions             : 196189         (0.00 % random) (21974 /sec)
propagations          : 37425308       (4191728 /sec)
conflict literals     : 2570290        (29.51 % deleted)
Memory used           : 9.00 MB
CPU time              : 8.92837 s

UNSATISFIABLE
