WARNING: for repeatability, setting FPU to use double precision
============================[ Problem Statistics ]=============================
|                                                                             |
|  Number of variables:          2500                                         |
|  Number of clauses:            7401                                         |
|  Parse time:                   0.00 s                                       |
|                                                                             |
============================[ Search Statistics ]==============================
| Conflicts |          ORIGINAL         |          LEARNT          | Progress |
|           |    Vars  Clauses Literals |    Limit  Clauses Lit/Cl |          |
===============================================================================
{"Event":"Restart","Time":0.006,"AdjustCount":99,"Restarts":1,"Conflicts":1,"Decisions":22,"Propagations":1579,"Vars":2500,"Clauses":7401,"Literals":17450,"LEARNT_Limit":2467,"LEARNT_Clauses":1,"LEARNT_Lit/Cl":2,"Progress":0.000}
{"Event":"LearnMore","Time":0.012,"AdjustCount":150,"Restarts":1,"Conflicts":100,"Decisions":337,"Propagations":34898,"Vars":2500,"Clauses":7401,"Literals":17450,"LEARNT_Limit":2713,"LEARNT_Clauses":100,"LEARNT_Lit/Cl":20,"Progress":0.000}
{"Event":"Restart","Time":0.013,"AdjustCount":147,"Restarts":2,"Conflicts":103,"Decisions":364,"Propagations":37206,"Vars":2500,"Clauses":7401,"Literals":17450,"LEARNT_Limit":2713,"LEARNT_Clauses":103,"LEARNT_Lit/Cl":20,"Progress":0.001}
{"Event":"Restart","Time":0.019,"AdjustCount":45,"Restarts":3,"Conflicts":205,"Decisions":614,"Propagations":80565,"Vars":2500,"Clauses":7401,"Literals":17450,"LEARNT_Limit":2713,"LEARNT_Clauses":205,"LEARNT_Lit/Cl":18,"Progress":0.002}
{"Event":"LearnMore","Time":0.022,"AdjustCount":225,"Restarts":3,"Conflicts":250,"Decisions":681,"Propagations":102973,"Vars":2500,"Clauses":7401,"Literals":17450,"LEARNT_Limit":2985,"LEARNT_Clauses":250,"LEARNT_Lit/Cl":19,"Progress":0.002}
{"Event":"Restart","Time":0.032,"AdjustCount":69,"Restarts":4,"Conflicts":406,"Decisions":1007,"Propagations":159236,"Vars":2500,"Clauses":7401,"Literals":17450,"LEARNT_Limit":2985,"LEARNT_Clauses":406,"LEARNT_Lit/Cl":19,"Progress":0.000}
{"Event":"LearnMore","Time":0.036,"AdjustCount":337,"Restarts":4,"Conflicts":475,"Decisions":1131,"Propagations":178869,"Vars":2500,"Clauses":7401,"Literals":17450,"LEARNT_Limit":3283,"LEARNT_Clauses":475,"LEARNT_Lit/Cl":20,"Progress":0.000}
{"Event":"Restart","Time":0.038,"AdjustCount":306,"Restarts":5,"Conflicts":506,"Decisions":1248,"Propagations":190030,"Vars":2500,"Clauses":7401,"Literals":17450,"LEARNT_Limit":3283,"LEARNT_Clauses":506,"LEARNT_Lit/Cl":20,"Progress":0.000}
{"Event":"Restart","Time":0.044,"AdjustCount":205,"Restarts":6,"Conflicts":607,"Decisions":1532,"Propagations":215268,"Vars":2500,"Clauses":7401,"Literals":17450,"LEARNT_Limit":3283,"LEARNT_Clauses":607,"LEARNT_Lit/Cl":25,"Progress":0.000}
{"Event":"Restart","Time":0.056,"AdjustCount":4,"Restarts":7,"Conflicts":808,"Decisions":2136,"Propagations":271647,"Vars":2500,"Clauses":7401,"Literals":17450,"LEARNT_Limit":3283,"LEARNT_Clauses":808,"LEARNT_Lit/Cl":27,"Progress":0.000}
{"Event":"LearnMore","Time":0.056,"AdjustCount":506,"Restarts":7,"Conflicts":812,"Decisions":2177,"Propagations":273092,"Vars":2500,"Clauses":7401,"Literals":17450,"LEARNT_Limit":3611,"LEARNT_Clauses":812,"LEARNT_Lit/Cl":27,"Progress":0.000}
{"Event":"Restart","Time":0.082,"AdjustCount":110,"Restarts":8,"Conflicts":1208,"Decisions":3239,"Propagations":428856,"Vars":2500,"Clauses":7401,"Literals":17450,"LEARNT_Limit":3611,"LEARNT_Clauses":1208,"LEARNT_Lit/Cl":25,"Progress":0.001}
{"Event":"Restart","Time":0.089,"AdjustCount":9,"Restarts":9,"Conflicts":1309,"Decisions":3428,"Propagations":474450,"Vars":2500,"Clauses":7401,"Literals":17450,"LEARNT_Limit":3611,"LEARNT_Clauses":1309,"LEARNT_Lit/Cl":24,"Progress":0.000}
{"Event":"LearnMore","Time":0.090,"AdjustCount":759,"Restarts":9,"Conflicts":1318,"Decisions":3469,"Propagations":477964,"Vars":2500,"Clauses":7401,"Literals":17450,"LEARNT_Limit":3973,"LEARNT_Clauses":1318,"LEARNT_Lit/Cl":24,"Progress":0.000}
{"Event":"Restart","Time":0.096,"AdjustCount":667,"Restarts":10,"Conflicts":1410,"Decisions":3738,"Propagations":502331,"Vars":2500,"Clauses":7401,"Literals":17450,"LEARNT_Limit":3973,"LEARNT_Clauses":1410,"LEARNT_Lit/Cl":27,"Progress":0.000}
{"Event":"Restart","Time":0.109,"AdjustCount":467,"Restarts":11,"Conflicts":1610,"Decisions":4091,"Propagations":568278,"Vars":2500,"Clauses":7401,"Literals":17450,"LEARNT_Limit":3973,"LEARNT_Clauses":1610,"LEARNT_Lit/Cl":26,"Progress":0.000}
{"Event":"Restart","Time":0.116,"AdjustCount":366,"Restarts":12,"Conflicts":1711,"Decisions":4384,"Propagations":607677,"Vars":2500,"Clauses":7401,"Literals":17450,"LEARNT_Limit":3973,"LEARNT_Clauses":1711,"LEARNT_Lit/Cl":26,"Progress":0.000}
{"Event":"Restart","Time":0.123,"AdjustCount":266,"Restarts":13,"Conflicts":1811,"Decisions":4543,"Propagations":649817,"Vars":2500,"Clauses":7401,"Literals":17450,"LEARNT_Limit":3973,"LEARNT_Clauses":1811,"LEARNT_Lit/Cl":25,"Progress":0.000}
{"Event":"Restart","Time":0.137,"AdjustCount":65,"Restarts":14,"Conflicts":2012,"Decisions":5010,"Propagations":723176,"Vars":2500,"Clauses":7401,"Literals":17450,"LEARNT_Limit":3973,"LEARNT_Clauses":2012,"LEARNT_Lit/Cl":26,"Progress":0.000}
{"Event":"LearnMore","Time":0.141,"AdjustCount":1139,"Restarts":14,"Conflicts":2077,"Decisions":5111,"Propagations":748061,"Vars":2500,"Clauses":7401,"Literals":17450,"LEARNT_Limit":4370,"LEARNT_Clauses":2077,"LEARNT_Lit/Cl":25,"Progress":0.000}
{"Event":"Restart","Time":0.163,"AdjustCount":804,"Restarts":15,"Conflicts":2412,"Decisions":5658,"Propagations":879104,"Vars":2500,"Clauses":7401,"Literals":17450,"LEARNT_Limit":4370,"LEARNT_Clauses":2412,"LEARNT_Lit/Cl":24,"Progress":0.000}
{"Event":"Restart","Time":0.213,"AdjustCount":4,"Restarts":16,"Conflicts":3212,"Decisions":7143,"Propagations":1116262,"Vars":2500,"Clauses":7401,"Literals":17450,"LEARNT_Limit":4370,"LEARNT_Clauses":3212,"LEARNT_Lit/Cl":27,"Progress":0.000}
{"Event":"LearnMore","Time":0.213,"AdjustCount":1708,"Restarts":16,"Conflicts":3216,"Decisions":7154,"Propagations":1117250,"Vars":2500,"Clauses":7401,"Literals":17450,"LEARNT_Limit":4807,"LEARNT_Clauses":3216,"LEARNT_Lit/Cl":27,"Progress":0.000}
{"Event":"Restart","Time":0.219,"AdjustCount":1610,"Restarts":17,"Conflicts":3314,"Decisions":7428,"Propagations":1142984,"Vars":2500,"Clauses":7401,"Literals":17450,"LEARNT_Limit":4807,"LEARNT_Clauses":3314,"LEARNT_Lit/Cl":28,"Progress":0.000}
{"Event":"Restart","Time":0.226,"AdjustCount":1510,"Restarts":18,"Conflicts":3414,"Decisions":7628,"Propagations":1174849,"Vars":2500,"Clauses":7401,"Literals":17450,"LEARNT_Limit":4807,"LEARNT_Clauses":3414,"LEARNT_Lit/Cl":28,"Progress":0.000}
{"Event":"Restart","Time":0.239,"AdjustCount":1310,"Restarts":19,"Conflicts":3614,"Decisions":7985,"Propagations":1238800,"Vars":2500,"Clauses":7401,"Literals":17450,"LEARNT_Limit":4807,"LEARNT_Clauses":3614,"LEARNT_Lit/Cl":28,"Progress":0.000}
{"Event":"Restart","Time":0.245,"AdjustCount":1210,"Restarts":20,"Conflicts":3714,"Decisions":8166,"Propagations":1274883,"Vars":2500,"Clauses":7401,"Literals":17450,"LEARNT_Limit":4807,"LEARNT_Clauses":3714,"LEARNT_Lit/Cl":27,"Progress":0.000}
{"Event":"Restart","Time":0.252,"AdjustCount":1109,"Restarts":21,"Conflicts":3815,"Decisions":8375,"Propagations":1315117,"Vars":2500,"Clauses":7401,"Literals":17450,"LEARNT_Limit":4807,"LEARNT_Clauses":3815,"LEARNT_Lit/Cl":27,"Progress":0.000}
{"Event":"Restart","Time":0.266,"AdjustCount":909,"Restarts":22,"Conflicts":4015,"Decisions":8820,"Propagations":1384684,"Vars":2500,"Clauses":7401,"Literals":17450,"LEARNT_Limit":4807,"LEARNT_Clauses":4015,"LEARNT_Lit/Cl":27,"Progress":0.000}
{"Event":"Restart","Time":0.301,"AdjustCount":508,"Restarts":23,"Conflicts":4416,"Decisions":9449,"Propagations":1541297,"Vars":2500,"Clauses":7401,"Literals":17450,"LEARNT_Limit":4807,"LEARNT_Clauses":4416,"LEARNT_Lit/Cl":26,"Progress":0.000}
{"Event":"Restart","Time":0.311,"AdjustCount":407,"Restarts":24,"Conflicts":4517,"Decisions":9609,"Propagations":1594654,"Vars":2500,"Clauses":7401,"Literals":17450,"LEARNT_Limit":4807,"LEARNT_Clauses":4517,"LEARNT_Lit/Cl":26,"Progress":0.001}
{"Event":"Restart","Time":0.320,"AdjustCount":306,"Restarts":25,"Conflicts":4618,"Decisions":9805,"Propagations":1634287,"Vars":2500,"Clauses":7401,"Literals":17450,"LEARNT_Limit":4807,"LEARNT_Clauses":4618,"LEARNT_Lit/Cl":26,"Progress":0.000}
{"Event":"Restart","Time":0.333,"AdjustCount":106,"Restarts":26,"Conflicts":4818,"Decisions":10289,"Propagations":1686989,"Vars":2500,"Clauses":7401,"Literals":17450,"LEARNT_Limit":4807,"LEARNT_Clauses":2410,"LEARNT_Lit/Cl":19,"Progress":0.000}
{"Event":"Restart","Time":0.339,"AdjustCount":6,"Restarts":27,"Conflicts":4918,"Decisions":10491,"Propagations":1711270,"Vars":2500,"Clauses":7401,"Literals":17450,"LEARNT_Limit":4807,"LEARNT_Clauses":2510,"LEARNT_Lit/Cl":20,"Progress":0.000}
{"Event":"LearnMore","Time":0.339,"AdjustCount":2562,"Restarts":27,"Conflicts":4924,"Decisions":10517,"Propagations":1713086,"Vars":2500,"Clauses":7401,"Literals":17450,"LEARNT_Limit":5288,"LEARNT_Clauses":2516,"LEARNT_Lit/Cl":20,"Progress":0.000}
{"Event":"Restart","Time":0.345,"AdjustCount":2467,"Restarts":28,"Conflicts":5019,"Decisions":10697,"Propagations":1744443,"Vars":2500,"Clauses":7401,"Literals":17450,"LEARNT_Limit":5288,"LEARNT_Clauses":2611,"LEARNT_Lit/Cl":20,"Progress":0.001}
{"Event":"Restart","Time":0.355,"AdjustCount":2264,"Restarts":29,"Conflicts":5222,"Decisions":11043,"Propagations":1782442,"Vars":2500,"Clauses":7401,"Literals":17450,"LEARNT_Limit":5288,"LEARNT_Clauses":2814,"LEARNT_Lit/Cl":23,"Progress":0.000}
{"Event":"Restart","Time":0.384,"AdjustCount":1864,"Restarts":30,"Conflicts":5622,"Decisions":11730,"Propagations":1947003,"Vars":2500,"Clauses":7401,"Literals":17450,"LEARNT_Limit":5288,"LEARNT_Clauses":3214,"LEARNT_Lit/Cl":22,"Progress":0.002}
{"Event":"Restart","Time":0.441,"AdjustCount":1062,"Restarts":31,"Conflicts":6424,"Decisions":13018,"Propagations":2197865,"Vars":2500,"Clauses":7401,"Literals":17450,"LEARNT_Limit":5288,"LEARNT_Clauses":4016,"LEARNT_Lit/Cl":24,"Progress":0.001}
{"Event":"LearnMore","Time":0.524,"AdjustCount":3844,"Restarts":31,"Conflicts":7486,"Decisions":14843,"Propagations":2490344,"Vars":2500,"Clauses":7401,"Literals":17450,"LEARNT_Limit":5817,"LEARNT_Clauses":5078,"LEARNT_Lit/Cl":28,"Progress":0.001}
{"Event":"Restart","Time":0.566,"AdjustCount":3305,"Restarts":32,"Conflicts":8025,"Decisions":15821,"Propagations":2657841,"Vars":2500,"Clauses":7401,"Literals":17450,"LEARNT_Limit":5817,"LEARNT_Clauses":5617,"LEARNT_Lit/Cl":29,"Progress":0.000}
{"Event":"Restart","Time":0.575,"AdjustCount":3205,"Restarts":33,"Conflicts":8125,"Decisions":16027,"Propagations":2691512,"Vars":2500,"Clauses":7401,"Literals":17450,"LEARNT_Limit":5817,"LEARNT_Clauses":5717,"LEARNT_Lit/Cl":29,"Progress":0.000}
{"Event":"Restart","Time":0.581,"AdjustCount":3105,"Restarts":34,"Conflicts":8225,"Decisions":16220,"Propagations":2720361,"Vars":2500,"Clauses":7401,"Literals":17450,"LEARNT_Limit":5817,"LEARNT_Clauses":5817,"LEARNT_Lit/Cl":28,"Progress":0.000}
{"Event":"Restart","Time":0.599,"AdjustCount":2905,"Restarts":35,"Conflicts":8425,"Decisions":16538,"Propagations":2789604,"Vars":2500,"Clauses":7401,"Literals":17450,"LEARNT_Limit":5817,"LEARNT_Clauses":3011,"LEARNT_Lit/Cl":23,"Progress":0.000}
{"Event":"Restart","Time":0.607,"AdjustCount":2805,"Restarts":36,"Conflicts":8525,"Decisions":16715,"Propagations":2829478,"Vars":2500,"Clauses":7401,"Literals":17450,"LEARNT_Limit":5817,"LEARNT_Clauses":3111,"LEARNT_Lit/Cl":23,"Progress":0.000}
{"Event":"Restart","Time":0.614,"AdjustCount":2705,"Restarts":37,"Conflicts":8625,"Decisions":16883,"Propagations":2866520,"Vars":2500,"Clauses":7401,"Literals":17450,"LEARNT_Limit":5817,"LEARNT_Clauses":3211,"LEARNT_Lit/Cl":23,"Progress":0.000}
{"Event":"Restart","Time":0.630,"AdjustCount":2505,"Restarts":38,"Conflicts":8825,"Decisions":17203,"Propagations":2950805,"Vars":2500,"Clauses":7401,"Literals":17450,"LEARNT_Limit":5817,"LEARNT_Clauses":3411,"LEARNT_Lit/Cl":23,"Progress":0.001}
{"Event":"Restart","Time":0.656,"AdjustCount":2105,"Restarts":39,"Conflicts":9225,"Decisions":18148,"Propagations":3058013,"Vars":2500,"Clauses":7401,"Literals":17450,"LEARNT_Limit":5817,"LEARNT_Clauses":3811,"LEARNT_Lit/Cl":24,"Progress":0.000}
{"Event":"Restart","Time":0.663,"AdjustCount":2004,"Restarts":40,"Conflicts":9326,"Decisions":18319,"Propagations":3105823,"Vars":2500,"Clauses":7401,"Literals":17450,"LEARNT_Limit":5817,"LEARNT_Clauses":3912,"LEARNT_Lit/Cl":24,"Progress":0.000}
{"Event":"Restart","Time":0.669,"AdjustCount":1904,"Restarts":41,"Conflicts":9426,"Decisions":18480,"Propagations":3140816,"Vars":2500,"Clauses":7401,"Literals":17450,"LEARNT_Limit":5817,"LEARNT_Clauses":4012,"LEARNT_Lit/Cl":23,"Progress":0.000}
{"Event":"Restart","Time":0.683,"AdjustCount":1703,"Restarts":42,"Conflicts":9627,"Decisions":19022,"Propagations":3191618,"Vars":2500,"Clauses":7401,"Literals":17450,"LEARNT_Limit":5817,"LEARNT_Clauses":4213,"LEARNT_Lit/Cl":24,"Progress":0.000}
{"Event":"Restart","Time":0.691,"AdjustCount":1602,"Restarts":43,"Conflicts":9728,"Decisions":19190,"Propagations":3231178,"Vars":2500,"Clauses":7401,"Literals":17450,"LEARNT_Limit":5817,"LEARNT_Clauses":4314,"LEARNT_Lit/Cl":24,"Progress":0.000}
{"Event":"Restart","Time":0.700,"AdjustCount":1501,"Restarts":44,"Conflicts":9829,"Decisions":19393,"Propagations":3277884,"Vars":2500,"Clauses":7401,"Literals":17450,"LEARNT_Limit":5817,"LEARNT_Clauses":4415,"LEARNT_Lit/Cl":24,"Progress":0.000}
{"Event":"Restart","Time":0.715,"AdjustCount":1300,"Restarts":45,"Conflicts":10030,"Decisions":19840,"Propagations":3339452,"Vars":2500,"Clauses":7401,"Literals":17450,"LEARNT_Limit":5817,"LEARNT_Clauses":4616,"LEARNT_Lit/Cl":25,"Progress":0.000}
{"Event":"Restart","Time":0.747,"AdjustCount":900,"Restarts":46,"Conflicts":10430,"Decisions":20593,"Propagations":3461385,"Vars":2500,"Clauses":7401,"Literals":17450,"LEARNT_Limit":5817,"LEARNT_Clauses":5016,"LEARNT_Lit/Cl":26,"Progress":0.000}
{"Event":"Restart","Time":0.809,"AdjustCount":100,"Restarts":47,"Conflicts":11230,"Decisions":22093,"Propagations":3688854,"Vars":2500,"Clauses":7401,"Literals":17450,"LEARNT_Limit":5817,"LEARNT_Clauses":5816,"LEARNT_Lit/Cl":27,"Progress":0.000}
{"Event":"LearnMore","Time":0.821,"AdjustCount":5766,"Restarts":48,"Conflicts":11330,"Decisions":22351,"Propagations":3720601,"Vars":2500,"Clauses":7401,"Literals":17450,"LEARNT_Limit":6398,"LEARNT_Clauses":2959,"LEARNT_Lit/Cl":23,"Progress":0.000}
{"Event":"Restart","Time":0.821,"AdjustCount":5766,"Restarts":48,"Conflicts":11330,"Decisions":22351,"Propagations":3720601,"Vars":2500,"Clauses":7401,"Literals":17450,"LEARNT_Limit":6398,"LEARNT_Clauses":2959,"LEARNT_Lit/Cl":23,"Progress":0.000}
{"Event":"Restart","Time":0.828,"AdjustCount":5663,"Restarts":49,"Conflicts":11433,"Decisions":22500,"Propagations":3759984,"Vars":2500,"Clauses":7401,"Literals":17450,"LEARNT_Limit":6398,"LEARNT_Clauses":3062,"LEARNT_Lit/Cl":23,"Progress":0.001}
{"Event":"Restart","Time":0.843,"AdjustCount":5462,"Restarts":50,"Conflicts":11634,"Decisions":22867,"Propagations":3834656,"Vars":2500,"Clauses":7401,"Literals":17450,"LEARNT_Limit":6398,"LEARNT_Clauses":3263,"LEARNT_Lit/Cl":23,"Progress":0.000}
{"Event":"Restart","Time":0.851,"AdjustCount":5362,"Restarts":51,"Conflicts":11734,"Decisions":23157,"Propagations":3871800,"Vars":2500,"Clauses":7401,"Literals":17450,"LEARNT_Limit":6398,"LEARNT_Clauses":3363,"LEARNT_Lit/Cl":23,"Progress":0.001}
{"Event":"Restart","Time":0.858,"AdjustCount":5262,"Restarts":52,"Conflicts":11834,"Decisions":23318,"Propagations":3912639,"Vars":2500,"Clauses":7401,"Literals":17450,"LEARNT_Limit":6398,"LEARNT_Clauses":3463,"LEARNT_Lit/Cl":23,"Progress":0.001}
{"Event":"Restart","Time":0.873,"AdjustCount":5061,"Restarts":53,"Conflicts":12035,"Decisions":23674,"Propagations":3994732,"Vars":2500,"Clauses":7401,"Literals":17450,"LEARNT_Limit":6398,"LEARNT_Clauses":3664,"LEARNT_Lit/Cl":23,"Progress":0.000}
{"Event":"Restart","Time":0.909,"AdjustCount":4661,"Restarts":54,"Conflicts":12435,"Decisions":24251,"Propagations":4185825,"Vars":2500,"Clauses":7401,"Literals":17450,"LEARNT_Limit":6398,"LEARNT_Clauses":4064,"LEARNT_Lit/Cl":23,"Progress":0.000}
{"Event":"Restart","Time":0.912,"AdjustCount":4560,"Restarts":55,"Conflicts":12536,"Decisions":24424,"Propagations":4221438,"Vars":2500,"Clauses":7401,"Literals":17450,"LEARNT_Limit":6398,"LEARNT_Clauses":4165,"LEARNT_Lit/Cl":23,"Progress":0.000}
{"Event":"Restart","Time":0.921,"AdjustCount":4459,"Restarts":56,"Conflicts":12637,"Decisions":24579,"Propagations":4265981,"Vars":2500,"Clauses":7401,"Literals":17450,"LEARNT_Limit":6398,"LEARNT_Clauses":4266,"LEARNT_Lit/Cl":23,"Progress":0.000}
{"Event":"Restart","Time":0.938,"AdjustCount":4259,"Restarts":57,"Conflicts":12837,"Decisions":24876,"Propagations":4349220,"Vars":2500,"Clauses":7401,"Literals":17450,"LEARNT_Limit":6398,"LEARNT_Clauses":4466,"LEARNT_Lit/Cl":23,"Progress":0.000}
{"Event":"Restart","Time":0.946,"AdjustCount":4157,"Restarts":58,"Conflicts":12939,"Decisions":25003,"Propagations":4391048,"Vars":2500,"Clauses":7401,"Literals":17450,"LEARNT_Limit":6398,"LEARNT_Clauses":4568,"LEARNT_Lit/Cl":23,"Progress":0.000}
{"Event":"Restart","Time":0.955,"AdjustCount":4050,"Restarts":59,"Conflicts":13046,"Decisions":25171,"Propagations":4430117,"Vars":2500,"Clauses":7401,"Literals":17450,"LEARNT_Limit":6398,"LEARNT_Clauses":4675,"LEARNT_Lit/Cl":23,"Progress":0.000}
{"Event":"Restart","Time":0.973,"AdjustCount":3850,"Restarts":60,"Conflicts":13246,"Decisions":25470,"Propagations":4517214,"Vars":2500,"Clauses":7401,"Literals":17450,"LEARNT_Limit":6398,"LEARNT_Clauses":4875,"LEARNT_Lit/Cl":22,"Progress":0.005}
{"Event":"Restart","Time":1.001,"AdjustCount":3449,"Restarts":61,"Conflicts":13647,"Decisions":26186,"Propagations":4630403,"Vars":2500,"Clauses":7401,"Literals":17450,"LEARNT_Limit":6398,"LEARNT_Clauses":5276,"LEARNT_Lit/Cl":23,"Progress":0.000}
{"Event":"Restart","Time":1.069,"AdjustCount":2649,"Restarts":62,"Conflicts":14447,"Decisions":28153,"Propagations":4884983,"Vars":2500,"Clauses":7401,"Literals":17450,"LEARNT_Limit":6398,"LEARNT_Clauses":6076,"LEARNT_Lit/Cl":26,"Progress":0.000}
{"Event":"Restart","Time":1.210,"AdjustCount":1048,"Restarts":63,"Conflicts":16048,"Decisions":31057,"Propagations":5357698,"Vars":2500,"Clauses":7401,"Literals":17450,"LEARNT_Limit":6398,"LEARNT_Clauses":4096,"LEARNT_Lit/Cl":30,"Progress":0.001}
{"Event":"LearnMore","Time":1.296,"AdjustCount":8649,"Restarts":63,"Conflicts":17096,"Decisions":32755,"Propagations":5706320,"Vars":2500,"Clauses":7401,"Literals":17450,"LEARNT_Limit":7038,"LEARNT_Clauses":5144,"LEARNT_Lit/Cl":32,"Progress":0.001}
{"Event":"Restart","Time":1.518,"AdjustCount":6496,"Restarts":64,"Conflicts":19249,"Decisions":36479,"Propagations":6509209,"Vars":2500,"Clauses":7401,"Literals":17450,"LEARNT_Limit":7038,"LEARNT_Clauses":3649,"LEARNT_Lit/Cl":26,"Progress":0.000}
{"Event":"Restart","Time":1.528,"AdjustCount":6395,"Restarts":65,"Conflicts":19350,"Decisions":36718,"Propagations":6551316,"Vars":2500,"Clauses":7401,"Literals":17450,"LEARNT_Limit":7038,"LEARNT_Clauses":3750,"LEARNT_Lit/Cl":26,"Progress":0.000}
{"Event":"Restart","Time":1.537,"AdjustCount":6290,"Restarts":66,"Conflicts":19455,"Decisions":36934,"Propagations":6597614,"Vars":2500,"Clauses":7401,"Literals":17450,"LEARNT_Limit":7038,"LEARNT_Clauses":3855,"LEARNT_Lit/Cl":26,"Progress":0.000}
{"Event":"Restart","Time":1.553,"AdjustCount":6089,"Restarts":67,"Conflicts":19656,"Decisions":37250,"Propagations":6689754,"Vars":2500,"Clauses":7401,"Literals":17450,"LEARNT_Limit":7038,"LEARNT_Clauses":4056,"LEARNT_Lit/Cl":25,"Progress":0.000}
{"Event":"Restart","Time":1.560,"AdjustCount":5989,"Restarts":68,"Conflicts":19756,"Decisions":37421,"Propagations":6727766,"Vars":2500,"Clauses":7401,"Literals":17450,"LEARNT_Limit":7038,"LEARNT_Clauses":4156,"LEARNT_Lit/Cl":25,"Progress":0.000}
{"Event":"Restart","Time":1.568,"AdjustCount":5888,"Restarts":69,"Conflicts":19857,"Decisions":37557,"Propagations":6775417,"Vars":2500,"Clauses":7401,"Literals":17450,"LEARNT_Limit":7038,"LEARNT_Clauses":4257,"LEARNT_Lit/Cl":25,"Progress":0.000}
{"Event":"Restart","Time":1.588,"AdjustCount":5687,"Restarts":70,"Conflicts":20058,"Decisions":37839,"Propagations":6881095,"Vars":2500,"Clauses":7401,"Literals":17450,"LEARNT_Limit":7038,"LEARNT_Clauses":4458,"LEARNT_Lit/Cl":24,"Progress":0.000}
{"Event":"Restart","Time":1.621,"AdjustCount":5287,"Restarts":71,"Conflicts":20458,"Decisions":38459,"Propagations":7031581,"Vars":2500,"Clauses":7401,"Literals":17450,"LEARNT_Limit":7038,"LEARNT_Clauses":4858,"LEARNT_Lit/Cl":25,"Progress":0.000}
{"Event":"Restart","Time":1.630,"AdjustCount":5187,"Restarts":72,"Conflicts":20558,"Decisions":38703,"Propagations":7064658,"Vars":2500,"Clauses":7401,"Literals":17450,"LEARNT_Limit":7038,"LEARNT_Clauses":4958,"LEARNT_Lit/Cl":25,"Progress":0.000}
{"Event":"Restart","Time":1.639,"AdjustCount":5086,"Restarts":73,"Conflicts":20659,"Decisions":38890,"Propagations":7115126,"Vars":2500,"Clauses":7401,"Literals":17450,"LEARNT_Limit":7038,"LEARNT_Clauses":5059,"LEARNT_Lit/Cl":25,"Progress":0.000}
{"Event":"Restart","Time":1.656,"AdjustCount":4884,"Restarts":74,"Conflicts":20861,"Decisions":39250,"Propagations":7189831,"Vars":2500,"Clauses":7401,"Literals":17450,"LEARNT_Limit":7038,"LEARNT_Clauses":5261,"LEARNT_Lit/Cl":25,"Progress":0.001}
{"Event":"Restart","Time":1.663,"AdjustCount":4784,"Restarts":75,"Conflicts":20961,"Decisions":39448,"Propagations":7228576,"Vars":2500,"Clauses":7401,"Literals":17450,"LEARNT_Limit":7038,"LEARNT_Clauses":5361,"LEARNT_Lit/Cl":25,"Progress":0.000}
{"Event":"Restart","Time":1.672,"AdjustCount":4682,"Restarts":76,"Conflicts":21063,"Decisions":39646,"Propagations":7272161,"Vars":2500,"Clauses":7401,"Literals":17450,"LEARNT_Limit":7038,"LEARNT_Clauses":5463,"LEARNT_Lit/Cl":25,"Progress":0.000}
{"Event":"Restart","Time":1.691,"AdjustCount":4480,"Restarts":77,"Conflicts":21265,"Decisions":39961,"Propagations":7367422,"Vars":2500,"Clauses":7401,"Literals":17450,"LEARNT_Limit":7038,"LEARNT_Clauses":5665,"LEARNT_Lit/Cl":24,"Progress":0.001}
{"Event":"Restart","Time":1.730,"AdjustCount":4079,"Restarts":78,"Conflicts":21666,"Decisions":40803,"Propagations":7508145,"Vars":2500,"Clauses":7401,"Literals":17450,"LEARNT_Limit":7038,"LEARNT_Clauses":6066,"LEARNT_Lit/Cl":25,"Progress":0.001}
{"Event":"Restart","Time":1.810,"AdjustCount":3277,"Restarts":79,"Conflicts":22468,"Decisions":42182,"Propagations":7824271,"Vars":2500,"Clauses":7401,"Literals":17450,"LEARNT_Limit":7038,"LEARNT_Clauses":6868,"LEARNT_Lit/Cl":26,"Progress":0.000}
{"Event":"Restart","Time":1.820,"AdjustCount":3177,"Restarts":80,"Conflicts":22568,"Decisions":42414,"Propagations":7863375,"Vars":2500,"Clauses":7401,"Literals":17450,"LEARNT_Limit":7038,"LEARNT_Clauses":6968,"LEARNT_Lit/Cl":26,"Progress":0.000}
{"Event":"Restart","Time":1.832,"AdjustCount":3073,"Restarts":81,"Conflicts":22672,"Decisions":42692,"Propagations":7893854,"Vars":2500,"Clauses":7401,"Literals":17450,"LEARNT_Limit":7038,"LEARNT_Clauses":3537,"LEARNT_Lit/Cl":19,"Progress":0.000}
{"Event":"Restart","Time":1.847,"AdjustCount":2872,"Restarts":82,"Conflicts":22873,"Decisions":43075,"Propagations":7953703,"Vars":2500,"Clauses":7401,"Literals":17450,"LEARNT_Limit":7038,"LEARNT_Clauses":3738,"LEARNT_Lit/Cl":20,"Progress":0.000}
{"Event":"Restart","Time":1.855,"AdjustCount":2769,"Restarts":83,"Conflicts":22976,"Decisions":43256,"Propagations":7997934,"Vars":2500,"Clauses":7401,"Literals":17450,"LEARNT_Limit":7038,"LEARNT_Clauses":3841,"LEARNT_Lit/Cl":20,"Progress":0.000}
{"Event":"Restart","Time":1.863,"AdjustCount":2669,"Restarts":84,"Conflicts":23076,"Decisions":43468,"Propagations":8023253,"Vars":2500,"Clauses":7401,"Literals":17450,"LEARNT_Limit":7038,"LEARNT_Clauses":3941,"LEARNT_Lit/Cl":21,"Progress":0.000}
{"Event":"Restart","Time":1.877,"AdjustCount":2468,"Restarts":85,"Conflicts":23277,"Decisions":43827,"Propagations":8087525,"Vars":2500,"Clauses":7401,"Literals":17450,"LEARNT_Limit":7038,"LEARNT_Clauses":4142,"LEARNT_Lit/Cl":22,"Progress":0.001}
{"Event":"Restart","Time":1.907,"AdjustCount":2067,"Restarts":86,"Conflicts":23678,"Decisions":44663,"Propagations":8188072,"Vars":2500,"Clauses":7401,"Literals":17450,"LEARNT_Limit":7038,"LEARNT_Clauses":4543,"LEARNT_Lit/Cl":23,"Progress":0.001}
{"Event":"Restart","Time":1.916,"AdjustCount":1964,"Restarts":87,"Conflicts":23781,"Decisions":44912,"Propagations":8219471,"Vars":2500,"Clauses":7401,"Literals":17450,"LEARNT_Limit":7038,"LEARNT_Clauses":4646,"LEARNT_Lit/Cl":23,"Progress":0.000}
{"Event":"Restart","Time":1.922,"AdjustCount":1864,"Restarts":88,"Conflicts":23881,"Decisions":45129,"Propagations":8242532,"Vars":2500,"Clauses":7401,"Literals":17450,"LEARNT_Limit":7038,"LEARNT_Clauses":4746,"LEARNT_Lit/Cl":24,"Progress":0.001}
{"Event":"Restart","Time":1.938,"AdjustCount":1663,"Restarts":89,"Conflicts":24082,"Decisions":45474,"Propagations":8307272,"Vars":2500,"Clauses":7401,"Literals":17450,"LEARNT_Limit":7038,"LEARNT_Clauses":4947,"LEARNT_Lit/Cl":24,"Progress":0.000}
{"Event":"Restart","Time":1.947,"AdjustCount":1562,"Restarts":90,"Conflicts":24183,"Decisions":45680,"Propagations":8342363,"Vars":2500,"Clauses":7401,"Literals":17450,"LEARNT_Limit":7038,"LEARNT_Clauses":5048,"LEARNT_Lit/Cl":24,"Progress":0.000}
{"Event":"Restart","Time":1.956,"AdjustCount":1462,"Restarts":91,"Conflicts":24283,"Decisions":45853,"Propagations":8383870,"Vars":2500,"Clauses":7401,"Literals":17450,"LEARNT_Limit":7038,"LEARNT_Clauses":5148,"LEARNT_Lit/Cl":24,"Progress":0.001}
{"Event":"Restart","Time":1.974,"AdjustCount":1261,"Restarts":92,"Conflicts":24484,"Decisions":46182,"Propagations":8465197,"Vars":2500,"Clauses":7401,"Literals":17450,"LEARNT_Limit":7038,"LEARNT_Clauses":5349,"LEARNT_Lit/Cl":24,"Progress":0.001}
{"Event":"Restart","Time":2.013,"AdjustCount":859,"Restarts":93,"Conflicts":24886,"Decisions":46905,"Propagations":8626394,"Vars":2500,"Clauses":7401,"Literals":17450,"LEARNT_Limit":7038,"LEARNT_Clauses":5751,"LEARNT_Lit/Cl":24,"Progress":0.000}
{"Event":"Restart","Time":2.079,"AdjustCount":58,"Restarts":94,"Conflicts":25687,"Decisions":48284,"Propagations":8890817,"Vars":2500,"Clauses":7401,"Literals":17450,"LEARNT_Limit":7038,"LEARNT_Clauses":6552,"LEARNT_Lit/Cl":26,"Progress":0.000}
{"Event":"LearnMore","Time":2.085,"AdjustCount":12974,"Restarts":94,"Conflicts":25745,"Decisions":48372,"Propagations":8913124,"Vars":2500,"Clauses":7401,"Literals":17450,"LEARNT_Limit":7742,"LEARNT_Clauses":6610,"LEARNT_Lit/Cl":26,"Progress":0.000}
{"Event":"Restart","Time":2.228,"AdjustCount":11432,"Restarts":95,"Conflicts":27287,"Decisions":50691,"Propagations":9523781,"Vars":2500,"Clauses":7401,"Literals":17450,"LEARNT_Limit":7742,"LEARNT_Clauses":4200,"LEARNT_Lit/Cl":18,"Progress":0.000}
{"Event":"Restart","Time":2.235,"AdjustCount":11332,"Restarts":96,"Conflicts":27387,"Decisions":50931,"Propagations":9553667,"Vars":2500,"Clauses":7401,"Literals":17450,"LEARNT_Limit":7742,"LEARNT_Clauses":4300,"LEARNT_Lit/Cl":18,"Progress":0.000}
{"Event":"Restart","Time":2.242,"AdjustCount":11231,"Restarts":97,"Conflicts":27488,"Decisions":51110,"Propagations":9586851,"Vars":2500,"Clauses":7401,"Literals":17450,"LEARNT_Limit":7742,"LEARNT_Clauses":4401,"LEARNT_Lit/Cl":19,"Progress":0.000}
{"Event":"Restart","Time":2.256,"AdjustCount":11031,"Restarts":98,"Conflicts":27688,"Decisions":51525,"Propagations":9647006,"Vars":2500,"Clauses":7401,"Literals":17450,"LEARNT_Limit":7742,"LEARNT_Clauses":4601,"LEARNT_Lit/Cl":19,"Progress":0.000}
{"Event":"Restart","Time":2.261,"AdjustCount":10929,"Restarts":99,"Conflicts":27790,"Decisions":51699,"Propagations":9688732,"Vars":2500,"Clauses":7401,"Literals":17450,"LEARNT_Limit":7742,"LEARNT_Clauses":4703,"LEARNT_Lit/Cl":19,"Progress":0.000}
{"Event":"Restart","Time":2.269,"AdjustCount":10829,"Restarts":100,"Conflicts":27890,"Decisions":51856,"Propagations":9730481,"Vars":2500,"Clauses":7401,"Literals":17450,"LEARNT_Limit":7742,"LEARNT_Clauses":4803,"LEARNT_Lit/Cl":19,"Progress":0.001}
{"Event":"Restart","Time":2.286,"AdjustCount":10629,"Restarts":101,"Conflicts":28090,"Decisions":52232,"Propagations":9812580,"Vars":2500,"Clauses":7401,"Literals":17450,"LEARNT_Limit":7742,"LEARNT_Clauses":5003,"LEARNT_Lit/Cl":20,"Progress":0.000}
{"Event":"Restart","Time":2.315,"AdjustCount":10229,"Restarts":102,"Conflicts":28490,"Decisions":53055,"Propagations":9932262,"Vars":2500,"Clauses":7401,"Literals":17450,"LEARNT_Limit":7742,"LEARNT_Clauses":5403,"LEARNT_Lit/Cl":21,"Progress":0.000}
{"Event":"Restart","Time":2.325,"AdjustCount":10129,"Restarts":103,"Conflicts":28590,"Decisions":53248,"Propagations":9967077,"Vars":2500,"Clauses":7401,"Literals":17450,"LEARNT_Limit":7742,"LEARNT_Clauses":5503,"LEARNT_Lit/Cl":21,"Progress":0.000}
{"Event":"Restart","Time":2.333,"AdjustCount":10028,"Restarts":104,"Conflicts":28691,"Decisions":53467,"Propagations":9995699,"Vars":2500,"Clauses":7401,"Literals":17450,"LEARNT_Limit":7742,"LEARNT_Clauses":5604,"LEARNT_Lit/Cl":21,"Progress":0.000}
{"Event":"Restart","Time":2.346,"AdjustCount":9828,"Restarts":105,"Conflicts":28891,"Decisions":53861,"Propagations":10068927,"Vars":2500,"Clauses":7401,"Literals":17450,"LEARNT_Limit":7742,"LEARNT_Clauses":5804,"LEARNT_Lit/Cl":21,"Progress":0.000}
{"Event":"Restart","Time":2.354,"AdjustCount":9727,"Restarts":106,"Conflicts":28992,"Decisions":54038,"Propagations":10104400,"Vars":2500,"Clauses":7401,"Literals":17450,"LEARNT_Limit":7742,"LEARNT_Clauses":5905,"LEARNT_Lit/Cl":21,"Progress":0.000}
{"Event":"Restart","Time":2.362,"AdjustCount":9624,"Restarts":107,"Conflicts":29095,"Decisions":54241,"Propagations":10146972,"Vars":2500,"Clauses":7401,"Literals":17450,"LEARNT_Limit":7742,"LEARNT_Clauses":6008,"LEARNT_Lit/Cl":21,"Progress":0.000}
{"Event":"Restart","Time":2.380,"AdjustCount":9424,"Restarts":108,"Conflicts":29295,"Decisions":54722,"Propagations":10209510,"Vars":2500,"Clauses":7401,"Literals":17450,"LEARNT_Limit":7742,"LEARNT_Clauses":6208,"LEARNT_Lit/Cl":22,"Progress":0.000}
{"Event":"Restart","Time":2.410,"AdjustCount":9023,"Restarts":109,"Conflicts":29696,"Decisions":55517,"Propagations":10339414,"Vars":2500,"Clauses":7401,"Literals":17450,"LEARNT_Limit":7742,"LEARNT_Clauses":6609,"LEARNT_Lit/Cl":22,"Progress":0.001}
{"Event":"Restart","Time":2.485,"AdjustCount":8223,"Restarts":110,"Conflicts":30496,"Decisions":56785,"Propagations":10668253,"Vars":2500,"Clauses":7401,"Literals":17450,"LEARNT_Limit":7742,"LEARNT_Clauses":7409,"LEARNT_Lit/Cl":23,"Progress":0.001}
{"Event":"Restart","Time":2.494,"AdjustCount":8122,"Restarts":111,"Conflicts":30597,"Decisions":56944,"Propagations":10713368,"Vars":2500,"Clauses":7401,"Literals":17450,"LEARNT_Limit":7742,"LEARNT_Clauses":7510,"LEARNT_Lit/Cl":23,"Progress":0.001}
{"Event":"Restart","Time":2.502,"AdjustCount":8022,"Restarts":112,"Conflicts":30697,"Decisions":57169,"Propagations":10741665,"Vars":2500,"Clauses":7401,"Literals":17450,"LEARNT_Limit":7742,"LEARNT_Clauses":7610,"LEARNT_Lit/Cl":23,"Progress":0.000}
{"Event":"Restart","Time":2.522,"AdjustCount":7822,"Restarts":113,"Conflicts":30897,"Decisions":57493,"Propagations":10797170,"Vars":2500,"Clauses":7401,"Literals":17450,"LEARNT_Limit":7742,"LEARNT_Clauses":3906,"LEARNT_Lit/Cl":18,"Progress":0.000}
{"Event":"Restart","Time":2.531,"AdjustCount":7722,"Restarts":114,"Conflicts":30997,"Decisions":57665,"Propagations":10830520,"Vars":2500,"Clauses":7401,"Literals":17450,"LEARNT_Limit":7742,"LEARNT_Clauses":4006,"LEARNT_Lit/Cl":18,"Progress":0.000}
{"Event":"Restart","Time":2.539,"AdjustCount":7618,"Restarts":115,"Conflicts":31101,"Decisions":57873,"Propagations":10870689,"Vars":2500,"Clauses":7401,"Literals":17450,"LEARNT_Limit":7742,"LEARNT_Clauses":4110,"LEARNT_Lit/Cl":19,"Progress":0.001}
{"Event":"Restart","Time":2.555,"AdjustCount":7417,"Restarts":116,"Conflicts":31302,"Decisions":58329,"Propagations":10933325,"Vars":2500,"Clauses":7401,"Literals":17450,"LEARNT_Limit":7742,"LEARNT_Clauses":4311,"LEARNT_Lit/Cl":19,"Progress":0.000}
{"Event":"Restart","Time":2.593,"AdjustCount":7017,"Restarts":117,"Conflicts":31702,"Decisions":59070,"Propagations":11093715,"Vars":2500,"Clauses":7401,"Literals":17450,"LEARNT_Limit":7742,"LEARNT_Clauses":4711,"LEARNT_Lit/Cl":20,"Progress":0.000}
{"Event":"Restart","Time":2.602,"AdjustCount":6917,"Restarts":118,"Conflicts":31802,"Decisions":59246,"Propagations":11128493,"Vars":2500,"Clauses":7401,"Literals":17450,"LEARNT_Limit":7742,"LEARNT_Clauses":4811,"LEARNT_Lit/Cl":20,"Progress":0.000}
{"Event":"Restart","Time":2.613,"AdjustCount":6817,"Restarts":119,"Conflicts":31902,"Decisions":59434,"Propagations":11171051,"Vars":2500,"Clauses":7401,"Literals":17450,"LEARNT_Limit":7742,"LEARNT_Clauses":4911,"LEARNT_Lit/Cl":20,"Progress":0.000}
{"Event":"Restart","Time":2.631,"AdjustCount":6617,"Restarts":120,"Conflicts":32102,"Decisions":59856,"Propagations":11239825,"Vars":2500,"Clauses":7401,"Literals":17450,"LEARNT_Limit":7742,"LEARNT_Clauses":5111,"LEARNT_Lit/Cl":21,"Progress":0.000}
{"Event":"Restart","Time":2.640,"AdjustCount":6517,"Restarts":121,"Conflicts":32202,"Decisions":60059,"Propagations":11279306,"Vars":2500,"Clauses":7401,"Literals":17450,"LEARNT_Limit":7742,"LEARNT_Clauses":5211,"LEARNT_Lit/Cl":21,"Progress":0.001}
{"Event":"Restart","Time":2.651,"AdjustCount":6415,"Restarts":122,"Conflicts":32304,"Decisions":60257,"Propagations":11322203,"Vars":2500,"Clauses":7401,"Literals":17450,"LEARNT_Limit":7742,"LEARNT_Clauses":5313,"LEARNT_Lit/Cl":21,"Progress":0.000}
{"Event":"Restart","Time":2.671,"AdjustCount":6215,"Restarts":123,"Conflicts":32504,"Decisions":60534,"Propagations":11428318,"Vars":2500,"Clauses":7401,"Literals":17450,"LEARNT_Limit":7742,"LEARNT_Clauses":5513,"LEARNT_Lit/Cl":21,"Progress":0.000}
{"Event":"Restart","Time":2.702,"AdjustCount":5814,"Restarts":124,"Conflicts":32905,"Decisions":61277,"Propagations":11558307,"Vars":2500,"Clauses":7401,"Literals":17450,"LEARNT_Limit":7742,"LEARNT_Clauses":5914,"LEARNT_Lit/Cl":21,"Progress":0.000}
{"Event":"Restart","Time":2.764,"AdjustCount":5013,"Restarts":125,"Conflicts":33706,"Decisions":62714,"Propagations":11853568,"Vars":2500,"Clauses":7401,"Literals":17450,"LEARNT_Limit":7742,"LEARNT_Clauses":6715,"LEARNT_Lit/Cl":22,"Progress":0.000}
{"Event":"Restart","Time":2.912,"AdjustCount":3413,"Restarts":126,"Conflicts":35306,"Decisions":65550,"Propagations":12395846,"Vars":2500,"Clauses":7401,"Literals":17450,"LEARNT_Limit":7742,"LEARNT_Clauses":4269,"LEARNT_Lit/Cl":20,"Progress":0.000}
{"Event":"Restart","Time":3.207,"AdjustCount":213,"Restarts":127,"Conflicts":38506,"Decisions":71278,"Propagations":13462172,"Vars":2500,"Clauses":7401,"Literals":17450,"LEARNT_Limit":7742,"LEARNT_Clauses":7469,"LEARNT_Lit/Cl":24,"Progress":0.001}
{"Event":"LearnMore","Time":3.222,"AdjustCount":19461,"Restarts":127,"Conflicts":38719,"Decisions":71643,"Propagations":13529587,"Vars":2500,"Clauses":7401,"Literals":17450,"LEARNT_Limit":8516,"LEARNT_Clauses":7682,"LEARNT_Lit/Cl":24,"Progress":0.001}
{"Event":"Restart","Time":3.759,"AdjustCount":13274,"Restarts":128,"Conflicts":44906,"Decisions":82758,"Propagations":15494634,"Vars":2500,"Clauses":7401,"Literals":17450,"LEARNT_Limit":8516,"LEARNT_Clauses":4789,"LEARNT_Lit/Cl":22,"Progress":0.001}
{"Event":"Restart","Time":3.768,"AdjustCount":13174,"Restarts":129,"Conflicts":45006,"Decisions":82976,"Propagations":15522218,"Vars":2500,"Clauses":7401,"Literals":17450,"LEARNT_Limit":8516,"LEARNT_Clauses":4889,"LEARNT_Lit/Cl":22,"Progress":0.001}
{"Event":"Restart","Time":3.776,"AdjustCount":13073,"Restarts":130,"Conflicts":45107,"Decisions":83142,"Propagations":15567679,"Vars":2500,"Clauses":7401,"Literals":17450,"LEARNT_Limit":8516,"LEARNT_Clauses":4990,"LEARNT_Lit/Cl":22,"Progress":0.001}
{"Event":"Restart","Time":3.791,"AdjustCount":12873,"Restarts":131,"Conflicts":45307,"Decisions":83531,"Propagations":15623302,"Vars":2500,"Clauses":7401,"Literals":17450,"LEARNT_Limit":8516,"LEARNT_Clauses":5190,"LEARNT_Lit/Cl":23,"Progress":0.001}
{"Event":"Restart","Time":3.801,"AdjustCount":12773,"Restarts":132,"Conflicts":45407,"Decisions":83735,"Propagations":15656805,"Vars":2500,"Clauses":7401,"Literals":17450,"LEARNT_Limit":8516,"LEARNT_Clauses":5290,"LEARNT_Lit/Cl":23,"Progress":0.001}
{"Event":"Restart","Time":3.809,"AdjustCount":12673,"Restarts":133,"Conflicts":45507,"Decisions":84019,"Propagations":15682427,"Vars":2500,"Clauses":7401,"Literals":17450,"LEARNT_Limit":8516,"LEARNT_Clauses":5390,"LEARNT_Lit/Cl":23,"Progress":0.001}
{"Event":"Restart","Time":3.827,"AdjustCount":12473,"Restarts":134,"Conflicts":45707,"Decisions":84294,"Propagations":15759959,"Vars":2500,"Clauses":7401,"Literals":17450,"LEARNT_Limit":8516,"LEARNT_Clauses":5590,"LEARNT_Lit/Cl":23,"Progress":0.001}
{"Event":"Restart","Time":3.863,"AdjustCount":12072,"Restarts":135,"Conflicts":46108,"Decisions":84974,"Propagations":15881759,"Vars":2500,"Clauses":7401,"Literals":17450,"LEARNT_Limit":8516,"LEARNT_Clauses":5991,"LEARNT_Lit/Cl":23,"Progress":0.001}
{"Event":"Restart","Time":3.874,"AdjustCount":11971,"Restarts":136,"Conflicts":46209,"Decisions":85232,"Propagations":15918879,"Vars":2500,"Clauses":7401,"Literals":17450,"LEARNT_Limit":8516,"LEARNT_Clauses":6092,"LEARNT_Lit/Cl":23,"Progress":0.001}
{"Event":"Restart","Time":3.884,"AdjustCount":11871,"Restarts":137,"Conflicts":46309,"Decisions":85407,"Propagations":15956576,"Vars":2500,"Clauses":7401,"Literals":17450,"LEARNT_Limit":8516,"LEARNT_Clauses":6192,"LEARNT_Lit/Cl":24,"Progress":0.001}
{"Event":"Restart","Time":3.903,"AdjustCount":11671,"Restarts":138,"Conflicts":46509,"Decisions":85759,"Propagations":16017089,"Vars":2500,"Clauses":7401,"Literals":17450,"LEARNT_Limit":8516,"LEARNT_Clauses":6392,"LEARNT_Lit/Cl":24,"Progress":0.001}
{"Event":"Restart","Time":3.914,"AdjustCount":11571,"Restarts":139,"Conflicts":46609,"Decisions":85985,"Propagations":16053629,"Vars":2500,"Clauses":7401,"Literals":17450,"LEARNT_Limit":8516,"LEARNT_Clauses":6492,"LEARNT_Lit/Cl":24,"Progress":0.001}
{"Event":"Restart","Time":3.925,"AdjustCount":11471,"Restarts":140,"Conflicts":46709,"Decisions":86115,"Propagations":16097943,"Vars":2500,"Clauses":7401,"Literals":17450,"LEARNT_Limit":8516,"LEARNT_Clauses":6592,"LEARNT_Lit/Cl":24,"Progress":0.001}
{"Event":"Restart","Time":3.947,"AdjustCount":11269,"Restarts":141,"Conflicts":46911,"Decisions":86433,"Propagations":16166850,"Vars":2500,"Clauses":7401,"Literals":17450,"LEARNT_Limit":8516,"LEARNT_Clauses":6794,"LEARNT_Lit/Cl":24,"Progress":0.001}
{"Event":"Restart","Time":3.989,"AdjustCount":10869,"Restarts":142,"Conflicts":47311,"Decisions":87033,"Propagations":16298696,"Vars":2500,"Clauses":7401,"Literals":17450,"LEARNT_Limit":8516,"LEARNT_Clauses":7194,"LEARNT_Lit/Cl":24,"Progress":0.001}
{"Event":"Restart","Time":4.060,"AdjustCount":10069,"Restarts":143,"Conflicts":48111,"Decisions":88466,"Propagations":16527219,"Vars":2500,"Clauses":7401,"Literals":17450,"LEARNT_Limit":8516,"LEARNT_Clauses":7994,"LEARNT_Lit/Cl":24,"Progress":0.001}
{"Event":"Restart","Time":4.067,"AdjustCount":9968,"Restarts":144,"Conflicts":48212,"Decisions":88665,"Propagations":16550568,"Vars":2500,"Clauses":7401,"Literals":17450,"LEARNT_Limit":8516,"LEARNT_Clauses":8095,"LEARNT_Lit/Cl":24,"Progress":0.001}
{"Event":"Restart","Time":4.078,"AdjustCount":9864,"Restarts":145,"Conflicts":48316,"Decisions":88884,"Propagations":16591348,"Vars":2500,"Clauses":7401,"Literals":17450,"LEARNT_Limit":8516,"LEARNT_Clauses":8199,"LEARNT_Lit/Cl":24,"Progress":0.001}
{"Event":"Restart","Time":4.095,"AdjustCount":9664,"Restarts":146,"Conflicts":48516,"Decisions":89229,"Propagations":16655205,"Vars":2500,"Clauses":7401,"Literals":17450,"LEARNT_Limit":8516,"LEARNT_Clauses":8399,"LEARNT_Lit/Cl":24,"Progress":0.001}
{"Event":"Restart","Time":4.105,"AdjustCount":9562,"Restarts":147,"Conflicts":48618,"Decisions":89410,"Propagations":16690445,"Vars":2500,"Clauses":7401,"Literals":17450,"LEARNT_Limit":8516,"LEARNT_Clauses":8501,"LEARNT_Lit/Cl":24,"Progress":0.001}
{"Event":"Restart","Time":4.117,"AdjustCount":9461,"Restarts":148,"Conflicts":48719,"Decisions":89587,"Propagations":16725782,"Vars":2500,"Clauses":7401,"Literals":17450,"LEARNT_Limit":8516,"LEARNT_Clauses":4302,"LEARNT_Lit/Cl":17,"Progress":0.001}
{"Event":"Restart","Time":4.133,"AdjustCount":9259,"Restarts":149,"Conflicts":48921,"Decisions":89892,"Propagations":16802225,"Vars":2499,"Clauses":7399,"Literals":17444,"LEARNT_Limit":8516,"LEARNT_Clauses":4500,"LEARNT_Lit/Cl":17,"Progress":0.041}
{"Event":"Restart","Time":4.161,"AdjustCount":8858,"Restarts":150,"Conflicts":49322,"Decisions":90656,"Propagations":16950416,"Vars":2499,"Clauses":7399,"Literals":17444,"LEARNT_Limit":8516,"LEARNT_Clauses":4901,"LEARNT_Lit/Cl":17,"Progress":0.041}
{"Event":"Restart","Time":4.171,"AdjustCount":8757,"Restarts":151,"Conflicts":49423,"Decisions":90822,"Propagations":16994264,"Vars":2499,"Clauses":7399,"Literals":17444,"LEARNT_Limit":8516,"LEARNT_Clauses":5002,"LEARNT_Lit/Cl":17,"Progress":0.041}
{"Event":"Restart","Time":4.179,"AdjustCount":8657,"Restarts":152,"Conflicts":49523,"Decisions":91010,"Propagations":17032256,"Vars":2499,"Clauses":7399,"Literals":17444,"LEARNT_Limit":8516,"LEARNT_Clauses":5102,"LEARNT_Lit/Cl":17,"Progress":0.041}
{"Event":"Restart","Time":4.195,"AdjustCount":8457,"Restarts":153,"Conflicts":49723,"Decisions":91435,"Propagations":17092301,"Vars":2499,"Clauses":7399,"Literals":17444,"LEARNT_Limit":8516,"LEARNT_Clauses":5302,"LEARNT_Lit/Cl":18,"Progress":0.041}
{"Event":"Restart","Time":4.201,"AdjustCount":8357,"Restarts":154,"Conflicts":49823,"Decisions":91577,"Propagations":17124255,"Vars":2499,"Clauses":7399,"Literals":17444,"LEARNT_Limit":8516,"LEARNT_Clauses":5402,"LEARNT_Lit/Cl":18,"Progress":0.041}
{"Event":"Restart","Time":4.209,"AdjustCount":8256,"Restarts":155,"Conflicts":49924,"Decisions":91777,"Propagations":17158418,"Vars":2499,"Clauses":7399,"Literals":17444,"LEARNT_Limit":8516,"LEARNT_Clauses":5503,"LEARNT_Lit/Cl":18,"Progress":0.041}
{"Event":"Restart","Time":4.223,"AdjustCount":8055,"Restarts":156,"Conflicts":50125,"Decisions":92152,"Propagations":17225099,"Vars":2499,"Clauses":7399,"Literals":17444,"LEARNT_Limit":8516,"LEARNT_Clauses":5704,"LEARNT_Lit/Cl":18,"Progress":0.041}
{"Event":"Restart","Time":4.256,"AdjustCount":7655,"Restarts":157,"Conflicts":50525,"Decisions":92853,"Propagations":17367743,"Vars":2499,"Clauses":7399,"Literals":17444,"LEARNT_Limit":8516,"LEARNT_Clauses":6104,"LEARNT_Lit/Cl":17,"Progress":0.040}
{"Event":"Restart","Time":4.307,"AdjustCount":6854,"Restarts":158,"Conflicts":51326,"Decisions":94475,"Propagations":17586195,"Vars":2499,"Clauses":7399,"Literals":17444,"LEARNT_Limit":8516,"LEARNT_Clauses":6905,"LEARNT_Lit/Cl":19,"Progress":0.041}
{"Event":"Restart","Time":4.446,"AdjustCount":5254,"Restarts":159,"Conflicts":52926,"Decisions":97597,"Propagations":18130760,"Vars":2499,"Clauses":7399,"Literals":17444,"LEARNT_Limit":8516,"LEARNT_Clauses":8505,"LEARNT_Lit/Cl":21,"Progress":0.044}
{"Event":"Restart","Time":4.459,"AdjustCount":5154,"Restarts":160,"Conflicts":53026,"Decisions":97859,"Propagations":18166220,"Vars":2499,"Clauses":7399,"Literals":17444,"LEARNT_Limit":8516,"LEARNT_Clauses":4303,"LEARNT_Lit/Cl":19,"Progress":0.044}
{"Event":"Restart","Time":4.468,"AdjustCount":5054,"Restarts":161,"Conflicts":53126,"Decisions":98022,"Propagations":18206211,"Vars":2499,"Clauses":7399,"Literals":17444,"LEARNT_Limit":8516,"LEARNT_Clauses":4403,"LEARNT_Lit/Cl":19,"Progress":0.044}
{"Event":"Restart","Time":4.488,"AdjustCount":4852,"Restarts":162,"Conflicts":53328,"Decisions":98411,"Propagations":18283774,"Vars":2499,"Clauses":7399,"Literals":17444,"LEARNT_Limit":8516,"LEARNT_Clauses":4605,"LEARNT_Lit/Cl":19,"Progress":0.044}
{"Event":"Restart","Time":4.495,"AdjustCount":4752,"Restarts":163,"Conflicts":53428,"Decisions":98636,"Propagations":18313043,"Vars":2499,"Clauses":7399,"Literals":17444,"LEARNT_Limit":8516,"LEARNT_Clauses":4705,"LEARNT_Lit/Cl":19,"Progress":0.044}
{"Event":"Restart","Time":4.503,"AdjustCount":4651,"Restarts":164,"Conflicts":53529,"Decisions":98782,"Propagations":18345684,"Vars":2499,"Clauses":7399,"Literals":17444,"LEARNT_Limit":8516,"LEARNT_Clauses":4806,"LEARNT_Lit/Cl":19,"Progress":0.044}
{"Event":"Restart","Time":4.515,"AdjustCount":4450,"Restarts":165,"Conflicts":53730,"Decisions":99174,"Propagations":18389679,"Vars":2499,"Clauses":7399,"Literals":17444,"LEARNT_Limit":8516,"LEARNT_Clauses":5007,"LEARNT_Lit/Cl":19,"Progress":0.044}
{"Event":"Restart","Time":4.542,"AdjustCount":4050,"Restarts":166,"Conflicts":54130,"Decisions":99850,"Propagations":18508302,"Vars":2358,"Clauses":6843,"Literals":16186,"LEARNT_Limit":8516,"LEARNT_Clauses":2265,"LEARNT_Lit/Cl":12,"Progress":5.684}
{"Event":"Restart","Time":4.549,"AdjustCount":3949,"Restarts":167,"Conflicts":54231,"Decisions":100070,"Propagations":18535771,"Vars":2358,"Clauses":6843,"Literals":16186,"LEARNT_Limit":8516,"LEARNT_Clauses":2366,"LEARNT_Lit/Cl":13,"Progress":5.680}
{"Event":"Restart","Time":4.556,"AdjustCount":3849,"Restarts":168,"Conflicts":54331,"Decisions":100289,"Propagations":18569780,"Vars":2358,"Clauses":6843,"Literals":16186,"LEARNT_Limit":8516,"LEARNT_Clauses":2466,"LEARNT_Lit/Cl":14,"Progress":5.680}
{"Event":"Restart","Time":4.570,"AdjustCount":3649,"Restarts":169,"Conflicts":54531,"Decisions":100737,"Propagations":18638057,"Vars":2358,"Clauses":6843,"Literals":16186,"LEARNT_Limit":8516,"LEARNT_Clauses":2666,"LEARNT_Lit/Cl":15,"Progress":5.680}
{"Event":"Restart","Time":4.576,"AdjustCount":3549,"Restarts":170,"Conflicts":54631,"Decisions":100921,"Propagations":18668803,"Vars":2358,"Clauses":6843,"Literals":16186,"LEARNT_Limit":8516,"LEARNT_Clauses":2766,"LEARNT_Lit/Cl":15,"Progress":5.680}
{"Event":"Restart","Time":4.583,"AdjustCount":3449,"Restarts":171,"Conflicts":54731,"Decisions":101093,"Propagations":18695827,"Vars":2358,"Clauses":6843,"Literals":16186,"LEARNT_Limit":8516,"LEARNT_Clauses":2866,"LEARNT_Lit/Cl":16,"Progress":5.680}
{"Event":"Restart","Time":4.599,"AdjustCount":3249,"Restarts":172,"Conflicts":54931,"Decisions":101373,"Propagations":18796682,"Vars":2358,"Clauses":6843,"Literals":16186,"LEARNT_Limit":8516,"LEARNT_Clauses":3066,"LEARNT_Lit/Cl":15,"Progress":5.685}
{"Event":"Restart","Time":4.628,"AdjustCount":2849,"Restarts":173,"Conflicts":55331,"Decisions":102123,"Propagations":18937068,"Vars":2357,"Clauses":6841,"Literals":16180,"LEARNT_Limit":8516,"LEARNT_Clauses":3306,"LEARNT_Lit/Cl":18,"Progress":5.721}
{"Event":"Restart","Time":4.688,"AdjustCount":2048,"Restarts":174,"Conflicts":56132,"Decisions":103666,"Propagations":19240534,"Vars":2357,"Clauses":6841,"Literals":16180,"LEARNT_Limit":8516,"LEARNT_Clauses":4107,"LEARNT_Lit/Cl":19,"Progress":5.720}
{"Event":"Restart","Time":4.695,"AdjustCount":1946,"Restarts":175,"Conflicts":56234,"Decisions":103870,"Propagations":19272718,"Vars":2357,"Clauses":6841,"Literals":16180,"LEARNT_Limit":8516,"LEARNT_Clauses":4209,"LEARNT_Lit/Cl":19,"Progress":5.720}
{"Event":"Restart","Time":4.704,"AdjustCount":1846,"Restarts":176,"Conflicts":56334,"Decisions":104028,"Propagations":19319899,"Vars":2357,"Clauses":6841,"Literals":16180,"LEARNT_Limit":8516,"LEARNT_Clauses":4309,"LEARNT_Lit/Cl":19,"Progress":5.720}
{"Event":"Restart","Time":4.720,"AdjustCount":1646,"Restarts":177,"Conflicts":56534,"Decisions":104388,"Propagations":19381198,"Vars":2356,"Clauses":6839,"Literals":16174,"LEARNT_Limit":8516,"LEARNT_Clauses":4315,"LEARNT_Lit/Cl":19,"Progress":5.760}
{"Event":"Restart","Time":4.726,"AdjustCount":1546,"Restarts":178,"Conflicts":56634,"Decisions":104595,"Propagations":19408386,"Vars":2356,"Clauses":6839,"Literals":16174,"LEARNT_Limit":8516,"LEARNT_Clauses":4415,"LEARNT_Lit/Cl":19,"Progress":5.760}
{"Event":"Restart","Time":4.733,"AdjustCount":1446,"Restarts":179,"Conflicts":56734,"Decisions":104854,"Propagations":19444015,"Vars":2356,"Clauses":6839,"Literals":16174,"LEARNT_Limit":8516,"LEARNT_Clauses":4515,"LEARNT_Lit/Cl":19,"Progress":5.760}
{"Event":"Restart","Time":4.748,"AdjustCount":1246,"Restarts":180,"Conflicts":56934,"Decisions":105229,"Propagations":19496994,"Vars":2356,"Clauses":6839,"Literals":16174,"LEARNT_Limit":8516,"LEARNT_Clauses":4715,"LEARNT_Lit/Cl":20,"Progress":5.760}
{"Event":"Restart","Time":4.781,"AdjustCount":846,"Restarts":181,"Conflicts":57334,"Decisions":105869,"Propagations":19672191,"Vars":2356,"Clauses":6839,"Literals":16174,"LEARNT_Limit":8516,"LEARNT_Clauses":5115,"LEARNT_Lit/Cl":20,"Progress":5.761}
{"Event":"Restart","Time":4.790,"AdjustCount":746,"Restarts":182,"Conflicts":57434,"Decisions":106063,"Propagations":19720686,"Vars":2356,"Clauses":6839,"Literals":16174,"LEARNT_Limit":8516,"LEARNT_Clauses":5215,"LEARNT_Lit/Cl":20,"Progress":5.760}
{"Event":"Restart","Time":4.800,"AdjustCount":646,"Restarts":183,"Conflicts":57534,"Decisions":106181,"Propagations":19773019,"Vars":2356,"Clauses":6839,"Literals":16174,"LEARNT_Limit":8516,"LEARNT_Clauses":5315,"LEARNT_Lit/Cl":20,"Progress":5.762}
{"Event":"Restart","Time":4.817,"AdjustCount":446,"Restarts":184,"Conflicts":57734,"Decisions":106661,"Propagations":19836622,"Vars":2355,"Clauses":6837,"Literals":16168,"LEARNT_Limit":8516,"LEARNT_Clauses":5011,"LEARNT_Lit/Cl":20,"Progress":5.800}
{"Event":"Restart","Time":4.825,"AdjustCount":345,"Restarts":185,"Conflicts":57835,"Decisions":106911,"Propagations":19871328,"Vars":2355,"Clauses":6837,"Literals":16168,"LEARNT_Limit":8516,"LEARNT_Clauses":5112,"LEARNT_Lit/Cl":20,"Progress":5.801}
{"Event":"Restart","Time":4.834,"AdjustCount":244,"Restarts":186,"Conflicts":57936,"Decisions":107059,"Propagations":19912911,"Vars":2355,"Clauses":6837,"Literals":16168,"LEARNT_Limit":8516,"LEARNT_Clauses":5213,"LEARNT_Lit/Cl":20,"Progress":5.800}
{"Event":"Restart","Time":4.854,"AdjustCount":44,"Restarts":187,"Conflicts":58136,"Decisions":107345,"Propagations":19998019,"Vars":2354,"Clauses":6835,"Literals":16162,"LEARNT_Limit":8516,"LEARNT_Clauses":5122,"LEARNT_Lit/Cl":20,"Progress":5.840}
{"Event":"LearnMore","Time":4.858,"AdjustCount":29192,"Restarts":187,"Conflicts":58180,"Decisions":107432,"Propagations":20013515,"Vars":2354,"Clauses":6835,"Literals":16162,"LEARNT_Limit":9368,"LEARNT_Clauses":5166,"LEARNT_Lit/Cl":20,"Progress":5.840}
{"Event":"Restart","Time":4.885,"AdjustCount":28836,"Restarts":188,"Conflicts":58536,"Decisions":108045,"Propagations":20119636,"Vars":2354,"Clauses":6835,"Literals":16162,"LEARNT_Limit":9368,"LEARNT_Clauses":5522,"LEARNT_Lit/Cl":20,"Progress":5.840}
{"Event":"Restart","Time":4.948,"AdjustCount":28036,"Restarts":189,"Conflicts":59336,"Decisions":109617,"Propagations":20349932,"Vars":2354,"Clauses":6835,"Literals":16162,"LEARNT_Limit":9368,"LEARNT_Clauses":6322,"LEARNT_Lit/Cl":21,"Progress":5.842}
{"Event":"Restart","Time":5.093,"AdjustCount":26436,"Restarts":190,"Conflicts":60936,"Decisions":112505,"Propagations":20888845,"Vars":2354,"Clauses":6835,"Literals":16162,"LEARNT_Limit":9368,"LEARNT_Clauses":7922,"LEARNT_Lit/Cl":22,"Progress":5.841}
{"Event":"Restart","Time":5.395,"AdjustCount":23233,"Restarts":191,"Conflicts":64139,"Decisions":117805,"Propagations":21959218,"Vars":2094,"Clauses":5855,"Literals":13942,"LEARNT_Limit":9368,"LEARNT_Clauses":1830,"LEARNT_Lit/Cl":9,"Progress":16.240}
{"Event":"Restart","Time":5.401,"AdjustCount":23133,"Restarts":192,"Conflicts":64239,"Decisions":117976,"Propagations":21994792,"Vars":2094,"Clauses":5853,"Literals":13936,"LEARNT_Limit":9368,"LEARNT_Clauses":1904,"LEARNT_Lit/Cl":10,"Progress":16.240}
{"Event":"Restart","Time":5.408,"AdjustCount":23032,"Restarts":193,"Conflicts":64340,"Decisions":118191,"Propagations":22032385,"Vars":2093,"Clauses":5851,"Literals":13930,"LEARNT_Limit":9368,"LEARNT_Clauses":1875,"LEARNT_Lit/Cl":10,"Progress":16.280}
{"Event":"Restart","Time":5.419,"AdjustCount":22832,"Restarts":194,"Conflicts":64540,"Decisions":118646,"Propagations":22087192,"Vars":2093,"Clauses":5851,"Literals":13930,"LEARNT_Limit":9368,"LEARNT_Clauses":2075,"LEARNT_Lit/Cl":11,"Progress":16.282}
{"Event":"Restart","Time":5.427,"AdjustCount":22730,"Restarts":195,"Conflicts":64642,"Decisions":118874,"Propagations":22124444,"Vars":2093,"Clauses":5851,"Literals":13930,"LEARNT_Limit":9368,"LEARNT_Clauses":2177,"LEARNT_Lit/Cl":12,"Progress":16.282}
{"Event":"Restart","Time":5.436,"AdjustCount":22630,"Restarts":196,"Conflicts":64742,"Decisions":119045,"Propagations":22166341,"Vars":2093,"Clauses":5851,"Literals":13930,"LEARNT_Limit":9368,"LEARNT_Clauses":2277,"LEARNT_Lit/Cl":12,"Progress":16.282}
{"Event":"Restart","Time":5.453,"AdjustCount":22430,"Restarts":197,"Conflicts":64942,"Decisions":119381,"Propagations":22244983,"Vars":1409,"Clauses":3594,"Literals":8682,"LEARNT_Limit":9368,"LEARNT_Clauses":1004,"LEARNT_Lit/Cl":10,"Progress":43.640}
===============================================================================
restarts              : 197
conflicts             : 65057          (11921 /sec)
decisions             : 119607         (0.00 % random) (21916 /sec)
propagations          : 22269683       (4080622 /sec)
conflict literals     : 1882866        (35.26 % deleted)
Memory used           : 7.00 MB
CPU time              : 5.45742 s

UNSATISFIABLE
