WARNING: for repeatability, setting FPU to use double precision
============================[ Problem Statistics ]=============================
|                                                                             |
|  Number of variables:          3200                                         |
|  Number of clauses:            9521                                         |
|  Parse time:                   0.00 s                                       |
|                                                                             |
============================[ Search Statistics ]==============================
| Conflicts |          ORIGINAL         |          LEARNT          | Progress |
|           |    Vars  Clauses Literals |    Limit  Clauses Lit/Cl |          |
===============================================================================
{"Event":"Restart","Time":0.007,"AdjustCount":99,"Restarts":1,"Conflicts":1,"Decisions":8,"Propagations":1058,"Vars":3200,"Clauses":9521,"Literals":22360,"LEARNT_Limit":3173,"LEARNT_Clauses":1,"LEARNT_Lit/Cl":7,"Progress":0.000}
{"Event":"LearnMore","Time":0.014,"AdjustCount":150,"Restarts":1,"Conflicts":100,"Decisions":360,"Propagations":46106,"Vars":3200,"Clauses":9521,"Literals":22360,"LEARNT_Limit":3491,"LEARNT_Clauses":100,"LEARNT_Lit/Cl":21,"Progress":0.001}
{"Event":"Restart","Time":0.015,"AdjustCount":149,"Restarts":2,"Conflicts":101,"Decisions":426,"Propagations":48945,"Vars":3200,"Clauses":9521,"Literals":22360,"LEARNT_Limit":3491,"LEARNT_Clauses":101,"LEARNT_Lit/Cl":21,"Progress":0.000}
{"Event":"Restart","Time":0.024,"AdjustCount":48,"Restarts":3,"Conflicts":202,"Decisions":595,"Propagations":110280,"Vars":3200,"Clauses":9521,"Literals":22360,"LEARNT_Limit":3491,"LEARNT_Clauses":202,"LEARNT_Lit/Cl":22,"Progress":0.002}
{"Event":"LearnMore","Time":0.026,"AdjustCount":225,"Restarts":3,"Conflicts":250,"Decisions":673,"Propagations":120181,"Vars":3200,"Clauses":9521,"Literals":22360,"LEARNT_Limit":3840,"LEARNT_Clauses":250,"LEARNT_Lit/Cl":26,"Progress":0.002}
{"Event":"Restart","Time":0.037,"AdjustCount":71,"Restarts":4,"Conflicts":404,"Decisions":964,"Propagations":157505,"Vars":3200,"Clauses":9521,"Literals":22360,"LEARNT_Limit":3840,"LEARNT_Clauses":404,"LEARNT_Lit/Cl":38,"Progress":0.000}
{"Event":"LearnMore","Time":0.043,"AdjustCount":337,"Restarts":4,"Conflicts":475,"Decisions":1142,"Propagations":183575,"Vars":3200,"Clauses":9521,"Literals":22360,"LEARNT_Limit":4224,"LEARNT_Clauses":475,"LEARNT_Lit/Cl":37,"Progress":0.000}
{"Event":"Restart","Time":0.046,"AdjustCount":308,"Restarts":5,"Conflicts":504,"Decisions":1210,"Propagations":199980,"Vars":3200,"Clauses":9521,"Literals":22360,"LEARNT_Limit":4224,"LEARNT_Clauses":504,"LEARNT_Lit/Cl":37,"Progress":0.001}
{"Event":"Restart","Time":0.052,"AdjustCount":208,"Restarts":6,"Conflicts":604,"Decisions":1436,"Propagations":224907,"Vars":3200,"Clauses":9521,"Literals":22360,"LEARNT_Limit":4224,"LEARNT_Clauses":604,"LEARNT_Lit/Cl":38,"Progress":0.000}
{"Event":"Restart","Time":0.066,"AdjustCount":8,"Restarts":7,"Conflicts":804,"Decisions":1842,"Propagations":313870,"Vars":3200,"Clauses":9521,"Literals":22360,"LEARNT_Limit":4224,"LEARNT_Clauses":804,"LEARNT_Lit/Cl":34,"Progress":0.000}
{"Event":"LearnMore","Time":0.067,"AdjustCount":506,"Restarts":7,"Conflicts":812,"Decisions":1855,"Propagations":316477,"Vars":3200,"Clauses":9521,"Literals":22360,"LEARNT_Limit":4646,"LEARNT_Clauses":812,"LEARNT_Lit/Cl":34,"Progress":0.000}
{"Event":"Restart","Time":0.098,"AdjustCount":114,"Restarts":8,"Conflicts":1204,"Decisions":2513,"Propagations":515534,"Vars":3200,"Clauses":9521,"Literals":22360,"LEARNT_Limit":4646,"LEARNT_Clauses":1204,"LEARNT_Lit/Cl":28,"Progress":0.000}
{"Event":"Restart","Time":0.106,"AdjustCount":14,"Restarts":9,"Conflicts":1304,"Decisions":2739,"Propagations":569802,"Vars":3200,"Clauses":9521,"Literals":22360,"LEARNT_Limit":4646,"LEARNT_Clauses":1304,"LEARNT_Lit/Cl":28,"Progress":0.000}
{"Event":"LearnMore","Time":0.107,"AdjustCount":759,"Restarts":9,"Conflicts":1318,"Decisions":2753,"Propagations":575693,"Vars":3200,"Clauses":9521,"Literals":22360,"LEARNT_Limit":5111,"LEARNT_Clauses":1318,"LEARNT_Lit/Cl":28,"Progress":0.000}
{"Event":"Restart","Time":0.109,"AdjustCount":673,"Restarts":10,"Conflicts":1404,"Decisions":2924,"Propagations":611800,"Vars":3200,"Clauses":9521,"Literals":22360,"LEARNT_Limit":5111,"LEARNT_Clauses":1404,"LEARNT_Lit/Cl":27,"Progress":0.001}
{"Event":"Restart","Time":0.123,"AdjustCount":473,"Restarts":11,"Conflicts":1604,"Decisions":3227,"Propagations":704763,"Vars":3200,"Clauses":9521,"Literals":22360,"LEARNT_Limit":5111,"LEARNT_Clauses":1604,"LEARNT_Lit/Cl":26,"Progress":0.000}
{"Event":"Restart","Time":0.133,"AdjustCount":373,"Restarts":12,"Conflicts":1704,"Decisions":3370,"Propagations":764821,"Vars":3200,"Clauses":9521,"Literals":22360,"LEARNT_Limit":5111,"LEARNT_Clauses":1704,"LEARNT_Lit/Cl":26,"Progress":0.000}
{"Event":"Restart","Time":0.139,"AdjustCount":272,"Restarts":13,"Conflicts":1805,"Decisions":3691,"Propagations":805281,"Vars":3200,"Clauses":9521,"Literals":22360,"LEARNT_Limit":5111,"LEARNT_Clauses":1805,"LEARNT_Lit/Cl":25,"Progress":0.000}
{"Event":"Restart","Time":0.155,"AdjustCount":72,"Restarts":14,"Conflicts":2005,"Decisions":4085,"Propagations":916677,"Vars":3200,"Clauses":9521,"Literals":22360,"LEARNT_Limit":5111,"LEARNT_Clauses":2005,"LEARNT_Lit/Cl":24,"Progress":0.001}
{"Event":"LearnMore","Time":0.158,"AdjustCount":1139,"Restarts":14,"Conflicts":2077,"Decisions":4218,"Propagations":933390,"Vars":3200,"Clauses":9521,"Literals":22360,"LEARNT_Limit":5622,"LEARNT_Clauses":2077,"LEARNT_Lit/Cl":24,"Progress":0.001}
{"Event":"Restart","Time":0.180,"AdjustCount":811,"Restarts":15,"Conflicts":2405,"Decisions":4784,"Propagations":1033926,"Vars":3200,"Clauses":9521,"Literals":22360,"LEARNT_Limit":5622,"LEARNT_Clauses":2405,"LEARNT_Lit/Cl":27,"Progress":0.000}
{"Event":"Restart","Time":0.243,"AdjustCount":9,"Restarts":16,"Conflicts":3207,"Decisions":6024,"Propagations":1424973,"Vars":3200,"Clauses":9521,"Literals":22360,"LEARNT_Limit":5622,"LEARNT_Clauses":3207,"LEARNT_Lit/Cl":25,"Progress":0.000}
{"Event":"LearnMore","Time":0.244,"AdjustCount":1708,"Restarts":16,"Conflicts":3216,"Decisions":6046,"Propagations":1429446,"Vars":3200,"Clauses":9521,"Literals":22360,"LEARNT_Limit":6184,"LEARNT_Clauses":3216,"LEARNT_Lit/Cl":25,"Progress":0.000}
{"Event":"Restart","Time":0.250,"AdjustCount":1617,"Restarts":17,"Conflicts":3307,"Decisions":6253,"Propagations":1454104,"Vars":3200,"Clauses":9521,"Literals":22360,"LEARNT_Limit":6184,"LEARNT_Clauses":3307,"LEARNT_Lit/Cl":26,"Progress":0.000}
{"Event":"Restart","Time":0.258,"AdjustCount":1515,"Restarts":18,"Conflicts":3409,"Decisions":6470,"Propagations":1491257,"Vars":3200,"Clauses":9521,"Literals":22360,"LEARNT_Limit":6184,"LEARNT_Clauses":3409,"LEARNT_Lit/Cl":26,"Progress":0.000}
{"Event":"Restart","Time":0.279,"AdjustCount":1315,"Restarts":19,"Conflicts":3609,"Decisions":6772,"Propagations":1609707,"Vars":3200,"Clauses":9521,"Literals":22360,"LEARNT_Limit":6184,"LEARNT_Clauses":3609,"LEARNT_Lit/Cl":26,"Progress":0.000}
{"Event":"Restart","Time":0.287,"AdjustCount":1213,"Restarts":20,"Conflicts":3711,"Decisions":6989,"Propagations":1649792,"Vars":3200,"Clauses":9521,"Literals":22360,"LEARNT_Limit":6184,"LEARNT_Clauses":3711,"LEARNT_Lit/Cl":26,"Progress":0.000}
{"Event":"Restart","Time":0.298,"AdjustCount":1112,"Restarts":21,"Conflicts":3812,"Decisions":7188,"Propagations":1696221,"Vars":3200,"Clauses":9521,"Literals":22360,"LEARNT_Limit":6184,"LEARNT_Clauses":3812,"LEARNT_Lit/Cl":27,"Progress":0.002}
{"Event":"Restart","Time":0.314,"AdjustCount":912,"Restarts":22,"Conflicts":4012,"Decisions":7555,"Propagations":1768250,"Vars":3200,"Clauses":9521,"Literals":22360,"LEARNT_Limit":6184,"LEARNT_Clauses":4012,"LEARNT_Lit/Cl":27,"Progress":0.000}
{"Event":"Restart","Time":0.354,"AdjustCount":512,"Restarts":23,"Conflicts":4412,"Decisions":8196,"Propagations":1987130,"Vars":3200,"Clauses":9521,"Literals":22360,"LEARNT_Limit":6184,"LEARNT_Clauses":4412,"LEARNT_Lit/Cl":28,"Progress":0.000}
{"Event":"Restart","Time":0.363,"AdjustCount":410,"Restarts":24,"Conflicts":4514,"Decisions":8383,"Propagations":2033149,"Vars":3200,"Clauses":9521,"Literals":22360,"LEARNT_Limit":6184,"LEARNT_Clauses":4514,"LEARNT_Lit/Cl":27,"Progress":0.000}
{"Event":"Restart","Time":0.372,"AdjustCount":310,"Restarts":25,"Conflicts":4614,"Decisions":8533,"Propagations":2082523,"Vars":3200,"Clauses":9521,"Literals":22360,"LEARNT_Limit":6184,"LEARNT_Clauses":4614,"LEARNT_Lit/Cl":27,"Progress":0.001}
{"Event":"Restart","Time":0.388,"AdjustCount":110,"Restarts":26,"Conflicts":4814,"Decisions":8919,"Propagations":2161458,"Vars":3200,"Clauses":9521,"Literals":22360,"LEARNT_Limit":6184,"LEARNT_Clauses":4814,"LEARNT_Lit/Cl":27,"Progress":0.000}
{"Event":"Restart","Time":0.396,"AdjustCount":10,"Restarts":27,"Conflicts":4914,"Decisions":9107,"Propagations":2191153,"Vars":3200,"Clauses":9521,"Literals":22360,"LEARNT_Limit":6184,"LEARNT_Clauses":4914,"LEARNT_Lit/Cl":27,"Progress":0.000}
{"Event":"LearnMore","Time":0.396,"AdjustCount":2562,"Restarts":27,"Conflicts":4924,"Decisions":9116,"Propagations":2193546,"Vars":3200,"Clauses":9521,"Literals":22360,"LEARNT_Limit":6803,"LEARNT_Clauses":4924,"LEARNT_Lit/Cl":27,"Progress":0.000}
{"Event":"Restart","Time":0.405,"AdjustCount":2472,"Restarts":28,"Conflicts":5014,"Decisions":9243,"Propagations":2238404,"Vars":3200,"Clauses":9521,"Literals":22360,"LEARNT_Limit":6803,"LEARNT_Clauses":5014,"LEARNT_Lit/Cl":27,"Progress":0.000}
{"Event":"Restart","Time":0.423,"AdjustCount":2272,"Restarts":29,"Conflicts":5214,"Decisions":9538,"Propagations":2333704,"Vars":3200,"Clauses":9521,"Literals":22360,"LEARNT_Limit":6803,"LEARNT_Clauses":5214,"LEARNT_Lit/Cl":27,"Progress":0.000}
{"Event":"Restart","Time":0.461,"AdjustCount":1872,"Restarts":30,"Conflicts":5614,"Decisions":10128,"Propagations":2526829,"Vars":3200,"Clauses":9521,"Literals":22360,"LEARNT_Limit":6803,"LEARNT_Clauses":5614,"LEARNT_Lit/Cl":26,"Progress":0.000}
{"Event":"Restart","Time":0.543,"AdjustCount":1071,"Restarts":31,"Conflicts":6415,"Decisions":11298,"Propagations":2926613,"Vars":3199,"Clauses":9519,"Literals":22354,"LEARNT_Limit":6803,"LEARNT_Clauses":5634,"LEARNT_Lit/Cl":26,"Progress":0.032}
{"Event":"LearnMore","Time":0.634,"AdjustCount":3844,"Restarts":31,"Conflicts":7486,"Decisions":12884,"Propagations":3266805,"Vars":3199,"Clauses":9519,"Literals":22354,"LEARNT_Limit":7483,"LEARNT_Clauses":6705,"LEARNT_Lit/Cl":29,"Progress":0.032}
{"Event":"Restart","Time":0.688,"AdjustCount":3315,"Restarts":32,"Conflicts":8015,"Decisions":13681,"Propagations":3465305,"Vars":3199,"Clauses":9519,"Literals":22354,"LEARNT_Limit":7483,"LEARNT_Clauses":7234,"LEARNT_Lit/Cl":30,"Progress":0.038}
{"Event":"Restart","Time":0.699,"AdjustCount":3214,"Restarts":33,"Conflicts":8116,"Decisions":13814,"Propagations":3520909,"Vars":3199,"Clauses":9519,"Literals":22354,"LEARNT_Limit":7483,"LEARNT_Clauses":7335,"LEARNT_Lit/Cl":30,"Progress":0.031}
{"Event":"Restart","Time":0.708,"AdjustCount":3114,"Restarts":34,"Conflicts":8216,"Decisions":13982,"Propagations":3564574,"Vars":3199,"Clauses":9519,"Literals":22354,"LEARNT_Limit":7483,"LEARNT_Clauses":7435,"LEARNT_Lit/Cl":30,"Progress":0.033}
{"Event":"Restart","Time":0.729,"AdjustCount":2913,"Restarts":35,"Conflicts":8417,"Decisions":14352,"Propagations":3628409,"Vars":3199,"Clauses":9519,"Literals":22354,"LEARNT_Limit":7483,"LEARNT_Clauses":3819,"LEARNT_Lit/Cl":28,"Progress":0.032}
{"Event":"Restart","Time":0.737,"AdjustCount":2813,"Restarts":36,"Conflicts":8517,"Decisions":14529,"Propagations":3673475,"Vars":3199,"Clauses":9519,"Literals":22354,"LEARNT_Limit":7483,"LEARNT_Clauses":3919,"LEARNT_Lit/Cl":28,"Progress":0.031}
{"Event":"Restart","Time":0.745,"AdjustCount":2712,"Restarts":37,"Conflicts":8618,"Decisions":14752,"Propagations":3706095,"Vars":3199,"Clauses":9519,"Literals":22354,"LEARNT_Limit":7483,"LEARNT_Clauses":4020,"LEARNT_Lit/Cl":28,"Progress":0.032}
{"Event":"Restart","Time":0.760,"AdjustCount":2511,"Restarts":38,"Conflicts":8819,"Decisions":15072,"Propagations":3759869,"Vars":3199,"Clauses":9519,"Literals":22354,"LEARNT_Limit":7483,"LEARNT_Clauses":4221,"LEARNT_Lit/Cl":29,"Progress":0.031}
{"Event":"Restart","Time":0.792,"AdjustCount":2109,"Restarts":39,"Conflicts":9221,"Decisions":15709,"Propagations":3942591,"Vars":3199,"Clauses":9519,"Literals":22354,"LEARNT_Limit":7483,"LEARNT_Clauses":4623,"LEARNT_Lit/Cl":28,"Progress":0.034}
{"Event":"Restart","Time":0.801,"AdjustCount":2006,"Restarts":40,"Conflicts":9324,"Decisions":15841,"Propagations":3990335,"Vars":3199,"Clauses":9519,"Literals":22354,"LEARNT_Limit":7483,"LEARNT_Clauses":4726,"LEARNT_Lit/Cl":28,"Progress":0.032}
{"Event":"Restart","Time":0.810,"AdjustCount":1906,"Restarts":41,"Conflicts":9424,"Decisions":16001,"Propagations":4034242,"Vars":3199,"Clauses":9519,"Literals":22354,"LEARNT_Limit":7483,"LEARNT_Clauses":4826,"LEARNT_Lit/Cl":27,"Progress":0.031}
{"Event":"Restart","Time":0.827,"AdjustCount":1706,"Restarts":42,"Conflicts":9624,"Decisions":16350,"Propagations":4102632,"Vars":3199,"Clauses":9519,"Literals":22354,"LEARNT_Limit":7483,"LEARNT_Clauses":5026,"LEARNT_Lit/Cl":28,"Progress":0.031}
{"Event":"Restart","Time":0.837,"AdjustCount":1606,"Restarts":43,"Conflicts":9724,"Decisions":16516,"Propagations":4151481,"Vars":3199,"Clauses":9519,"Literals":22354,"LEARNT_Limit":7483,"LEARNT_Clauses":5126,"LEARNT_Lit/Cl":28,"Progress":0.031}
{"Event":"Restart","Time":0.852,"AdjustCount":1505,"Restarts":44,"Conflicts":9825,"Decisions":16656,"Propagations":4218633,"Vars":3199,"Clauses":9519,"Literals":22354,"LEARNT_Limit":7483,"LEARNT_Clauses":5227,"LEARNT_Lit/Cl":28,"Progress":0.049}
{"Event":"Restart","Time":0.870,"AdjustCount":1304,"Restarts":45,"Conflicts":10026,"Decisions":16952,"Propagations":4272346,"Vars":3199,"Clauses":9519,"Literals":22354,"LEARNT_Limit":7483,"LEARNT_Clauses":5428,"LEARNT_Lit/Cl":29,"Progress":0.031}
{"Event":"Restart","Time":0.906,"AdjustCount":904,"Restarts":46,"Conflicts":10426,"Decisions":17624,"Propagations":4392684,"Vars":3199,"Clauses":9519,"Literals":22354,"LEARNT_Limit":7483,"LEARNT_Clauses":5828,"LEARNT_Lit/Cl":31,"Progress":0.031}
{"Event":"Restart","Time":0.986,"AdjustCount":103,"Restarts":47,"Conflicts":11227,"Decisions":18861,"Propagations":4667471,"Vars":3199,"Clauses":9519,"Literals":22354,"LEARNT_Limit":7483,"LEARNT_Clauses":6629,"LEARNT_Lit/Cl":33,"Progress":0.031}
{"Event":"Restart","Time":0.997,"AdjustCount":1,"Restarts":48,"Conflicts":11329,"Decisions":19072,"Propagations":4704193,"Vars":3199,"Clauses":9519,"Literals":22354,"LEARNT_Limit":7483,"LEARNT_Clauses":6731,"LEARNT_Lit/Cl":33,"Progress":0.031}
{"Event":"LearnMore","Time":0.997,"AdjustCount":5766,"Restarts":48,"Conflicts":11330,"Decisions":19073,"Propagations":4704567,"Vars":3199,"Clauses":9519,"Literals":22354,"LEARNT_Limit":8231,"LEARNT_Clauses":6732,"LEARNT_Lit/Cl":33,"Progress":0.031}
{"Event":"Restart","Time":1.009,"AdjustCount":5666,"Restarts":49,"Conflicts":11430,"Decisions":19258,"Propagations":4751783,"Vars":3199,"Clauses":9519,"Literals":22354,"LEARNT_Limit":8231,"LEARNT_Clauses":6832,"LEARNT_Lit/Cl":33,"Progress":0.032}
{"Event":"Restart","Time":1.033,"AdjustCount":5466,"Restarts":50,"Conflicts":11630,"Decisions":19568,"Propagations":4832870,"Vars":3199,"Clauses":9519,"Literals":22354,"LEARNT_Limit":8231,"LEARNT_Clauses":7032,"LEARNT_Lit/Cl":33,"Progress":0.032}
{"Event":"Restart","Time":1.043,"AdjustCount":5365,"Restarts":51,"Conflicts":11731,"Decisions":19705,"Propagations":4873586,"Vars":3199,"Clauses":9519,"Literals":22354,"LEARNT_Limit":8231,"LEARNT_Clauses":7133,"LEARNT_Lit/Cl":33,"Progress":0.031}
{"Event":"Restart","Time":1.055,"AdjustCount":5265,"Restarts":52,"Conflicts":11831,"Decisions":19868,"Propagations":4914597,"Vars":3199,"Clauses":9519,"Literals":22354,"LEARNT_Limit":8231,"LEARNT_Clauses":7233,"LEARNT_Lit/Cl":33,"Progress":0.032}
{"Event":"Restart","Time":1.077,"AdjustCount":5064,"Restarts":53,"Conflicts":12032,"Decisions":20197,"Propagations":4989786,"Vars":3199,"Clauses":9519,"Literals":22354,"LEARNT_Limit":8231,"LEARNT_Clauses":7434,"LEARNT_Lit/Cl":33,"Progress":0.031}
{"Event":"Restart","Time":1.121,"AdjustCount":4664,"Restarts":54,"Conflicts":12432,"Decisions":20797,"Propagations":5149252,"Vars":3199,"Clauses":9519,"Literals":22354,"LEARNT_Limit":8231,"LEARNT_Clauses":7834,"LEARNT_Lit/Cl":33,"Progress":0.032}
{"Event":"Restart","Time":1.135,"AdjustCount":4563,"Restarts":55,"Conflicts":12533,"Decisions":20938,"Propagations":5197822,"Vars":3199,"Clauses":9519,"Literals":22354,"LEARNT_Limit":8231,"LEARNT_Clauses":7935,"LEARNT_Lit/Cl":33,"Progress":0.032}
{"Event":"Restart","Time":1.148,"AdjustCount":4463,"Restarts":56,"Conflicts":12633,"Decisions":21062,"Propagations":5243087,"Vars":3199,"Clauses":9519,"Literals":22354,"LEARNT_Limit":8231,"LEARNT_Clauses":8035,"LEARNT_Lit/Cl":33,"Progress":0.031}
{"Event":"Restart","Time":1.174,"AdjustCount":4263,"Restarts":57,"Conflicts":12833,"Decisions":21374,"Propagations":5334057,"Vars":3199,"Clauses":9519,"Literals":22354,"LEARNT_Limit":8231,"LEARNT_Clauses":4118,"LEARNT_Lit/Cl":27,"Progress":0.031}
{"Event":"Restart","Time":1.181,"AdjustCount":4163,"Restarts":58,"Conflicts":12933,"Decisions":21562,"Propagations":5380413,"Vars":3199,"Clauses":9519,"Literals":22354,"LEARNT_Limit":8231,"LEARNT_Clauses":4218,"LEARNT_Lit/Cl":27,"Progress":0.031}
{"Event":"Restart","Time":1.191,"AdjustCount":4063,"Restarts":59,"Conflicts":13033,"Decisions":21713,"Propagations":5432764,"Vars":3199,"Clauses":9519,"Literals":22354,"LEARNT_Limit":8231,"LEARNT_Clauses":4318,"LEARNT_Lit/Cl":27,"Progress":0.031}
{"Event":"Restart","Time":1.211,"AdjustCount":3863,"Restarts":60,"Conflicts":13233,"Decisions":22006,"Propagations":5527454,"Vars":3199,"Clauses":9519,"Literals":22354,"LEARNT_Limit":8231,"LEARNT_Clauses":4518,"LEARNT_Lit/Cl":27,"Progress":0.033}
{"Event":"Restart","Time":1.253,"AdjustCount":3463,"Restarts":61,"Conflicts":13633,"Decisions":22523,"Propagations":5743382,"Vars":3199,"Clauses":9519,"Literals":22354,"LEARNT_Limit":8231,"LEARNT_Clauses":4918,"LEARNT_Lit/Cl":26,"Progress":0.033}
{"Event":"Restart","Time":1.317,"AdjustCount":2661,"Restarts":62,"Conflicts":14435,"Decisions":24018,"Propagations":5999320,"Vars":3199,"Clauses":9519,"Literals":22354,"LEARNT_Limit":8231,"LEARNT_Clauses":5720,"LEARNT_Lit/Cl":28,"Progress":0.031}
{"Event":"Restart","Time":1.473,"AdjustCount":1061,"Restarts":63,"Conflicts":16035,"Decisions":26322,"Propagations":6754238,"Vars":3198,"Clauses":9517,"Literals":22348,"LEARNT_Limit":8231,"LEARNT_Clauses":6350,"LEARNT_Lit/Cl":27,"Progress":0.063}
{"Event":"LearnMore","Time":1.565,"AdjustCount":8649,"Restarts":63,"Conflicts":17096,"Decisions":28080,"Propagations":7137827,"Vars":3198,"Clauses":9517,"Literals":22348,"LEARNT_Limit":9054,"LEARNT_Clauses":7411,"LEARNT_Lit/Cl":29,"Progress":0.063}
{"Event":"Restart","Time":1.775,"AdjustCount":6510,"Restarts":64,"Conflicts":19235,"Decisions":31599,"Propagations":7938524,"Vars":3198,"Clauses":9517,"Literals":22348,"LEARNT_Limit":9054,"LEARNT_Clauses":4776,"LEARNT_Lit/Cl":28,"Progress":0.063}
{"Event":"Restart","Time":1.783,"AdjustCount":6410,"Restarts":65,"Conflicts":19335,"Decisions":31799,"Propagations":7969373,"Vars":3198,"Clauses":9517,"Literals":22348,"LEARNT_Limit":9054,"LEARNT_Clauses":4876,"LEARNT_Lit/Cl":28,"Progress":0.063}
{"Event":"Restart","Time":1.792,"AdjustCount":6310,"Restarts":66,"Conflicts":19435,"Decisions":31994,"Propagations":8006316,"Vars":3198,"Clauses":9517,"Literals":22348,"LEARNT_Limit":9054,"LEARNT_Clauses":4976,"LEARNT_Lit/Cl":28,"Progress":0.063}
{"Event":"Restart","Time":1.811,"AdjustCount":6110,"Restarts":67,"Conflicts":19635,"Decisions":32255,"Propagations":8097630,"Vars":3198,"Clauses":9517,"Literals":22348,"LEARNT_Limit":9054,"LEARNT_Clauses":5176,"LEARNT_Lit/Cl":28,"Progress":0.063}
{"Event":"Restart","Time":1.822,"AdjustCount":6008,"Restarts":68,"Conflicts":19737,"Decisions":32463,"Propagations":8147983,"Vars":3197,"Clauses":9515,"Literals":22342,"LEARNT_Limit":9054,"LEARNT_Clauses":4901,"LEARNT_Lit/Cl":28,"Progress":0.103}
{"Event":"Restart","Time":1.828,"AdjustCount":5908,"Restarts":69,"Conflicts":19837,"Decisions":32693,"Propagations":8174239,"Vars":3197,"Clauses":9515,"Literals":22342,"LEARNT_Limit":9054,"LEARNT_Clauses":5001,"LEARNT_Lit/Cl":28,"Progress":0.094}
{"Event":"Restart","Time":1.853,"AdjustCount":5708,"Restarts":70,"Conflicts":20037,"Decisions":32969,"Propagations":8286661,"Vars":3197,"Clauses":9515,"Literals":22342,"LEARNT_Limit":9054,"LEARNT_Clauses":5201,"LEARNT_Lit/Cl":28,"Progress":0.095}
{"Event":"Restart","Time":1.883,"AdjustCount":5308,"Restarts":71,"Conflicts":20437,"Decisions":33637,"Propagations":8419785,"Vars":3197,"Clauses":9515,"Literals":22342,"LEARNT_Limit":9054,"LEARNT_Clauses":5601,"LEARNT_Lit/Cl":29,"Progress":0.095}
{"Event":"Restart","Time":1.894,"AdjustCount":5207,"Restarts":72,"Conflicts":20538,"Decisions":33824,"Propagations":8459896,"Vars":3197,"Clauses":9515,"Literals":22342,"LEARNT_Limit":9054,"LEARNT_Clauses":5702,"LEARNT_Lit/Cl":29,"Progress":0.095}
{"Event":"Restart","Time":1.905,"AdjustCount":5107,"Restarts":73,"Conflicts":20638,"Decisions":33971,"Propagations":8510427,"Vars":3197,"Clauses":9515,"Literals":22342,"LEARNT_Limit":9054,"LEARNT_Clauses":5802,"LEARNT_Lit/Cl":29,"Progress":0.095}
{"Event":"Restart","Time":1.930,"AdjustCount":4905,"Restarts":74,"Conflicts":20840,"Decisions":34223,"Propagations":8615841,"Vars":3197,"Clauses":9515,"Literals":22342,"LEARNT_Limit":9054,"LEARNT_Clauses":6004,"LEARNT_Lit/Cl":29,"Progress":0.094}
{"Event":"Restart","Time":1.943,"AdjustCount":4804,"Restarts":75,"Conflicts":20941,"Decisions":34388,"Propagations":8671417,"Vars":3197,"Clauses":9515,"Literals":22342,"LEARNT_Limit":9054,"LEARNT_Clauses":6105,"LEARNT_Lit/Cl":28,"Progress":0.095}
{"Event":"Restart","Time":1.957,"AdjustCount":4704,"Restarts":76,"Conflicts":21041,"Decisions":34528,"Propagations":8731014,"Vars":3197,"Clauses":9515,"Literals":22342,"LEARNT_Limit":9054,"LEARNT_Clauses":6205,"LEARNT_Lit/Cl":28,"Progress":0.095}
{"Event":"Restart","Time":1.976,"AdjustCount":4504,"Restarts":77,"Conflicts":21241,"Decisions":34908,"Propagations":8800242,"Vars":3197,"Clauses":9515,"Literals":22342,"LEARNT_Limit":9054,"LEARNT_Clauses":6405,"LEARNT_Lit/Cl":29,"Progress":0.094}
{"Event":"Restart","Time":2.014,"AdjustCount":4104,"Restarts":78,"Conflicts":21641,"Decisions":35553,"Propagations":8960861,"Vars":3197,"Clauses":9515,"Literals":22342,"LEARNT_Limit":9054,"LEARNT_Clauses":6805,"LEARNT_Lit/Cl":29,"Progress":0.095}
{"Event":"Restart","Time":2.098,"AdjustCount":3302,"Restarts":79,"Conflicts":22443,"Decisions":36839,"Propagations":9302354,"Vars":3197,"Clauses":9515,"Literals":22342,"LEARNT_Limit":9054,"LEARNT_Clauses":7607,"LEARNT_Lit/Cl":30,"Progress":0.094}
{"Event":"Restart","Time":2.109,"AdjustCount":3201,"Restarts":80,"Conflicts":22544,"Decisions":37000,"Propagations":9346445,"Vars":3197,"Clauses":9515,"Literals":22342,"LEARNT_Limit":9054,"LEARNT_Clauses":7708,"LEARNT_Lit/Cl":30,"Progress":0.094}
{"Event":"Restart","Time":2.118,"AdjustCount":3100,"Restarts":81,"Conflicts":22645,"Decisions":37155,"Propagations":9390186,"Vars":3197,"Clauses":9515,"Literals":22342,"LEARNT_Limit":9054,"LEARNT_Clauses":7809,"LEARNT_Lit/Cl":30,"Progress":0.094}
{"Event":"Restart","Time":2.138,"AdjustCount":2900,"Restarts":82,"Conflicts":22845,"Decisions":37434,"Propagations":9485649,"Vars":3197,"Clauses":9515,"Literals":22342,"LEARNT_Limit":9054,"LEARNT_Clauses":8009,"LEARNT_Lit/Cl":30,"Progress":0.094}
{"Event":"Restart","Time":2.149,"AdjustCount":2800,"Restarts":83,"Conflicts":22945,"Decisions":37579,"Propagations":9537206,"Vars":3197,"Clauses":9515,"Literals":22342,"LEARNT_Limit":9054,"LEARNT_Clauses":8109,"LEARNT_Lit/Cl":29,"Progress":0.095}
{"Event":"Restart","Time":2.159,"AdjustCount":2697,"Restarts":84,"Conflicts":23048,"Decisions":37767,"Propagations":9573678,"Vars":3197,"Clauses":9515,"Literals":22342,"LEARNT_Limit":9054,"LEARNT_Clauses":8212,"LEARNT_Lit/Cl":30,"Progress":0.094}
{"Event":"Restart","Time":2.181,"AdjustCount":2496,"Restarts":85,"Conflicts":23249,"Decisions":38091,"Propagations":9660444,"Vars":3197,"Clauses":9515,"Literals":22342,"LEARNT_Limit":9054,"LEARNT_Clauses":8413,"LEARNT_Lit/Cl":30,"Progress":0.095}
{"Event":"Restart","Time":2.220,"AdjustCount":2095,"Restarts":86,"Conflicts":23650,"Decisions":38720,"Propagations":9801331,"Vars":3197,"Clauses":9515,"Literals":22342,"LEARNT_Limit":9054,"LEARNT_Clauses":8814,"LEARNT_Lit/Cl":30,"Progress":0.094}
{"Event":"Restart","Time":2.226,"AdjustCount":1994,"Restarts":87,"Conflicts":23751,"Decisions":38944,"Propagations":9836824,"Vars":3197,"Clauses":9515,"Literals":22342,"LEARNT_Limit":9054,"LEARNT_Clauses":8915,"LEARNT_Lit/Cl":31,"Progress":0.095}
{"Event":"Restart","Time":2.237,"AdjustCount":1894,"Restarts":88,"Conflicts":23851,"Decisions":39091,"Propagations":9888713,"Vars":3197,"Clauses":9515,"Literals":22342,"LEARNT_Limit":9054,"LEARNT_Clauses":9015,"LEARNT_Lit/Cl":30,"Progress":0.100}
{"Event":"Restart","Time":2.262,"AdjustCount":1692,"Restarts":89,"Conflicts":24053,"Decisions":39411,"Propagations":9952745,"Vars":3196,"Clauses":9513,"Literals":22336,"LEARNT_Limit":9054,"LEARNT_Clauses":4536,"LEARNT_Lit/Cl":25,"Progress":0.126}
{"Event":"Restart","Time":2.273,"AdjustCount":1592,"Restarts":90,"Conflicts":24153,"Decisions":39557,"Propagations":10011446,"Vars":3196,"Clauses":9513,"Literals":22336,"LEARNT_Limit":9054,"LEARNT_Clauses":4636,"LEARNT_Lit/Cl":25,"Progress":0.125}
{"Event":"Restart","Time":2.284,"AdjustCount":1492,"Restarts":91,"Conflicts":24253,"Decisions":39721,"Propagations":10066150,"Vars":3196,"Clauses":9513,"Literals":22336,"LEARNT_Limit":9054,"LEARNT_Clauses":4736,"LEARNT_Lit/Cl":24,"Progress":0.126}
{"Event":"Restart","Time":2.302,"AdjustCount":1290,"Restarts":92,"Conflicts":24455,"Decisions":40083,"Propagations":10144322,"Vars":3196,"Clauses":9513,"Literals":22336,"LEARNT_Limit":9054,"LEARNT_Clauses":4938,"LEARNT_Lit/Cl":25,"Progress":0.126}
{"Event":"Restart","Time":2.341,"AdjustCount":890,"Restarts":93,"Conflicts":24855,"Decisions":40748,"Propagations":10314937,"Vars":3196,"Clauses":9513,"Literals":22336,"LEARNT_Limit":9054,"LEARNT_Clauses":5338,"LEARNT_Lit/Cl":26,"Progress":0.126}
{"Event":"Restart","Time":2.428,"AdjustCount":90,"Restarts":94,"Conflicts":25655,"Decisions":42049,"Propagations":10685727,"Vars":3196,"Clauses":9513,"Literals":22336,"LEARNT_Limit":9054,"LEARNT_Clauses":6138,"LEARNT_Lit/Cl":27,"Progress":0.126}
{"Event":"LearnMore","Time":2.435,"AdjustCount":12974,"Restarts":94,"Conflicts":25745,"Decisions":42205,"Propagations":10719266,"Vars":3196,"Clauses":9513,"Literals":22336,"LEARNT_Limit":9960,"LEARNT_Clauses":6228,"LEARNT_Lit/Cl":27,"Progress":0.126}
{"Event":"Restart","Time":2.597,"AdjustCount":11463,"Restarts":95,"Conflicts":27256,"Decisions":44398,"Propagations":11321858,"Vars":3196,"Clauses":9513,"Literals":22336,"LEARNT_Limit":9960,"LEARNT_Clauses":7739,"LEARNT_Lit/Cl":29,"Progress":0.125}
{"Event":"Restart","Time":2.610,"AdjustCount":11363,"Restarts":96,"Conflicts":27356,"Decisions":44540,"Propagations":11381554,"Vars":3196,"Clauses":9513,"Literals":22336,"LEARNT_Limit":9960,"LEARNT_Clauses":7839,"LEARNT_Lit/Cl":29,"Progress":0.125}
{"Event":"Restart","Time":2.623,"AdjustCount":11263,"Restarts":97,"Conflicts":27456,"Decisions":44669,"Propagations":11434955,"Vars":3196,"Clauses":9513,"Literals":22336,"LEARNT_Limit":9960,"LEARNT_Clauses":7939,"LEARNT_Lit/Cl":28,"Progress":0.126}
{"Event":"Restart","Time":2.643,"AdjustCount":11063,"Restarts":98,"Conflicts":27656,"Decisions":44984,"Propagations":11512020,"Vars":3196,"Clauses":9513,"Literals":22336,"LEARNT_Limit":9960,"LEARNT_Clauses":8139,"LEARNT_Lit/Cl":28,"Progress":0.126}
{"Event":"Restart","Time":2.655,"AdjustCount":10963,"Restarts":99,"Conflicts":27756,"Decisions":45140,"Propagations":11563552,"Vars":3196,"Clauses":9513,"Literals":22336,"LEARNT_Limit":9960,"LEARNT_Clauses":8239,"LEARNT_Lit/Cl":29,"Progress":0.126}
{"Event":"Restart","Time":2.668,"AdjustCount":10863,"Restarts":100,"Conflicts":27856,"Decisions":45318,"Propagations":11608680,"Vars":3196,"Clauses":9513,"Literals":22336,"LEARNT_Limit":9960,"LEARNT_Clauses":8339,"LEARNT_Lit/Cl":29,"Progress":0.126}
{"Event":"Restart","Time":2.690,"AdjustCount":10663,"Restarts":101,"Conflicts":28056,"Decisions":45666,"Propagations":11700960,"Vars":3196,"Clauses":9513,"Literals":22336,"LEARNT_Limit":9960,"LEARNT_Clauses":8539,"LEARNT_Lit/Cl":29,"Progress":0.126}
{"Event":"Restart","Time":2.736,"AdjustCount":10263,"Restarts":102,"Conflicts":28456,"Decisions":46353,"Propagations":11883968,"Vars":3196,"Clauses":9513,"Literals":22336,"LEARNT_Limit":9960,"LEARNT_Clauses":8939,"LEARNT_Lit/Cl":29,"Progress":0.126}
{"Event":"Restart","Time":2.749,"AdjustCount":10163,"Restarts":103,"Conflicts":28556,"Decisions":46527,"Propagations":11933289,"Vars":3196,"Clauses":9513,"Literals":22336,"LEARNT_Limit":9960,"LEARNT_Clauses":9039,"LEARNT_Lit/Cl":29,"Progress":0.126}
{"Event":"Restart","Time":2.763,"AdjustCount":10060,"Restarts":104,"Conflicts":28659,"Decisions":46674,"Propagations":11989380,"Vars":3196,"Clauses":9513,"Literals":22336,"LEARNT_Limit":9960,"LEARNT_Clauses":9142,"LEARNT_Lit/Cl":29,"Progress":0.126}
{"Event":"Restart","Time":2.785,"AdjustCount":9860,"Restarts":105,"Conflicts":28859,"Decisions":47000,"Propagations":12069320,"Vars":3196,"Clauses":9513,"Literals":22336,"LEARNT_Limit":9960,"LEARNT_Clauses":9342,"LEARNT_Lit/Cl":29,"Progress":0.126}
{"Event":"Restart","Time":2.796,"AdjustCount":9759,"Restarts":106,"Conflicts":28960,"Decisions":47171,"Propagations":12113926,"Vars":3196,"Clauses":9513,"Literals":22336,"LEARNT_Limit":9960,"LEARNT_Clauses":9443,"LEARNT_Lit/Cl":29,"Progress":0.126}
{"Event":"Restart","Time":2.809,"AdjustCount":9658,"Restarts":107,"Conflicts":29061,"Decisions":47313,"Propagations":12157755,"Vars":3196,"Clauses":9513,"Literals":22336,"LEARNT_Limit":9960,"LEARNT_Clauses":9544,"LEARNT_Lit/Cl":29,"Progress":0.125}
{"Event":"Restart","Time":2.834,"AdjustCount":9458,"Restarts":108,"Conflicts":29261,"Decisions":47605,"Propagations":12260922,"Vars":3196,"Clauses":9513,"Literals":22336,"LEARNT_Limit":9960,"LEARNT_Clauses":9744,"LEARNT_Lit/Cl":29,"Progress":0.125}
{"Event":"Restart","Time":2.884,"AdjustCount":9058,"Restarts":109,"Conflicts":29661,"Decisions":48228,"Propagations":12449452,"Vars":3195,"Clauses":9511,"Literals":22330,"LEARNT_Limit":9960,"LEARNT_Clauses":9122,"LEARNT_Lit/Cl":29,"Progress":0.156}
{"Event":"Restart","Time":2.986,"AdjustCount":8257,"Restarts":110,"Conflicts":30462,"Decisions":49466,"Propagations":12823550,"Vars":3195,"Clauses":9511,"Literals":22330,"LEARNT_Limit":9960,"LEARNT_Clauses":9923,"LEARNT_Lit/Cl":29,"Progress":0.156}
{"Event":"Restart","Time":3.002,"AdjustCount":8155,"Restarts":111,"Conflicts":30564,"Decisions":49655,"Propagations":12875206,"Vars":3195,"Clauses":9511,"Literals":22330,"LEARNT_Limit":9960,"LEARNT_Clauses":5013,"LEARNT_Lit/Cl":21,"Progress":0.157}
{"Event":"Restart","Time":3.011,"AdjustCount":8054,"Restarts":112,"Conflicts":30665,"Decisions":49799,"Propagations":12919297,"Vars":3195,"Clauses":9511,"Literals":22330,"LEARNT_Limit":9960,"LEARNT_Clauses":5114,"LEARNT_Lit/Cl":21,"Progress":0.156}
{"Event":"Restart","Time":3.030,"AdjustCount":7853,"Restarts":113,"Conflicts":30866,"Decisions":50181,"Propagations":13006191,"Vars":3195,"Clauses":9511,"Literals":22330,"LEARNT_Limit":9960,"LEARNT_Clauses":5315,"LEARNT_Lit/Cl":22,"Progress":0.157}
{"Event":"Restart","Time":3.040,"AdjustCount":7753,"Restarts":114,"Conflicts":30966,"Decisions":50409,"Propagations":13047932,"Vars":3195,"Clauses":9511,"Literals":22330,"LEARNT_Limit":9960,"LEARNT_Clauses":5415,"LEARNT_Lit/Cl":22,"Progress":0.157}
{"Event":"Restart","Time":3.051,"AdjustCount":7652,"Restarts":115,"Conflicts":31067,"Decisions":50583,"Propagations":13100647,"Vars":3195,"Clauses":9511,"Literals":22330,"LEARNT_Limit":9960,"LEARNT_Clauses":5516,"LEARNT_Lit/Cl":22,"Progress":0.156}
{"Event":"Restart","Time":3.070,"AdjustCount":7449,"Restarts":116,"Conflicts":31270,"Decisions":50973,"Propagations":13189998,"Vars":3195,"Clauses":9511,"Literals":22330,"LEARNT_Limit":9960,"LEARNT_Clauses":5719,"LEARNT_Lit/Cl":23,"Progress":0.156}
{"Event":"Restart","Time":3.105,"AdjustCount":7049,"Restarts":117,"Conflicts":31670,"Decisions":51656,"Propagations":13339947,"Vars":3195,"Clauses":9511,"Literals":22330,"LEARNT_Limit":9960,"LEARNT_Clauses":6119,"LEARNT_Lit/Cl":23,"Progress":0.156}
{"Event":"Restart","Time":3.113,"AdjustCount":6947,"Restarts":118,"Conflicts":31772,"Decisions":51845,"Propagations":13370736,"Vars":3195,"Clauses":9511,"Literals":22330,"LEARNT_Limit":9960,"LEARNT_Clauses":6221,"LEARNT_Lit/Cl":24,"Progress":0.157}
{"Event":"Restart","Time":3.120,"AdjustCount":6846,"Restarts":119,"Conflicts":31873,"Decisions":51981,"Propagations":13420943,"Vars":3195,"Clauses":9511,"Literals":22330,"LEARNT_Limit":9960,"LEARNT_Clauses":6322,"LEARNT_Lit/Cl":24,"Progress":0.156}
{"Event":"Restart","Time":3.138,"AdjustCount":6646,"Restarts":120,"Conflicts":32073,"Decisions":52274,"Propagations":13503473,"Vars":3195,"Clauses":9511,"Literals":22330,"LEARNT_Limit":9960,"LEARNT_Clauses":6522,"LEARNT_Lit/Cl":24,"Progress":0.157}
{"Event":"Restart","Time":3.151,"AdjustCount":6542,"Restarts":121,"Conflicts":32177,"Decisions":52429,"Propagations":13558034,"Vars":3195,"Clauses":9511,"Literals":22330,"LEARNT_Limit":9960,"LEARNT_Clauses":6626,"LEARNT_Lit/Cl":24,"Progress":0.157}
{"Event":"Restart","Time":3.164,"AdjustCount":6441,"Restarts":122,"Conflicts":32278,"Decisions":52592,"Propagations":13605813,"Vars":3195,"Clauses":9511,"Literals":22330,"LEARNT_Limit":9960,"LEARNT_Clauses":6727,"LEARNT_Lit/Cl":24,"Progress":0.157}
{"Event":"Restart","Time":3.185,"AdjustCount":6238,"Restarts":123,"Conflicts":32481,"Decisions":52936,"Propagations":13688742,"Vars":3195,"Clauses":9511,"Literals":22330,"LEARNT_Limit":9960,"LEARNT_Clauses":6930,"LEARNT_Lit/Cl":24,"Progress":0.157}
{"Event":"Restart","Time":3.233,"AdjustCount":5837,"Restarts":124,"Conflicts":32882,"Decisions":53530,"Propagations":13901616,"Vars":3195,"Clauses":9511,"Literals":22330,"LEARNT_Limit":9960,"LEARNT_Clauses":7331,"LEARNT_Lit/Cl":24,"Progress":0.157}
{"Event":"Restart","Time":3.324,"AdjustCount":5035,"Restarts":125,"Conflicts":33684,"Decisions":54753,"Propagations":14280794,"Vars":3195,"Clauses":9511,"Literals":22330,"LEARNT_Limit":9960,"LEARNT_Clauses":8133,"LEARNT_Lit/Cl":25,"Progress":0.157}
{"Event":"Restart","Time":3.484,"AdjustCount":3434,"Restarts":126,"Conflicts":35285,"Decisions":57206,"Propagations":14890019,"Vars":3195,"Clauses":9511,"Literals":22330,"LEARNT_Limit":9960,"LEARNT_Clauses":9734,"LEARNT_Lit/Cl":25,"Progress":0.166}
{"Event":"Restart","Time":3.723,"AdjustCount":233,"Restarts":127,"Conflicts":38486,"Decisions":62354,"Propagations":16034907,"Vars":2225,"Clauses":5981,"Literals":14262,"LEARNT_Limit":9960,"LEARNT_Clauses":4455,"LEARNT_Lit/Cl":17,"Progress":30.478}
{"Event":"LearnMore","Time":3.740,"AdjustCount":19461,"Restarts":127,"Conflicts":38719,"Decisions":62742,"Propagations":16113834,"Vars":2224,"Clauses":5981,"Literals":14262,"LEARNT_Limit":10956,"LEARNT_Clauses":4687,"LEARNT_Lit/Cl":17,"Progress":30.500}
===============================================================================
restarts              : 127
conflicts             : 39471          (10378 /sec)
decisions             : 63890          (0.00 % random) (16798 /sec)
propagations          : 16414044       (4315678 /sec)
conflict literals     : 1185383        (40.96 % deleted)
Memory used           : 8.00 MB
CPU time              : 3.80335 s

UNSATISFIABLE
