WARNING: for repeatability, setting FPU to use double precision
============================[ Problem Statistics ]=============================
|                                                                             |
|  Number of variables:          8400                                         |
|  Number of clauses:           25061                                         |
|  Parse time:                   0.01 s                                       |
|                                                                             |
============================[ Search Statistics ]==============================
| Conflicts |          ORIGINAL         |          LEARNT          | Progress |
|           |    Vars  Clauses Literals |    Limit  Clauses Lit/Cl |          |
===============================================================================
{"Event":"Restart","Time":0.012,"AdjustCount":99,"Restarts":1,"Conflicts":1,"Decisions":18,"Propagations":2439,"Vars":8400,"Clauses":25061,"Literals":58730,"LEARNT_Limit":8353,"LEARNT_Clauses":1,"LEARNT_Lit/Cl":2,"Progress":0.000}
{"Event":"LearnMore","Time":0.025,"AdjustCount":150,"Restarts":1,"Conflicts":100,"Decisions":489,"Propagations":75693,"Vars":8400,"Clauses":25061,"Literals":58730,"LEARNT_Limit":9189,"LEARNT_Clauses":100,"LEARNT_Lit/Cl":9,"Progress":0.000}
{"Event":"Restart","Time":0.026,"AdjustCount":149,"Restarts":2,"Conflicts":101,"Decisions":547,"Propagations":82752,"Vars":8400,"Clauses":25061,"Literals":58730,"LEARNT_Limit":9189,"LEARNT_Clauses":101,"LEARNT_Lit/Cl":9,"Progress":0.000}
{"Event":"Restart","Time":0.043,"AdjustCount":49,"Restarts":3,"Conflicts":201,"Decisions":1158,"Propagations":185795,"Vars":8400,"Clauses":25061,"Literals":58730,"LEARNT_Limit":9189,"LEARNT_Clauses":201,"LEARNT_Lit/Cl":13,"Progress":0.000}
{"Event":"LearnMore","Time":0.046,"AdjustCount":225,"Restarts":3,"Conflicts":250,"Decisions":1288,"Propagations":203721,"Vars":8400,"Clauses":25061,"Literals":58730,"LEARNT_Limit":10107,"LEARNT_Clauses":250,"LEARNT_Lit/Cl":13,"Progress":0.000}
{"Event":"Restart","Time":0.063,"AdjustCount":74,"Restarts":4,"Conflicts":401,"Decisions":1660,"Propagations":290926,"Vars":8400,"Clauses":25061,"Literals":58730,"LEARNT_Limit":10107,"LEARNT_Clauses":401,"LEARNT_Lit/Cl":22,"Progress":0.004}
{"Event":"LearnMore","Time":0.075,"AdjustCount":337,"Restarts":4,"Conflicts":475,"Decisions":1986,"Propagations":354134,"Vars":8400,"Clauses":25061,"Literals":58730,"LEARNT_Limit":11118,"LEARNT_Clauses":475,"LEARNT_Lit/Cl":25,"Progress":0.004}
{"Event":"Restart","Time":0.079,"AdjustCount":309,"Restarts":5,"Conflicts":503,"Decisions":2075,"Propagations":381030,"Vars":8400,"Clauses":25061,"Literals":58730,"LEARNT_Limit":11118,"LEARNT_Clauses":503,"LEARNT_Lit/Cl":25,"Progress":0.001}
{"Event":"Restart","Time":0.090,"AdjustCount":208,"Restarts":6,"Conflicts":604,"Decisions":2324,"Propagations":436243,"Vars":8400,"Clauses":25061,"Literals":58730,"LEARNT_Limit":11118,"LEARNT_Clauses":604,"LEARNT_Lit/Cl":26,"Progress":0.000}
{"Event":"Restart","Time":0.122,"AdjustCount":8,"Restarts":7,"Conflicts":804,"Decisions":2898,"Propagations":624516,"Vars":8400,"Clauses":25061,"Literals":58730,"LEARNT_Limit":11118,"LEARNT_Clauses":804,"LEARNT_Lit/Cl":29,"Progress":0.000}
{"Event":"LearnMore","Time":0.123,"AdjustCount":506,"Restarts":7,"Conflicts":812,"Decisions":2911,"Propagations":629561,"Vars":8400,"Clauses":25061,"Literals":58730,"LEARNT_Limit":12230,"LEARNT_Clauses":812,"LEARNT_Lit/Cl":29,"Progress":0.000}
{"Event":"Restart","Time":0.187,"AdjustCount":113,"Restarts":8,"Conflicts":1205,"Decisions":3620,"Propagations":1004937,"Vars":8400,"Clauses":25061,"Literals":58730,"LEARNT_Limit":12230,"LEARNT_Clauses":1205,"LEARNT_Lit/Cl":28,"Progress":0.000}
{"Event":"Restart","Time":0.202,"AdjustCount":13,"Restarts":9,"Conflicts":1305,"Decisions":3813,"Propagations":1085093,"Vars":8400,"Clauses":25061,"Literals":58730,"LEARNT_Limit":12230,"LEARNT_Clauses":1305,"LEARNT_Lit/Cl":28,"Progress":0.000}
{"Event":"LearnMore","Time":0.205,"AdjustCount":759,"Restarts":9,"Conflicts":1318,"Decisions":3834,"Propagations":1095526,"Vars":8400,"Clauses":25061,"Literals":58730,"LEARNT_Limit":13453,"LEARNT_Clauses":1318,"LEARNT_Lit/Cl":29,"Progress":0.000}
{"Event":"Restart","Time":0.223,"AdjustCount":672,"Restarts":10,"Conflicts":1405,"Decisions":3967,"Propagations":1191987,"Vars":8400,"Clauses":25061,"Literals":58730,"LEARNT_Limit":13453,"LEARNT_Clauses":1405,"LEARNT_Lit/Cl":29,"Progress":0.000}
{"Event":"Restart","Time":0.270,"AdjustCount":470,"Restarts":11,"Conflicts":1607,"Decisions":4304,"Propagations":1402740,"Vars":8400,"Clauses":25061,"Literals":58730,"LEARNT_Limit":13453,"LEARNT_Clauses":1607,"LEARNT_Lit/Cl":33,"Progress":0.000}
{"Event":"Restart","Time":0.289,"AdjustCount":370,"Restarts":12,"Conflicts":1707,"Decisions":4471,"Propagations":1494832,"Vars":8400,"Clauses":25061,"Literals":58730,"LEARNT_Limit":13453,"LEARNT_Clauses":1707,"LEARNT_Lit/Cl":34,"Progress":0.000}
{"Event":"Restart","Time":0.315,"AdjustCount":270,"Restarts":13,"Conflicts":1807,"Decisions":4617,"Propagations":1615283,"Vars":8400,"Clauses":25061,"Literals":58730,"LEARNT_Limit":13453,"LEARNT_Clauses":1807,"LEARNT_Lit/Cl":34,"Progress":0.000}
{"Event":"Restart","Time":0.353,"AdjustCount":70,"Restarts":14,"Conflicts":2007,"Decisions":5055,"Propagations":1816912,"Vars":8400,"Clauses":25061,"Literals":58730,"LEARNT_Limit":13453,"LEARNT_Clauses":2007,"LEARNT_Lit/Cl":34,"Progress":0.000}
{"Event":"LearnMore","Time":0.367,"AdjustCount":1139,"Restarts":14,"Conflicts":2077,"Decisions":5151,"Propagations":1890477,"Vars":8400,"Clauses":25061,"Literals":58730,"LEARNT_Limit":14799,"LEARNT_Clauses":2077,"LEARNT_Lit/Cl":34,"Progress":0.000}
{"Event":"Restart","Time":0.443,"AdjustCount":809,"Restarts":15,"Conflicts":2407,"Decisions":5799,"Propagations":2245512,"Vars":8400,"Clauses":25061,"Literals":58730,"LEARNT_Limit":14799,"LEARNT_Clauses":2407,"LEARNT_Lit/Cl":35,"Progress":0.000}
{"Event":"Restart","Time":0.597,"AdjustCount":9,"Restarts":16,"Conflicts":3207,"Decisions":7252,"Propagations":2967710,"Vars":8400,"Clauses":25061,"Literals":58730,"LEARNT_Limit":14799,"LEARNT_Clauses":3207,"LEARNT_Lit/Cl":35,"Progress":0.000}
{"Event":"LearnMore","Time":0.600,"AdjustCount":1708,"Restarts":16,"Conflicts":3216,"Decisions":7272,"Propagations":2982919,"Vars":8400,"Clauses":25061,"Literals":58730,"LEARNT_Limit":16278,"LEARNT_Clauses":3216,"LEARNT_Lit/Cl":35,"Progress":0.000}
{"Event":"Restart","Time":0.622,"AdjustCount":1617,"Restarts":17,"Conflicts":3307,"Decisions":7415,"Propagations":3078046,"Vars":8400,"Clauses":25061,"Literals":58730,"LEARNT_Limit":16278,"LEARNT_Clauses":3307,"LEARNT_Lit/Cl":35,"Progress":0.000}
{"Event":"Restart","Time":0.642,"AdjustCount":1515,"Restarts":18,"Conflicts":3409,"Decisions":7625,"Propagations":3169964,"Vars":8400,"Clauses":25061,"Literals":58730,"LEARNT_Limit":16278,"LEARNT_Clauses":3409,"LEARNT_Lit/Cl":35,"Progress":0.000}
{"Event":"Restart","Time":0.700,"AdjustCount":1314,"Restarts":19,"Conflicts":3610,"Decisions":8176,"Propagations":3414918,"Vars":8400,"Clauses":25061,"Literals":58730,"LEARNT_Limit":16278,"LEARNT_Clauses":3610,"LEARNT_Lit/Cl":37,"Progress":0.000}
{"Event":"Restart","Time":0.716,"AdjustCount":1214,"Restarts":20,"Conflicts":3710,"Decisions":8364,"Propagations":3501667,"Vars":8400,"Clauses":25061,"Literals":58730,"LEARNT_Limit":16278,"LEARNT_Clauses":3710,"LEARNT_Lit/Cl":38,"Progress":0.000}
{"Event":"Restart","Time":0.739,"AdjustCount":1114,"Restarts":21,"Conflicts":3810,"Decisions":8562,"Propagations":3578276,"Vars":8400,"Clauses":25061,"Literals":58730,"LEARNT_Limit":16278,"LEARNT_Clauses":3810,"LEARNT_Lit/Cl":39,"Progress":0.004}
{"Event":"Restart","Time":0.769,"AdjustCount":912,"Restarts":22,"Conflicts":4012,"Decisions":8926,"Propagations":3698354,"Vars":8400,"Clauses":25061,"Literals":58730,"LEARNT_Limit":16278,"LEARNT_Clauses":4012,"LEARNT_Lit/Cl":39,"Progress":0.000}
{"Event":"Restart","Time":0.856,"AdjustCount":508,"Restarts":23,"Conflicts":4416,"Decisions":9604,"Propagations":4035359,"Vars":8400,"Clauses":25061,"Literals":58730,"LEARNT_Limit":16278,"LEARNT_Clauses":4416,"LEARNT_Lit/Cl":39,"Progress":0.000}
{"Event":"Restart","Time":0.885,"AdjustCount":407,"Restarts":24,"Conflicts":4517,"Decisions":9831,"Propagations":4160450,"Vars":8400,"Clauses":25061,"Literals":58730,"LEARNT_Limit":16278,"LEARNT_Clauses":4517,"LEARNT_Lit/Cl":39,"Progress":0.000}
{"Event":"Restart","Time":0.906,"AdjustCount":306,"Restarts":25,"Conflicts":4618,"Decisions":10030,"Propagations":4271749,"Vars":8400,"Clauses":25061,"Literals":58730,"LEARNT_Limit":16278,"LEARNT_Clauses":4618,"LEARNT_Lit/Cl":39,"Progress":0.000}
{"Event":"Restart","Time":0.966,"AdjustCount":105,"Restarts":26,"Conflicts":4819,"Decisions":10417,"Propagations":4489995,"Vars":8400,"Clauses":25061,"Literals":58730,"LEARNT_Limit":16278,"LEARNT_Clauses":4819,"LEARNT_Lit/Cl":40,"Progress":0.000}
{"Event":"Restart","Time":0.994,"AdjustCount":4,"Restarts":27,"Conflicts":4920,"Decisions":10604,"Propagations":4589775,"Vars":8400,"Clauses":25061,"Literals":58730,"LEARNT_Limit":16278,"LEARNT_Clauses":4920,"LEARNT_Lit/Cl":40,"Progress":0.000}
{"Event":"LearnMore","Time":0.995,"AdjustCount":2562,"Restarts":27,"Conflicts":4924,"Decisions":10612,"Propagations":4595795,"Vars":8400,"Clauses":25061,"Literals":58730,"LEARNT_Limit":17906,"LEARNT_Clauses":4924,"LEARNT_Lit/Cl":40,"Progress":0.000}
{"Event":"Restart","Time":1.019,"AdjustCount":2465,"Restarts":28,"Conflicts":5021,"Decisions":10869,"Propagations":4680210,"Vars":8400,"Clauses":25061,"Literals":58730,"LEARNT_Limit":17906,"LEARNT_Clauses":5021,"LEARNT_Lit/Cl":41,"Progress":0.000}
{"Event":"Restart","Time":1.062,"AdjustCount":2265,"Restarts":29,"Conflicts":5221,"Decisions":11273,"Propagations":4867874,"Vars":8400,"Clauses":25061,"Literals":58730,"LEARNT_Limit":17906,"LEARNT_Clauses":5221,"LEARNT_Lit/Cl":41,"Progress":0.000}
{"Event":"Restart","Time":1.143,"AdjustCount":1863,"Restarts":30,"Conflicts":5623,"Decisions":11856,"Propagations":5224802,"Vars":8400,"Clauses":25061,"Literals":58730,"LEARNT_Limit":17906,"LEARNT_Clauses":5623,"LEARNT_Lit/Cl":40,"Progress":0.001}
===============================================================================
restarts              : 30
conflicts             : 6286           (4826 /sec)
decisions             : 12926          (0.00 % random) (9925 /sec)
propagations          : 5901040        (4530848 /sec)
conflict literals     : 272267         (41.76 % deleted)
Memory used           : 9.00 MB
CPU time              : 1.30241 s

UNSATISFIABLE
