WARNING: for repeatability, setting FPU to use double precision
============================[ Problem Statistics ]=============================
|                                                                             |
|  Number of variables:          2400                                         |
|  Number of clauses:            7121                                         |
|  Parse time:                   0.00 s                                       |
|                                                                             |
============================[ Search Statistics ]==============================
| Conflicts |          ORIGINAL         |          LEARNT          | Progress |
|           |    Vars  Clauses Literals |    Limit  Clauses Lit/Cl |          |
===============================================================================
{"Event":"Restart","Time":0.003,"AdjustCount":99,"Restarts":1,"Conflicts":1,"Decisions":12,"Propagations":1417,"Vars":2400,"Clauses":7121,"Literals":16760,"LEARNT_Limit":2373,"LEARNT_Clauses":1,"LEARNT_Lit/Cl":10,"Progress":0.000}
{"Event":"LearnMore","Time":0.006,"AdjustCount":150,"Restarts":1,"Conflicts":100,"Decisions":269,"Propagations":29621,"Vars":2400,"Clauses":7121,"Literals":16760,"LEARNT_Limit":2611,"LEARNT_Clauses":100,"LEARNT_Lit/Cl":25,"Progress":0.000}
{"Event":"Restart","Time":0.006,"AdjustCount":149,"Restarts":2,"Conflicts":101,"Decisions":341,"Propagations":30405,"Vars":2400,"Clauses":7121,"Literals":16760,"LEARNT_Limit":2611,"LEARNT_Clauses":101,"LEARNT_Lit/Cl":25,"Progress":0.000}
{"Event":"Restart","Time":0.013,"AdjustCount":48,"Restarts":3,"Conflicts":202,"Decisions":571,"Propagations":74058,"Vars":2400,"Clauses":7121,"Literals":16760,"LEARNT_Limit":2611,"LEARNT_Clauses":202,"LEARNT_Lit/Cl":32,"Progress":0.000}
{"Event":"LearnMore","Time":0.016,"AdjustCount":225,"Restarts":3,"Conflicts":250,"Decisions":639,"Propagations":90312,"Vars":2400,"Clauses":7121,"Literals":16760,"LEARNT_Limit":2872,"LEARNT_Clauses":250,"LEARNT_Lit/Cl":29,"Progress":0.000}
{"Event":"Restart","Time":0.025,"AdjustCount":73,"Restarts":4,"Conflicts":402,"Decisions":892,"Propagations":142463,"Vars":2400,"Clauses":7121,"Literals":16760,"LEARNT_Limit":2872,"LEARNT_Clauses":402,"LEARNT_Lit/Cl":31,"Progress":0.000}
{"Event":"LearnMore","Time":0.029,"AdjustCount":337,"Restarts":4,"Conflicts":475,"Decisions":992,"Propagations":164742,"Vars":2400,"Clauses":7121,"Literals":16760,"LEARNT_Limit":3159,"LEARNT_Clauses":475,"LEARNT_Lit/Cl":29,"Progress":0.000}
{"Event":"Restart","Time":0.030,"AdjustCount":310,"Restarts":5,"Conflicts":502,"Decisions":1037,"Propagations":174176,"Vars":2400,"Clauses":7121,"Literals":16760,"LEARNT_Limit":3159,"LEARNT_Clauses":502,"LEARNT_Lit/Cl":28,"Progress":0.004}
{"Event":"Restart","Time":0.037,"AdjustCount":209,"Restarts":6,"Conflicts":603,"Decisions":1180,"Propagations":217185,"Vars":2400,"Clauses":7121,"Literals":16760,"LEARNT_Limit":3159,"LEARNT_Clauses":603,"LEARNT_Lit/Cl":26,"Progress":0.004}
{"Event":"Restart","Time":0.046,"AdjustCount":9,"Restarts":7,"Conflicts":803,"Decisions":1624,"Propagations":261021,"Vars":2400,"Clauses":7121,"Literals":16760,"LEARNT_Limit":3159,"LEARNT_Clauses":803,"LEARNT_Lit/Cl":28,"Progress":0.000}
{"Event":"LearnMore","Time":0.046,"AdjustCount":506,"Restarts":7,"Conflicts":812,"Decisions":1631,"Propagations":263026,"Vars":2400,"Clauses":7121,"Literals":16760,"LEARNT_Limit":3475,"LEARNT_Clauses":812,"LEARNT_Lit/Cl":28,"Progress":0.000}
{"Event":"Restart","Time":0.070,"AdjustCount":115,"Restarts":8,"Conflicts":1203,"Decisions":2158,"Propagations":411384,"Vars":2400,"Clauses":7121,"Literals":16760,"LEARNT_Limit":3475,"LEARNT_Clauses":1203,"LEARNT_Lit/Cl":25,"Progress":0.000}
{"Event":"Restart","Time":0.076,"AdjustCount":15,"Restarts":9,"Conflicts":1303,"Decisions":2313,"Propagations":451353,"Vars":2400,"Clauses":7121,"Literals":16760,"LEARNT_Limit":3475,"LEARNT_Clauses":1303,"LEARNT_Lit/Cl":25,"Progress":0.000}
{"Event":"LearnMore","Time":0.077,"AdjustCount":759,"Restarts":9,"Conflicts":1318,"Decisions":2339,"Propagations":454332,"Vars":2400,"Clauses":7121,"Literals":16760,"LEARNT_Limit":3822,"LEARNT_Clauses":1318,"LEARNT_Lit/Cl":25,"Progress":0.000}
{"Event":"Restart","Time":0.080,"AdjustCount":674,"Restarts":10,"Conflicts":1403,"Decisions":2502,"Propagations":475636,"Vars":2400,"Clauses":7121,"Literals":16760,"LEARNT_Limit":3822,"LEARNT_Clauses":1403,"LEARNT_Lit/Cl":26,"Progress":0.000}
{"Event":"Restart","Time":0.092,"AdjustCount":471,"Restarts":11,"Conflicts":1606,"Decisions":2837,"Propagations":551706,"Vars":2400,"Clauses":7121,"Literals":16760,"LEARNT_Limit":3822,"LEARNT_Clauses":1606,"LEARNT_Lit/Cl":24,"Progress":0.001}
{"Event":"Restart","Time":0.098,"AdjustCount":371,"Restarts":12,"Conflicts":1706,"Decisions":3052,"Propagations":589872,"Vars":2400,"Clauses":7121,"Literals":16760,"LEARNT_Limit":3822,"LEARNT_Clauses":1706,"LEARNT_Lit/Cl":24,"Progress":0.001}
{"Event":"Restart","Time":0.105,"AdjustCount":270,"Restarts":13,"Conflicts":1807,"Decisions":3286,"Propagations":617891,"Vars":2400,"Clauses":7121,"Literals":16760,"LEARNT_Limit":3822,"LEARNT_Clauses":1807,"LEARNT_Lit/Cl":24,"Progress":0.004}
{"Event":"Restart","Time":0.115,"AdjustCount":69,"Restarts":14,"Conflicts":2008,"Decisions":3650,"Propagations":661374,"Vars":2400,"Clauses":7121,"Literals":16760,"LEARNT_Limit":3822,"LEARNT_Clauses":2008,"LEARNT_Lit/Cl":25,"Progress":0.001}
{"Event":"LearnMore","Time":0.119,"AdjustCount":1139,"Restarts":14,"Conflicts":2077,"Decisions":3789,"Propagations":678321,"Vars":2400,"Clauses":7121,"Literals":16760,"LEARNT_Limit":4205,"LEARNT_Clauses":2077,"LEARNT_Lit/Cl":25,"Progress":0.001}
{"Event":"Restart","Time":0.139,"AdjustCount":808,"Restarts":15,"Conflicts":2408,"Decisions":4393,"Propagations":772447,"Vars":2400,"Clauses":7121,"Literals":16760,"LEARNT_Limit":4205,"LEARNT_Clauses":2408,"LEARNT_Lit/Cl":26,"Progress":0.001}
{"Event":"Restart","Time":0.186,"AdjustCount":8,"Restarts":16,"Conflicts":3208,"Decisions":5758,"Propagations":994505,"Vars":2400,"Clauses":7121,"Literals":16760,"LEARNT_Limit":4205,"LEARNT_Clauses":3208,"LEARNT_Lit/Cl":28,"Progress":0.001}
{"Event":"LearnMore","Time":0.187,"AdjustCount":1708,"Restarts":16,"Conflicts":3216,"Decisions":5771,"Propagations":996852,"Vars":2400,"Clauses":7121,"Literals":16760,"LEARNT_Limit":4625,"LEARNT_Clauses":3216,"LEARNT_Lit/Cl":28,"Progress":0.001}
{"Event":"Restart","Time":0.193,"AdjustCount":1616,"Restarts":17,"Conflicts":3308,"Decisions":5940,"Propagations":1031571,"Vars":2400,"Clauses":7121,"Literals":16760,"LEARNT_Limit":4625,"LEARNT_Clauses":3308,"LEARNT_Lit/Cl":27,"Progress":0.000}
{"Event":"Restart","Time":0.200,"AdjustCount":1516,"Restarts":18,"Conflicts":3408,"Decisions":6087,"Propagations":1071908,"Vars":2400,"Clauses":7121,"Literals":16760,"LEARNT_Limit":4625,"LEARNT_Clauses":3408,"LEARNT_Lit/Cl":27,"Progress":0.001}
{"Event":"Restart","Time":0.212,"AdjustCount":1316,"Restarts":19,"Conflicts":3608,"Decisions":6464,"Propagations":1135329,"Vars":2400,"Clauses":7121,"Literals":16760,"LEARNT_Limit":4625,"LEARNT_Clauses":3608,"LEARNT_Lit/Cl":26,"Progress":0.001}
{"Event":"Restart","Time":0.220,"AdjustCount":1216,"Restarts":20,"Conflicts":3708,"Decisions":6619,"Propagations":1169398,"Vars":2400,"Clauses":7121,"Literals":16760,"LEARNT_Limit":4625,"LEARNT_Clauses":3708,"LEARNT_Lit/Cl":26,"Progress":0.000}
{"Event":"Restart","Time":0.226,"AdjustCount":1115,"Restarts":21,"Conflicts":3809,"Decisions":6776,"Propagations":1201596,"Vars":2400,"Clauses":7121,"Literals":16760,"LEARNT_Limit":4625,"LEARNT_Clauses":3809,"LEARNT_Lit/Cl":26,"Progress":0.000}
{"Event":"Restart","Time":0.240,"AdjustCount":915,"Restarts":22,"Conflicts":4009,"Decisions":7061,"Propagations":1274638,"Vars":2400,"Clauses":7121,"Literals":16760,"LEARNT_Limit":4625,"LEARNT_Clauses":4009,"LEARNT_Lit/Cl":25,"Progress":0.004}
{"Event":"Restart","Time":0.260,"AdjustCount":515,"Restarts":23,"Conflicts":4409,"Decisions":7756,"Propagations":1373827,"Vars":2400,"Clauses":7121,"Literals":16760,"LEARNT_Limit":4625,"LEARNT_Clauses":4409,"LEARNT_Lit/Cl":26,"Progress":0.001}
{"Event":"Restart","Time":0.267,"AdjustCount":415,"Restarts":24,"Conflicts":4509,"Decisions":8033,"Propagations":1402923,"Vars":2400,"Clauses":7121,"Literals":16760,"LEARNT_Limit":4625,"LEARNT_Clauses":4509,"LEARNT_Lit/Cl":26,"Progress":0.001}
{"Event":"Restart","Time":0.273,"AdjustCount":315,"Restarts":25,"Conflicts":4609,"Decisions":8233,"Propagations":1430951,"Vars":2400,"Clauses":7121,"Literals":16760,"LEARNT_Limit":4625,"LEARNT_Clauses":4609,"LEARNT_Lit/Cl":26,"Progress":0.000}
{"Event":"Restart","Time":0.292,"AdjustCount":115,"Restarts":26,"Conflicts":4809,"Decisions":8535,"Propagations":1519770,"Vars":2400,"Clauses":7121,"Literals":16760,"LEARNT_Limit":4625,"LEARNT_Clauses":2405,"LEARNT_Lit/Cl":18,"Progress":0.003}
{"Event":"Restart","Time":0.299,"AdjustCount":15,"Restarts":27,"Conflicts":4909,"Decisions":8675,"Propagations":1562771,"Vars":2400,"Clauses":7121,"Literals":16760,"LEARNT_Limit":4625,"LEARNT_Clauses":2505,"LEARNT_Lit/Cl":18,"Progress":0.004}
{"Event":"LearnMore","Time":0.301,"AdjustCount":2562,"Restarts":27,"Conflicts":4924,"Decisions":8705,"Propagations":1571344,"Vars":2400,"Clauses":7121,"Literals":16760,"LEARNT_Limit":5088,"LEARNT_Clauses":2520,"LEARNT_Lit/Cl":18,"Progress":0.004}
{"Event":"Restart","Time":0.306,"AdjustCount":2476,"Restarts":28,"Conflicts":5010,"Decisions":8843,"Propagations":1603733,"Vars":2400,"Clauses":7121,"Literals":16760,"LEARNT_Limit":5088,"LEARNT_Clauses":2606,"LEARNT_Lit/Cl":18,"Progress":0.001}
{"Event":"Restart","Time":0.320,"AdjustCount":2274,"Restarts":29,"Conflicts":5212,"Decisions":9179,"Propagations":1681836,"Vars":2400,"Clauses":7121,"Literals":16760,"LEARNT_Limit":5088,"LEARNT_Clauses":2808,"LEARNT_Lit/Cl":18,"Progress":0.000}
{"Event":"Restart","Time":0.345,"AdjustCount":1872,"Restarts":30,"Conflicts":5614,"Decisions":9784,"Propagations":1836500,"Vars":2400,"Clauses":7121,"Literals":16760,"LEARNT_Limit":5088,"LEARNT_Clauses":3210,"LEARNT_Lit/Cl":17,"Progress":0.001}
{"Event":"Restart","Time":0.391,"AdjustCount":1069,"Restarts":31,"Conflicts":6417,"Decisions":11150,"Propagations":2094854,"Vars":2400,"Clauses":7121,"Literals":16760,"LEARNT_Limit":5088,"LEARNT_Clauses":4013,"LEARNT_Lit/Cl":17,"Progress":0.000}
{"Event":"LearnMore","Time":0.453,"AdjustCount":3844,"Restarts":31,"Conflicts":7486,"Decisions":13014,"Propagations":2350697,"Vars":2400,"Clauses":7121,"Literals":16760,"LEARNT_Limit":5596,"LEARNT_Clauses":5082,"LEARNT_Lit/Cl":20,"Progress":0.000}
{"Event":"Restart","Time":0.491,"AdjustCount":3312,"Restarts":32,"Conflicts":8018,"Decisions":13925,"Propagations":2498902,"Vars":2400,"Clauses":7121,"Literals":16760,"LEARNT_Limit":5596,"LEARNT_Clauses":2808,"LEARNT_Lit/Cl":21,"Progress":0.001}
{"Event":"Restart","Time":0.498,"AdjustCount":3211,"Restarts":33,"Conflicts":8119,"Decisions":14065,"Propagations":2534526,"Vars":2400,"Clauses":7121,"Literals":16760,"LEARNT_Limit":5596,"LEARNT_Clauses":2909,"LEARNT_Lit/Cl":21,"Progress":0.001}
{"Event":"Restart","Time":0.503,"AdjustCount":3110,"Restarts":34,"Conflicts":8220,"Decisions":14287,"Propagations":2555222,"Vars":2400,"Clauses":7121,"Literals":16760,"LEARNT_Limit":5596,"LEARNT_Clauses":3010,"LEARNT_Lit/Cl":22,"Progress":0.000}
{"Event":"Restart","Time":0.513,"AdjustCount":2909,"Restarts":35,"Conflicts":8421,"Decisions":14719,"Propagations":2615561,"Vars":2400,"Clauses":7121,"Literals":16760,"LEARNT_Limit":5596,"LEARNT_Clauses":3211,"LEARNT_Lit/Cl":22,"Progress":0.001}
{"Event":"Restart","Time":0.519,"AdjustCount":2809,"Restarts":36,"Conflicts":8521,"Decisions":14844,"Propagations":2649806,"Vars":2400,"Clauses":7121,"Literals":16760,"LEARNT_Limit":5596,"LEARNT_Clauses":3311,"LEARNT_Lit/Cl":22,"Progress":0.001}
{"Event":"Restart","Time":0.526,"AdjustCount":2709,"Restarts":37,"Conflicts":8621,"Decisions":15035,"Propagations":2672322,"Vars":2400,"Clauses":7121,"Literals":16760,"LEARNT_Limit":5596,"LEARNT_Clauses":3411,"LEARNT_Lit/Cl":22,"Progress":0.001}
{"Event":"Restart","Time":0.539,"AdjustCount":2508,"Restarts":38,"Conflicts":8822,"Decisions":15414,"Propagations":2731387,"Vars":2400,"Clauses":7121,"Literals":16760,"LEARNT_Limit":5596,"LEARNT_Clauses":3612,"LEARNT_Lit/Cl":23,"Progress":0.001}
{"Event":"Restart","Time":0.565,"AdjustCount":2107,"Restarts":39,"Conflicts":9223,"Decisions":16064,"Propagations":2840961,"Vars":2400,"Clauses":7121,"Literals":16760,"LEARNT_Limit":5596,"LEARNT_Clauses":4013,"LEARNT_Lit/Cl":24,"Progress":0.004}
{"Event":"Restart","Time":0.571,"AdjustCount":2007,"Restarts":40,"Conflicts":9323,"Decisions":16188,"Propagations":2874432,"Vars":2400,"Clauses":7121,"Literals":16760,"LEARNT_Limit":5596,"LEARNT_Clauses":4113,"LEARNT_Lit/Cl":24,"Progress":0.000}
{"Event":"Restart","Time":0.578,"AdjustCount":1906,"Restarts":41,"Conflicts":9424,"Decisions":16311,"Propagations":2911644,"Vars":2400,"Clauses":7121,"Literals":16760,"LEARNT_Limit":5596,"LEARNT_Clauses":4214,"LEARNT_Lit/Cl":23,"Progress":0.004}
{"Event":"Restart","Time":0.592,"AdjustCount":1706,"Restarts":42,"Conflicts":9624,"Decisions":16742,"Propagations":2961632,"Vars":2400,"Clauses":7121,"Literals":16760,"LEARNT_Limit":5596,"LEARNT_Clauses":4414,"LEARNT_Lit/Cl":24,"Progress":0.004}
{"Event":"Restart","Time":0.601,"AdjustCount":1604,"Restarts":43,"Conflicts":9726,"Decisions":16916,"Propagations":2986209,"Vars":2400,"Clauses":7121,"Literals":16760,"LEARNT_Limit":5596,"LEARNT_Clauses":4516,"LEARNT_Lit/Cl":24,"Progress":0.000}
{"Event":"Restart","Time":0.609,"AdjustCount":1503,"Restarts":44,"Conflicts":9827,"Decisions":17068,"Propagations":3022868,"Vars":2400,"Clauses":7121,"Literals":16760,"LEARNT_Limit":5596,"LEARNT_Clauses":4617,"LEARNT_Lit/Cl":24,"Progress":0.000}
{"Event":"Restart","Time":0.623,"AdjustCount":1302,"Restarts":45,"Conflicts":10028,"Decisions":17619,"Propagations":3087820,"Vars":2400,"Clauses":7121,"Literals":16760,"LEARNT_Limit":5596,"LEARNT_Clauses":4818,"LEARNT_Lit/Cl":24,"Progress":0.001}
{"Event":"Restart","Time":0.650,"AdjustCount":901,"Restarts":46,"Conflicts":10429,"Decisions":18278,"Propagations":3202892,"Vars":2400,"Clauses":7121,"Literals":16760,"LEARNT_Limit":5596,"LEARNT_Clauses":5219,"LEARNT_Lit/Cl":24,"Progress":0.001}
{"Event":"Restart","Time":0.706,"AdjustCount":101,"Restarts":47,"Conflicts":11229,"Decisions":19741,"Propagations":3424800,"Vars":2400,"Clauses":7121,"Literals":16760,"LEARNT_Limit":5596,"LEARNT_Clauses":3010,"LEARNT_Lit/Cl":20,"Progress":0.001}
{"Event":"Restart","Time":0.714,"AdjustCount":1,"Restarts":48,"Conflicts":11329,"Decisions":19887,"Propagations":3466943,"Vars":2400,"Clauses":7121,"Literals":16760,"LEARNT_Limit":5596,"LEARNT_Clauses":3110,"LEARNT_Lit/Cl":20,"Progress":0.000}
{"Event":"LearnMore","Time":0.714,"AdjustCount":5766,"Restarts":48,"Conflicts":11330,"Decisions":19888,"Propagations":3467094,"Vars":2400,"Clauses":7121,"Literals":16760,"LEARNT_Limit":6156,"LEARNT_Clauses":3111,"LEARNT_Lit/Cl":20,"Progress":0.000}
{"Event":"Restart","Time":0.720,"AdjustCount":5667,"Restarts":49,"Conflicts":11429,"Decisions":20030,"Propagations":3504165,"Vars":2400,"Clauses":7121,"Literals":16760,"LEARNT_Limit":6156,"LEARNT_Clauses":3210,"LEARNT_Lit/Cl":20,"Progress":0.000}
{"Event":"Restart","Time":0.732,"AdjustCount":5467,"Restarts":50,"Conflicts":11629,"Decisions":20331,"Propagations":3577644,"Vars":2400,"Clauses":7121,"Literals":16760,"LEARNT_Limit":6156,"LEARNT_Clauses":3410,"LEARNT_Lit/Cl":19,"Progress":0.000}
{"Event":"Restart","Time":0.739,"AdjustCount":5367,"Restarts":51,"Conflicts":11729,"Decisions":20543,"Propagations":3614639,"Vars":2399,"Clauses":7119,"Literals":16754,"LEARNT_Limit":6156,"LEARNT_Clauses":3147,"LEARNT_Lit/Cl":20,"Progress":0.042}
{"Event":"Restart","Time":0.743,"AdjustCount":5267,"Restarts":52,"Conflicts":11829,"Decisions":20742,"Propagations":3648733,"Vars":2399,"Clauses":7119,"Literals":16754,"LEARNT_Limit":6156,"LEARNT_Clauses":3247,"LEARNT_Lit/Cl":20,"Progress":0.042}
{"Event":"Restart","Time":0.755,"AdjustCount":5067,"Restarts":53,"Conflicts":12029,"Decisions":21140,"Propagations":3716302,"Vars":2399,"Clauses":7119,"Literals":16754,"LEARNT_Limit":6156,"LEARNT_Clauses":3447,"LEARNT_Lit/Cl":20,"Progress":0.046}
{"Event":"Restart","Time":0.782,"AdjustCount":4667,"Restarts":54,"Conflicts":12429,"Decisions":21809,"Propagations":3839940,"Vars":2399,"Clauses":7119,"Literals":16754,"LEARNT_Limit":6156,"LEARNT_Clauses":3847,"LEARNT_Lit/Cl":20,"Progress":0.042}
{"Event":"Restart","Time":0.788,"AdjustCount":4567,"Restarts":55,"Conflicts":12529,"Decisions":21994,"Propagations":3868249,"Vars":2399,"Clauses":7119,"Literals":16754,"LEARNT_Limit":6156,"LEARNT_Clauses":3947,"LEARNT_Lit/Cl":20,"Progress":0.046}
{"Event":"Restart","Time":0.795,"AdjustCount":4467,"Restarts":56,"Conflicts":12629,"Decisions":22178,"Propagations":3895086,"Vars":2399,"Clauses":7119,"Literals":16754,"LEARNT_Limit":6156,"LEARNT_Clauses":4047,"LEARNT_Lit/Cl":20,"Progress":0.042}
{"Event":"Restart","Time":0.807,"AdjustCount":4267,"Restarts":57,"Conflicts":12829,"Decisions":22547,"Propagations":3952985,"Vars":2399,"Clauses":7119,"Literals":16754,"LEARNT_Limit":6156,"LEARNT_Clauses":4247,"LEARNT_Lit/Cl":20,"Progress":0.042}
{"Event":"Restart","Time":0.815,"AdjustCount":4167,"Restarts":58,"Conflicts":12929,"Decisions":22764,"Propagations":3985624,"Vars":2399,"Clauses":7119,"Literals":16754,"LEARNT_Limit":6156,"LEARNT_Clauses":4347,"LEARNT_Lit/Cl":20,"Progress":0.046}
{"Event":"Restart","Time":0.823,"AdjustCount":4067,"Restarts":59,"Conflicts":13029,"Decisions":23022,"Propagations":4026755,"Vars":2399,"Clauses":7119,"Literals":16754,"LEARNT_Limit":6156,"LEARNT_Clauses":4447,"LEARNT_Lit/Cl":20,"Progress":0.042}
{"Event":"Restart","Time":0.838,"AdjustCount":3866,"Restarts":60,"Conflicts":13230,"Decisions":23394,"Propagations":4097719,"Vars":2399,"Clauses":7119,"Literals":16754,"LEARNT_Limit":6156,"LEARNT_Clauses":4648,"LEARNT_Lit/Cl":20,"Progress":0.042}
{"Event":"Restart","Time":0.864,"AdjustCount":3466,"Restarts":61,"Conflicts":13630,"Decisions":24084,"Propagations":4208082,"Vars":2399,"Clauses":7119,"Literals":16754,"LEARNT_Limit":6156,"LEARNT_Clauses":5048,"LEARNT_Lit/Cl":20,"Progress":0.042}
{"Event":"Restart","Time":0.928,"AdjustCount":2666,"Restarts":62,"Conflicts":14430,"Decisions":25338,"Propagations":4468530,"Vars":2399,"Clauses":7119,"Literals":16754,"LEARNT_Limit":6156,"LEARNT_Clauses":5848,"LEARNT_Lit/Cl":20,"Progress":0.042}
{"Event":"Restart","Time":1.042,"AdjustCount":1065,"Restarts":63,"Conflicts":16031,"Decisions":28090,"Propagations":4935199,"Vars":2399,"Clauses":7119,"Literals":16754,"LEARNT_Limit":6156,"LEARNT_Clauses":4064,"LEARNT_Lit/Cl":17,"Progress":0.046}
{"Event":"LearnMore","Time":1.108,"AdjustCount":8649,"Restarts":63,"Conflicts":17096,"Decisions":29920,"Propagations":5236193,"Vars":2399,"Clauses":7119,"Literals":16754,"LEARNT_Limit":6772,"LEARNT_Clauses":5129,"LEARNT_Lit/Cl":18,"Progress":0.051}
{"Event":"Restart","Time":1.244,"AdjustCount":6514,"Restarts":64,"Conflicts":19231,"Decisions":33596,"Propagations":5789616,"Vars":2399,"Clauses":7119,"Literals":16754,"LEARNT_Limit":6772,"LEARNT_Clauses":3633,"LEARNT_Lit/Cl":17,"Progress":0.042}
{"Event":"Restart","Time":1.251,"AdjustCount":6414,"Restarts":65,"Conflicts":19331,"Decisions":33795,"Propagations":5817466,"Vars":2399,"Clauses":7119,"Literals":16754,"LEARNT_Limit":6772,"LEARNT_Clauses":3733,"LEARNT_Lit/Cl":17,"Progress":0.042}
{"Event":"Restart","Time":1.256,"AdjustCount":6312,"Restarts":66,"Conflicts":19433,"Decisions":34059,"Propagations":5840537,"Vars":2399,"Clauses":7119,"Literals":16754,"LEARNT_Limit":6772,"LEARNT_Clauses":3835,"LEARNT_Lit/Cl":18,"Progress":0.046}
{"Event":"Restart","Time":1.267,"AdjustCount":6110,"Restarts":67,"Conflicts":19635,"Decisions":34448,"Propagations":5889875,"Vars":2399,"Clauses":7119,"Literals":16754,"LEARNT_Limit":6772,"LEARNT_Clauses":4037,"LEARNT_Lit/Cl":18,"Progress":0.046}
{"Event":"Restart","Time":1.273,"AdjustCount":6010,"Restarts":68,"Conflicts":19735,"Decisions":34722,"Propagations":5915244,"Vars":2399,"Clauses":7119,"Literals":16754,"LEARNT_Limit":6772,"LEARNT_Clauses":4137,"LEARNT_Lit/Cl":19,"Progress":0.046}
{"Event":"Restart","Time":1.279,"AdjustCount":5909,"Restarts":69,"Conflicts":19836,"Decisions":34941,"Propagations":5946115,"Vars":2399,"Clauses":7119,"Literals":16754,"LEARNT_Limit":6772,"LEARNT_Clauses":4238,"LEARNT_Lit/Cl":19,"Progress":0.046}
{"Event":"Restart","Time":1.293,"AdjustCount":5709,"Restarts":70,"Conflicts":20036,"Decisions":35215,"Propagations":6033910,"Vars":2399,"Clauses":7119,"Literals":16754,"LEARNT_Limit":6772,"LEARNT_Clauses":4438,"LEARNT_Lit/Cl":19,"Progress":0.046}
{"Event":"Restart","Time":1.318,"AdjustCount":5309,"Restarts":71,"Conflicts":20436,"Decisions":35854,"Propagations":6157410,"Vars":2399,"Clauses":7119,"Literals":16754,"LEARNT_Limit":6772,"LEARNT_Clauses":4838,"LEARNT_Lit/Cl":19,"Progress":0.046}
{"Event":"Restart","Time":1.324,"AdjustCount":5208,"Restarts":72,"Conflicts":20537,"Decisions":36032,"Propagations":6189585,"Vars":2399,"Clauses":7119,"Literals":16754,"LEARNT_Limit":6772,"LEARNT_Clauses":4939,"LEARNT_Lit/Cl":19,"Progress":0.046}
{"Event":"Restart","Time":1.330,"AdjustCount":5107,"Restarts":73,"Conflicts":20638,"Decisions":36199,"Propagations":6223715,"Vars":2399,"Clauses":7119,"Literals":16754,"LEARNT_Limit":6772,"LEARNT_Clauses":5040,"LEARNT_Lit/Cl":19,"Progress":0.046}
{"Event":"Restart","Time":1.343,"AdjustCount":4905,"Restarts":74,"Conflicts":20840,"Decisions":36542,"Propagations":6276859,"Vars":2399,"Clauses":7119,"Literals":16754,"LEARNT_Limit":6772,"LEARNT_Clauses":5242,"LEARNT_Lit/Cl":19,"Progress":0.046}
{"Event":"Restart","Time":1.352,"AdjustCount":4804,"Restarts":75,"Conflicts":20941,"Decisions":36695,"Propagations":6325343,"Vars":2399,"Clauses":7119,"Literals":16754,"LEARNT_Limit":6772,"LEARNT_Clauses":5343,"LEARNT_Lit/Cl":19,"Progress":0.042}
{"Event":"Restart","Time":1.360,"AdjustCount":4702,"Restarts":76,"Conflicts":21043,"Decisions":36829,"Propagations":6366132,"Vars":2399,"Clauses":7119,"Literals":16754,"LEARNT_Limit":6772,"LEARNT_Clauses":5445,"LEARNT_Lit/Cl":19,"Progress":0.046}
{"Event":"Restart","Time":1.374,"AdjustCount":4501,"Restarts":77,"Conflicts":21244,"Decisions":37208,"Propagations":6433074,"Vars":2399,"Clauses":7119,"Literals":16754,"LEARNT_Limit":6772,"LEARNT_Clauses":5646,"LEARNT_Lit/Cl":19,"Progress":0.042}
{"Event":"Restart","Time":1.402,"AdjustCount":4100,"Restarts":78,"Conflicts":21645,"Decisions":37884,"Propagations":6572046,"Vars":2399,"Clauses":7119,"Literals":16754,"LEARNT_Limit":6772,"LEARNT_Clauses":6047,"LEARNT_Lit/Cl":19,"Progress":0.046}
{"Event":"Restart","Time":1.458,"AdjustCount":3300,"Restarts":79,"Conflicts":22445,"Decisions":39316,"Propagations":6815924,"Vars":2399,"Clauses":7119,"Literals":16754,"LEARNT_Limit":6772,"LEARNT_Clauses":3424,"LEARNT_Lit/Cl":17,"Progress":0.046}
{"Event":"Restart","Time":1.465,"AdjustCount":3199,"Restarts":80,"Conflicts":22546,"Decisions":39527,"Propagations":6851222,"Vars":2399,"Clauses":7119,"Literals":16754,"LEARNT_Limit":6772,"LEARNT_Clauses":3525,"LEARNT_Lit/Cl":17,"Progress":0.046}
{"Event":"Restart","Time":1.472,"AdjustCount":3099,"Restarts":81,"Conflicts":22646,"Decisions":39730,"Propagations":6881713,"Vars":2399,"Clauses":7119,"Literals":16754,"LEARNT_Limit":6772,"LEARNT_Clauses":3625,"LEARNT_Lit/Cl":17,"Progress":0.046}
{"Event":"Restart","Time":1.485,"AdjustCount":2898,"Restarts":82,"Conflicts":22847,"Decisions":40118,"Propagations":6944962,"Vars":2399,"Clauses":7119,"Literals":16754,"LEARNT_Limit":6772,"LEARNT_Clauses":3826,"LEARNT_Lit/Cl":17,"Progress":0.046}
{"Event":"Restart","Time":1.491,"AdjustCount":2796,"Restarts":83,"Conflicts":22949,"Decisions":40364,"Propagations":6972134,"Vars":2399,"Clauses":7119,"Literals":16754,"LEARNT_Limit":6772,"LEARNT_Clauses":3928,"LEARNT_Lit/Cl":18,"Progress":0.046}
{"Event":"Restart","Time":1.498,"AdjustCount":2696,"Restarts":84,"Conflicts":23049,"Decisions":40556,"Propagations":7007031,"Vars":2399,"Clauses":7119,"Literals":16754,"LEARNT_Limit":6772,"LEARNT_Clauses":4028,"LEARNT_Lit/Cl":18,"Progress":0.046}
{"Event":"Restart","Time":1.513,"AdjustCount":2495,"Restarts":85,"Conflicts":23250,"Decisions":41040,"Propagations":7079766,"Vars":2399,"Clauses":7119,"Literals":16754,"LEARNT_Limit":6772,"LEARNT_Clauses":4229,"LEARNT_Lit/Cl":18,"Progress":0.046}
{"Event":"Restart","Time":1.540,"AdjustCount":2094,"Restarts":86,"Conflicts":23651,"Decisions":41664,"Propagations":7205841,"Vars":2399,"Clauses":7119,"Literals":16754,"LEARNT_Limit":6772,"LEARNT_Clauses":4630,"LEARNT_Lit/Cl":18,"Progress":0.046}
{"Event":"Restart","Time":1.547,"AdjustCount":1992,"Restarts":87,"Conflicts":23753,"Decisions":41824,"Propagations":7240296,"Vars":2399,"Clauses":7119,"Literals":16754,"LEARNT_Limit":6772,"LEARNT_Clauses":4732,"LEARNT_Lit/Cl":18,"Progress":0.046}
{"Event":"Restart","Time":1.554,"AdjustCount":1892,"Restarts":88,"Conflicts":23853,"Decisions":41992,"Propagations":7273756,"Vars":2399,"Clauses":7119,"Literals":16754,"LEARNT_Limit":6772,"LEARNT_Clauses":4832,"LEARNT_Lit/Cl":18,"Progress":0.046}
{"Event":"Restart","Time":1.570,"AdjustCount":1691,"Restarts":89,"Conflicts":24054,"Decisions":42339,"Propagations":7344582,"Vars":2399,"Clauses":7119,"Literals":16754,"LEARNT_Limit":6772,"LEARNT_Clauses":5033,"LEARNT_Lit/Cl":18,"Progress":0.046}
{"Event":"Restart","Time":1.578,"AdjustCount":1589,"Restarts":90,"Conflicts":24156,"Decisions":42470,"Propagations":7388010,"Vars":2399,"Clauses":7119,"Literals":16754,"LEARNT_Limit":6772,"LEARNT_Clauses":5135,"LEARNT_Lit/Cl":18,"Progress":0.046}
{"Event":"Restart","Time":1.583,"AdjustCount":1488,"Restarts":91,"Conflicts":24257,"Decisions":42661,"Propagations":7408464,"Vars":2399,"Clauses":7119,"Literals":16754,"LEARNT_Limit":6772,"LEARNT_Clauses":5236,"LEARNT_Lit/Cl":18,"Progress":0.046}
{"Event":"Restart","Time":1.597,"AdjustCount":1288,"Restarts":92,"Conflicts":24457,"Decisions":43063,"Propagations":7469150,"Vars":2399,"Clauses":7119,"Literals":16754,"LEARNT_Limit":6772,"LEARNT_Clauses":5436,"LEARNT_Lit/Cl":18,"Progress":0.046}
{"Event":"Restart","Time":1.627,"AdjustCount":887,"Restarts":93,"Conflicts":24858,"Decisions":43763,"Propagations":7605761,"Vars":2399,"Clauses":7119,"Literals":16754,"LEARNT_Limit":6772,"LEARNT_Clauses":5837,"LEARNT_Lit/Cl":18,"Progress":0.046}
{"Event":"Restart","Time":1.696,"AdjustCount":86,"Restarts":94,"Conflicts":25659,"Decisions":45024,"Propagations":7910660,"Vars":2399,"Clauses":7119,"Literals":16754,"LEARNT_Limit":6772,"LEARNT_Clauses":6638,"LEARNT_Lit/Cl":19,"Progress":0.046}
{"Event":"LearnMore","Time":1.703,"AdjustCount":12974,"Restarts":94,"Conflicts":25745,"Decisions":45187,"Propagations":7940793,"Vars":2399,"Clauses":7119,"Literals":16754,"LEARNT_Limit":7449,"LEARNT_Clauses":6724,"LEARNT_Lit/Cl":19,"Progress":0.046}
{"Event":"Restart","Time":1.824,"AdjustCount":11460,"Restarts":95,"Conflicts":27259,"Decisions":47729,"Propagations":8437120,"Vars":2399,"Clauses":7119,"Literals":16754,"LEARNT_Limit":7449,"LEARNT_Clauses":4231,"LEARNT_Lit/Cl":15,"Progress":0.050}
{"Event":"Restart","Time":1.831,"AdjustCount":11359,"Restarts":96,"Conflicts":27360,"Decisions":47892,"Propagations":8471222,"Vars":2399,"Clauses":7119,"Literals":16754,"LEARNT_Limit":7449,"LEARNT_Clauses":4332,"LEARNT_Lit/Cl":15,"Progress":0.050}
{"Event":"Restart","Time":1.838,"AdjustCount":11257,"Restarts":97,"Conflicts":27462,"Decisions":48059,"Propagations":8514735,"Vars":2399,"Clauses":7119,"Literals":16754,"LEARNT_Limit":7449,"LEARNT_Clauses":4434,"LEARNT_Lit/Cl":15,"Progress":0.050}
{"Event":"Restart","Time":1.852,"AdjustCount":11055,"Restarts":98,"Conflicts":27664,"Decisions":48351,"Propagations":8578471,"Vars":2399,"Clauses":7119,"Literals":16754,"LEARNT_Limit":7449,"LEARNT_Clauses":4636,"LEARNT_Lit/Cl":15,"Progress":0.050}
{"Event":"Restart","Time":1.861,"AdjustCount":10955,"Restarts":99,"Conflicts":27764,"Decisions":48510,"Propagations":8623445,"Vars":2094,"Clauses":5999,"Literals":14188,"LEARNT_Limit":7449,"LEARNT_Clauses":1309,"LEARNT_Lit/Cl":9,"Progress":12.753}
{"Event":"Restart","Time":1.866,"AdjustCount":10853,"Restarts":100,"Conflicts":27866,"Decisions":48640,"Propagations":8654478,"Vars":2094,"Clauses":5999,"Literals":14188,"LEARNT_Limit":7449,"LEARNT_Clauses":1411,"LEARNT_Lit/Cl":9,"Progress":12.753}
{"Event":"Restart","Time":1.877,"AdjustCount":10653,"Restarts":101,"Conflicts":28066,"Decisions":48980,"Propagations":8721764,"Vars":2094,"Clauses":5999,"Literals":14188,"LEARNT_Limit":7449,"LEARNT_Clauses":1611,"LEARNT_Lit/Cl":10,"Progress":12.750}
{"Event":"Restart","Time":1.896,"AdjustCount":10253,"Restarts":102,"Conflicts":28466,"Decisions":49771,"Propagations":8813375,"Vars":2094,"Clauses":5999,"Literals":14188,"LEARNT_Limit":7449,"LEARNT_Clauses":2011,"LEARNT_Lit/Cl":14,"Progress":12.755}
{"Event":"Restart","Time":1.900,"AdjustCount":10152,"Restarts":103,"Conflicts":28567,"Decisions":49930,"Propagations":8835698,"Vars":2094,"Clauses":5999,"Literals":14188,"LEARNT_Limit":7449,"LEARNT_Clauses":2112,"LEARNT_Lit/Cl":14,"Progress":12.750}
{"Event":"Restart","Time":1.906,"AdjustCount":10050,"Restarts":104,"Conflicts":28669,"Decisions":50139,"Propagations":8858817,"Vars":2094,"Clauses":5999,"Literals":14188,"LEARNT_Limit":7449,"LEARNT_Clauses":2214,"LEARNT_Lit/Cl":15,"Progress":12.750}
{"Event":"Restart","Time":1.917,"AdjustCount":9850,"Restarts":105,"Conflicts":28869,"Decisions":50562,"Propagations":8914463,"Vars":2094,"Clauses":5999,"Literals":14188,"LEARNT_Limit":7449,"LEARNT_Clauses":2414,"LEARNT_Lit/Cl":15,"Progress":12.755}
{"Event":"Restart","Time":1.922,"AdjustCount":9748,"Restarts":106,"Conflicts":28971,"Decisions":50751,"Propagations":8942003,"Vars":2094,"Clauses":5999,"Literals":14188,"LEARNT_Limit":7449,"LEARNT_Clauses":2516,"LEARNT_Lit/Cl":16,"Progress":12.755}
{"Event":"Restart","Time":1.927,"AdjustCount":9648,"Restarts":107,"Conflicts":29071,"Decisions":50947,"Propagations":8967946,"Vars":2094,"Clauses":5999,"Literals":14188,"LEARNT_Limit":7449,"LEARNT_Clauses":2616,"LEARNT_Lit/Cl":16,"Progress":12.750}
{"Event":"Restart","Time":1.938,"AdjustCount":9448,"Restarts":108,"Conflicts":29271,"Decisions":51301,"Propagations":9030688,"Vars":2094,"Clauses":5999,"Literals":14188,"LEARNT_Limit":7449,"LEARNT_Clauses":2816,"LEARNT_Lit/Cl":15,"Progress":12.753}
{"Event":"Restart","Time":1.961,"AdjustCount":9046,"Restarts":109,"Conflicts":29673,"Decisions":51929,"Propagations":9145724,"Vars":2094,"Clauses":5999,"Literals":14188,"LEARNT_Limit":7449,"LEARNT_Clauses":3218,"LEARNT_Lit/Cl":16,"Progress":12.750}
{"Event":"Restart","Time":2.011,"AdjustCount":8245,"Restarts":110,"Conflicts":30474,"Decisions":53377,"Propagations":9384391,"Vars":2094,"Clauses":5999,"Literals":14188,"LEARNT_Limit":7449,"LEARNT_Clauses":4019,"LEARNT_Lit/Cl":17,"Progress":12.755}
{"Event":"Restart","Time":2.018,"AdjustCount":8143,"Restarts":111,"Conflicts":30576,"Decisions":53549,"Propagations":9411764,"Vars":2094,"Clauses":5999,"Literals":14188,"LEARNT_Limit":7449,"LEARNT_Clauses":4121,"LEARNT_Lit/Cl":17,"Progress":12.755}
{"Event":"Restart","Time":2.024,"AdjustCount":8042,"Restarts":112,"Conflicts":30677,"Decisions":53764,"Propagations":9438202,"Vars":2094,"Clauses":5999,"Literals":14188,"LEARNT_Limit":7449,"LEARNT_Clauses":4222,"LEARNT_Lit/Cl":17,"Progress":12.755}
{"Event":"Restart","Time":2.038,"AdjustCount":7842,"Restarts":113,"Conflicts":30877,"Decisions":54205,"Propagations":9504348,"Vars":2094,"Clauses":5999,"Literals":14188,"LEARNT_Limit":7449,"LEARNT_Clauses":4422,"LEARNT_Lit/Cl":17,"Progress":12.755}
{"Event":"Restart","Time":2.045,"AdjustCount":7742,"Restarts":114,"Conflicts":30977,"Decisions":54378,"Propagations":9536037,"Vars":2094,"Clauses":5999,"Literals":14188,"LEARNT_Limit":7449,"LEARNT_Clauses":4522,"LEARNT_Lit/Cl":17,"Progress":12.755}
{"Event":"Restart","Time":2.051,"AdjustCount":7642,"Restarts":115,"Conflicts":31077,"Decisions":54557,"Propagations":9561653,"Vars":2094,"Clauses":5999,"Literals":14188,"LEARNT_Limit":7449,"LEARNT_Clauses":4622,"LEARNT_Lit/Cl":17,"Progress":12.755}
{"Event":"Restart","Time":2.065,"AdjustCount":7441,"Restarts":116,"Conflicts":31278,"Decisions":54923,"Propagations":9621670,"Vars":2094,"Clauses":5999,"Literals":14188,"LEARNT_Limit":7449,"LEARNT_Clauses":4823,"LEARNT_Lit/Cl":17,"Progress":12.755}
{"Event":"Restart","Time":2.090,"AdjustCount":7039,"Restarts":117,"Conflicts":31680,"Decisions":55599,"Propagations":9725345,"Vars":1902,"Clauses":5313,"Literals":12618,"LEARNT_Limit":7449,"LEARNT_Clauses":3228,"LEARNT_Lit/Cl":15,"Progress":20.750}
{"Event":"Restart","Time":2.095,"AdjustCount":6939,"Restarts":118,"Conflicts":31780,"Decisions":55787,"Propagations":9745938,"Vars":1902,"Clauses":5313,"Literals":12618,"LEARNT_Limit":7449,"LEARNT_Clauses":3328,"LEARNT_Lit/Cl":15,"Progress":20.750}
{"Event":"Restart","Time":2.101,"AdjustCount":6836,"Restarts":119,"Conflicts":31883,"Decisions":55965,"Propagations":9773457,"Vars":1902,"Clauses":5313,"Literals":12618,"LEARNT_Limit":7449,"LEARNT_Clauses":3431,"LEARNT_Lit/Cl":15,"Progress":20.753}
{"Event":"Restart","Time":2.114,"AdjustCount":6635,"Restarts":120,"Conflicts":32084,"Decisions":56323,"Propagations":9831482,"Vars":1902,"Clauses":5313,"Literals":12618,"LEARNT_Limit":7449,"LEARNT_Clauses":3632,"LEARNT_Lit/Cl":15,"Progress":20.750}
{"Event":"Restart","Time":2.120,"AdjustCount":6535,"Restarts":121,"Conflicts":32184,"Decisions":56509,"Propagations":9856785,"Vars":1902,"Clauses":5313,"Literals":12618,"LEARNT_Limit":7449,"LEARNT_Clauses":3732,"LEARNT_Lit/Cl":16,"Progress":20.750}
{"Event":"Restart","Time":2.126,"AdjustCount":6434,"Restarts":122,"Conflicts":32285,"Decisions":56687,"Propagations":9881422,"Vars":1902,"Clauses":5313,"Literals":12618,"LEARNT_Limit":7449,"LEARNT_Clauses":3833,"LEARNT_Lit/Cl":16,"Progress":20.750}
{"Event":"Restart","Time":2.139,"AdjustCount":6234,"Restarts":123,"Conflicts":32485,"Decisions":57009,"Propagations":9946047,"Vars":1902,"Clauses":5313,"Literals":12618,"LEARNT_Limit":7449,"LEARNT_Clauses":4033,"LEARNT_Lit/Cl":16,"Progress":20.750}
{"Event":"Restart","Time":2.163,"AdjustCount":5833,"Restarts":124,"Conflicts":32886,"Decisions":57693,"Propagations":10050521,"Vars":1902,"Clauses":5313,"Literals":12618,"LEARNT_Limit":7449,"LEARNT_Clauses":4434,"LEARNT_Lit/Cl":16,"Progress":20.750}
{"Event":"Restart","Time":2.211,"AdjustCount":5033,"Restarts":125,"Conflicts":33686,"Decisions":59053,"Propagations":10261770,"Vars":1556,"Clauses":4147,"Literals":9924,"LEARNT_Limit":7449,"LEARNT_Clauses":1808,"LEARNT_Lit/Cl":11,"Progress":35.167}
===============================================================================
restarts              : 125
conflicts             : 33726          (15237 /sec)
decisions             : 59109          (0.00 % random) (26705 /sec)
propagations          : 10272739       (4641229 /sec)
conflict literals     : 729317         (36.82 % deleted)
Memory used           : 7.00 MB
CPU time              : 2.21337 s

UNSATISFIABLE
