WARNING: for repeatability, setting FPU to use double precision
============================[ Problem Statistics ]=============================
|                                                                             |
|  Number of variables:          2000                                         |
|  Number of clauses:            5921                                         |
|  Parse time:                   0.00 s                                       |
|                                                                             |
============================[ Search Statistics ]==============================
| Conflicts |          ORIGINAL         |          LEARNT          | Progress |
|           |    Vars  Clauses Literals |    Limit  Clauses Lit/Cl |          |
===============================================================================
{"Event":"Restart","Time":0.005,"AdjustCount":99,"Restarts":1,"Conflicts":1,"Decisions":12,"Propagations":1008,"Vars":2000,"Clauses":5921,"Literals":13960,"LEARNT_Limit":1973,"LEARNT_Clauses":1,"LEARNT_Lit/Cl":4,"Progress":0.000}
{"Event":"LearnMore","Time":0.009,"AdjustCount":150,"Restarts":1,"Conflicts":100,"Decisions":340,"Propagations":20441,"Vars":2000,"Clauses":5921,"Literals":13960,"LEARNT_Limit":2171,"LEARNT_Clauses":100,"LEARNT_Lit/Cl":23,"Progress":0.000}
{"Event":"Restart","Time":0.009,"AdjustCount":149,"Restarts":2,"Conflicts":101,"Decisions":410,"Propagations":21835,"Vars":2000,"Clauses":5921,"Literals":13960,"LEARNT_Limit":2171,"LEARNT_Clauses":101,"LEARNT_Lit/Cl":23,"Progress":0.000}
{"Event":"Restart","Time":0.013,"AdjustCount":49,"Restarts":3,"Conflicts":201,"Decisions":611,"Propagations":50929,"Vars":2000,"Clauses":5921,"Literals":13960,"LEARNT_Limit":2171,"LEARNT_Clauses":201,"LEARNT_Lit/Cl":16,"Progress":0.000}
{"Event":"LearnMore","Time":0.015,"AdjustCount":225,"Restarts":3,"Conflicts":250,"Decisions":678,"Propagations":65365,"Vars":2000,"Clauses":5921,"Literals":13960,"LEARNT_Limit":2388,"LEARNT_Clauses":250,"LEARNT_Lit/Cl":14,"Progress":0.000}
{"Event":"Restart","Time":0.022,"AdjustCount":74,"Restarts":4,"Conflicts":401,"Decisions":948,"Propagations":98791,"Vars":1999,"Clauses":5919,"Literals":13954,"LEARNT_Limit":2388,"LEARNT_Clauses":287,"LEARNT_Lit/Cl":24,"Progress":0.050}
{"Event":"LearnMore","Time":0.025,"AdjustCount":337,"Restarts":4,"Conflicts":475,"Decisions":1082,"Propagations":117813,"Vars":1999,"Clauses":5919,"Literals":13954,"LEARNT_Limit":2626,"LEARNT_Clauses":361,"LEARNT_Lit/Cl":22,"Progress":0.050}
{"Event":"Restart","Time":0.026,"AdjustCount":310,"Restarts":5,"Conflicts":502,"Decisions":1161,"Propagations":126366,"Vars":1999,"Clauses":5919,"Literals":13954,"LEARNT_Limit":2626,"LEARNT_Clauses":388,"LEARNT_Lit/Cl":22,"Progress":0.051}
{"Event":"Restart","Time":0.032,"AdjustCount":210,"Restarts":6,"Conflicts":602,"Decisions":1333,"Propagations":161999,"Vars":1999,"Clauses":5919,"Literals":13954,"LEARNT_Limit":2626,"LEARNT_Clauses":488,"LEARNT_Lit/Cl":21,"Progress":0.050}
{"Event":"Restart","Time":0.040,"AdjustCount":9,"Restarts":7,"Conflicts":803,"Decisions":1823,"Propagations":196704,"Vars":1999,"Clauses":5919,"Literals":13954,"LEARNT_Limit":2626,"LEARNT_Clauses":689,"LEARNT_Lit/Cl":24,"Progress":0.050}
{"Event":"LearnMore","Time":0.041,"AdjustCount":506,"Restarts":7,"Conflicts":812,"Decisions":1897,"Propagations":200050,"Vars":1999,"Clauses":5919,"Literals":13954,"LEARNT_Limit":2889,"LEARNT_Clauses":698,"LEARNT_Lit/Cl":24,"Progress":0.050}
{"Event":"Restart","Time":0.061,"AdjustCount":114,"Restarts":8,"Conflicts":1204,"Decisions":2594,"Propagations":305478,"Vars":1999,"Clauses":5919,"Literals":13954,"LEARNT_Limit":2889,"LEARNT_Clauses":1090,"LEARNT_Lit/Cl":21,"Progress":0.050}
{"Event":"Restart","Time":0.066,"AdjustCount":13,"Restarts":9,"Conflicts":1305,"Decisions":3003,"Propagations":326878,"Vars":1999,"Clauses":5919,"Literals":13954,"LEARNT_Limit":2889,"LEARNT_Clauses":1191,"LEARNT_Lit/Cl":21,"Progress":0.050}
{"Event":"LearnMore","Time":0.066,"AdjustCount":759,"Restarts":9,"Conflicts":1318,"Decisions":3028,"Propagations":329128,"Vars":1999,"Clauses":5919,"Literals":13954,"LEARNT_Limit":3178,"LEARNT_Clauses":1204,"LEARNT_Lit/Cl":21,"Progress":0.050}
{"Event":"Restart","Time":0.070,"AdjustCount":672,"Restarts":10,"Conflicts":1405,"Decisions":3239,"Propagations":351919,"Vars":1999,"Clauses":5919,"Literals":13954,"LEARNT_Limit":3178,"LEARNT_Clauses":1291,"LEARNT_Lit/Cl":21,"Progress":0.053}
{"Event":"Restart","Time":0.080,"AdjustCount":472,"Restarts":11,"Conflicts":1605,"Decisions":3674,"Propagations":407702,"Vars":1999,"Clauses":5919,"Literals":13954,"LEARNT_Limit":3178,"LEARNT_Clauses":1491,"LEARNT_Lit/Cl":20,"Progress":0.050}
{"Event":"Restart","Time":0.084,"AdjustCount":372,"Restarts":12,"Conflicts":1705,"Decisions":3904,"Propagations":438735,"Vars":1999,"Clauses":5919,"Literals":13954,"LEARNT_Limit":3178,"LEARNT_Clauses":1591,"LEARNT_Lit/Cl":19,"Progress":0.050}
{"Event":"Restart","Time":0.088,"AdjustCount":270,"Restarts":13,"Conflicts":1807,"Decisions":4125,"Propagations":460321,"Vars":1999,"Clauses":5919,"Literals":13954,"LEARNT_Limit":3178,"LEARNT_Clauses":1693,"LEARNT_Lit/Cl":20,"Progress":0.050}
{"Event":"Restart","Time":0.097,"AdjustCount":70,"Restarts":14,"Conflicts":2007,"Decisions":4666,"Propagations":498892,"Vars":1999,"Clauses":5919,"Literals":13954,"LEARNT_Limit":3178,"LEARNT_Clauses":1893,"LEARNT_Lit/Cl":20,"Progress":0.050}
{"Event":"LearnMore","Time":0.100,"AdjustCount":1139,"Restarts":14,"Conflicts":2077,"Decisions":4842,"Propagations":516133,"Vars":1999,"Clauses":5919,"Literals":13954,"LEARNT_Limit":3496,"LEARNT_Clauses":1963,"LEARNT_Lit/Cl":20,"Progress":0.050}
{"Event":"Restart","Time":0.117,"AdjustCount":809,"Restarts":15,"Conflicts":2407,"Decisions":5504,"Propagations":580062,"Vars":1999,"Clauses":5919,"Literals":13954,"LEARNT_Limit":3496,"LEARNT_Clauses":2293,"LEARNT_Lit/Cl":23,"Progress":0.050}
{"Event":"Restart","Time":0.167,"AdjustCount":9,"Restarts":16,"Conflicts":3207,"Decisions":6884,"Propagations":855548,"Vars":1998,"Clauses":5917,"Literals":13948,"LEARNT_Limit":3496,"LEARNT_Clauses":2663,"LEARNT_Lit/Cl":21,"Progress":0.100}
{"Event":"LearnMore","Time":0.167,"AdjustCount":1708,"Restarts":16,"Conflicts":3216,"Decisions":6891,"Propagations":857852,"Vars":1998,"Clauses":5917,"Literals":13948,"LEARNT_Limit":3846,"LEARNT_Clauses":2672,"LEARNT_Lit/Cl":21,"Progress":0.100}
{"Event":"Restart","Time":0.173,"AdjustCount":1616,"Restarts":17,"Conflicts":3308,"Decisions":6980,"Propagations":889708,"Vars":1998,"Clauses":5917,"Literals":13948,"LEARNT_Limit":3846,"LEARNT_Clauses":2764,"LEARNT_Lit/Cl":21,"Progress":0.100}
{"Event":"Restart","Time":0.178,"AdjustCount":1515,"Restarts":18,"Conflicts":3409,"Decisions":7173,"Propagations":917820,"Vars":1998,"Clauses":5917,"Literals":13948,"LEARNT_Limit":3846,"LEARNT_Clauses":2865,"LEARNT_Lit/Cl":21,"Progress":0.100}
{"Event":"Restart","Time":0.188,"AdjustCount":1313,"Restarts":19,"Conflicts":3611,"Decisions":7482,"Propagations":969448,"Vars":1998,"Clauses":5917,"Literals":13948,"LEARNT_Limit":3846,"LEARNT_Clauses":3067,"LEARNT_Lit/Cl":20,"Progress":0.100}
{"Event":"Restart","Time":0.194,"AdjustCount":1211,"Restarts":20,"Conflicts":3713,"Decisions":7694,"Propagations":1002371,"Vars":1998,"Clauses":5917,"Literals":13948,"LEARNT_Limit":3846,"LEARNT_Clauses":3169,"LEARNT_Lit/Cl":20,"Progress":0.102}
{"Event":"Restart","Time":0.200,"AdjustCount":1110,"Restarts":21,"Conflicts":3814,"Decisions":7833,"Propagations":1036647,"Vars":1998,"Clauses":5917,"Literals":13948,"LEARNT_Limit":3846,"LEARNT_Clauses":3270,"LEARNT_Lit/Cl":20,"Progress":0.103}
{"Event":"Restart","Time":0.210,"AdjustCount":909,"Restarts":22,"Conflicts":4015,"Decisions":8361,"Propagations":1075833,"Vars":1998,"Clauses":5917,"Literals":13948,"LEARNT_Limit":3846,"LEARNT_Clauses":3471,"LEARNT_Lit/Cl":20,"Progress":0.102}
{"Event":"Restart","Time":0.232,"AdjustCount":509,"Restarts":23,"Conflicts":4415,"Decisions":9206,"Propagations":1163541,"Vars":1998,"Clauses":5917,"Literals":13948,"LEARNT_Limit":3846,"LEARNT_Clauses":1936,"LEARNT_Lit/Cl":15,"Progress":0.102}
{"Event":"Restart","Time":0.237,"AdjustCount":409,"Restarts":24,"Conflicts":4515,"Decisions":9440,"Propagations":1186330,"Vars":1998,"Clauses":5917,"Literals":13948,"LEARNT_Limit":3846,"LEARNT_Clauses":2036,"LEARNT_Lit/Cl":15,"Progress":0.100}
{"Event":"Restart","Time":0.242,"AdjustCount":308,"Restarts":25,"Conflicts":4616,"Decisions":9654,"Propagations":1208627,"Vars":1998,"Clauses":5917,"Literals":13948,"LEARNT_Limit":3846,"LEARNT_Clauses":2137,"LEARNT_Lit/Cl":16,"Progress":0.102}
{"Event":"Restart","Time":0.252,"AdjustCount":107,"Restarts":26,"Conflicts":4817,"Decisions":10057,"Propagations":1256842,"Vars":1998,"Clauses":5917,"Literals":13948,"LEARNT_Limit":3846,"LEARNT_Clauses":2338,"LEARNT_Lit/Cl":17,"Progress":0.102}
{"Event":"Restart","Time":0.257,"AdjustCount":7,"Restarts":27,"Conflicts":4917,"Decisions":10445,"Propagations":1283468,"Vars":1998,"Clauses":5917,"Literals":13948,"LEARNT_Limit":3846,"LEARNT_Clauses":2438,"LEARNT_Lit/Cl":17,"Progress":0.100}
{"Event":"LearnMore","Time":0.258,"AdjustCount":2562,"Restarts":27,"Conflicts":4924,"Decisions":10519,"Propagations":1285744,"Vars":1998,"Clauses":5917,"Literals":13948,"LEARNT_Limit":4230,"LEARNT_Clauses":2445,"LEARNT_Lit/Cl":17,"Progress":0.100}
{"Event":"Restart","Time":0.262,"AdjustCount":2468,"Restarts":28,"Conflicts":5018,"Decisions":10737,"Propagations":1310102,"Vars":1998,"Clauses":5917,"Literals":13948,"LEARNT_Limit":4230,"LEARNT_Clauses":2539,"LEARNT_Lit/Cl":17,"Progress":0.100}
{"Event":"Restart","Time":0.272,"AdjustCount":2268,"Restarts":29,"Conflicts":5218,"Decisions":11091,"Propagations":1364481,"Vars":1998,"Clauses":5917,"Literals":13948,"LEARNT_Limit":4230,"LEARNT_Clauses":2739,"LEARNT_Lit/Cl":17,"Progress":0.100}
{"Event":"Restart","Time":0.290,"AdjustCount":1864,"Restarts":30,"Conflicts":5622,"Decisions":11984,"Propagations":1444137,"Vars":1998,"Clauses":5917,"Literals":13948,"LEARNT_Limit":4230,"LEARNT_Clauses":3143,"LEARNT_Lit/Cl":19,"Progress":0.102}
{"Event":"Restart","Time":0.334,"AdjustCount":1064,"Restarts":31,"Conflicts":6422,"Decisions":13468,"Propagations":1624868,"Vars":1998,"Clauses":5917,"Literals":13948,"LEARNT_Limit":4230,"LEARNT_Clauses":3943,"LEARNT_Lit/Cl":21,"Progress":0.102}
{"Event":"LearnMore","Time":0.394,"AdjustCount":3844,"Restarts":31,"Conflicts":7486,"Decisions":15525,"Propagations":1842839,"Vars":1998,"Clauses":5917,"Literals":13948,"LEARNT_Limit":4653,"LEARNT_Clauses":2587,"LEARNT_Lit/Cl":21,"Progress":0.102}
{"Event":"Restart","Time":0.428,"AdjustCount":3308,"Restarts":32,"Conflicts":8022,"Decisions":16537,"Propagations":1957007,"Vars":1998,"Clauses":5917,"Literals":13948,"LEARNT_Limit":4653,"LEARNT_Clauses":3123,"LEARNT_Lit/Cl":22,"Progress":0.100}
{"Event":"Restart","Time":0.435,"AdjustCount":3207,"Restarts":33,"Conflicts":8123,"Decisions":16720,"Propagations":1993586,"Vars":1998,"Clauses":5917,"Literals":13948,"LEARNT_Limit":4653,"LEARNT_Clauses":3224,"LEARNT_Lit/Cl":22,"Progress":0.102}
{"Event":"Restart","Time":0.441,"AdjustCount":3103,"Restarts":34,"Conflicts":8227,"Decisions":16963,"Propagations":2020701,"Vars":1998,"Clauses":5917,"Literals":13948,"LEARNT_Limit":4653,"LEARNT_Clauses":3328,"LEARNT_Lit/Cl":22,"Progress":0.102}
{"Event":"Restart","Time":0.453,"AdjustCount":2901,"Restarts":35,"Conflicts":8429,"Decisions":17371,"Propagations":2072539,"Vars":1998,"Clauses":5917,"Literals":13948,"LEARNT_Limit":4653,"LEARNT_Clauses":3530,"LEARNT_Lit/Cl":22,"Progress":0.100}
{"Event":"Restart","Time":0.461,"AdjustCount":2801,"Restarts":36,"Conflicts":8529,"Decisions":17557,"Propagations":2118208,"Vars":1998,"Clauses":5917,"Literals":13948,"LEARNT_Limit":4653,"LEARNT_Clauses":3630,"LEARNT_Lit/Cl":21,"Progress":0.100}
{"Event":"Restart","Time":0.466,"AdjustCount":2701,"Restarts":37,"Conflicts":8629,"Decisions":17759,"Propagations":2134292,"Vars":1998,"Clauses":5917,"Literals":13948,"LEARNT_Limit":4653,"LEARNT_Clauses":3730,"LEARNT_Lit/Cl":22,"Progress":0.100}
{"Event":"Restart","Time":0.478,"AdjustCount":2501,"Restarts":38,"Conflicts":8829,"Decisions":18121,"Propagations":2192523,"Vars":1998,"Clauses":5917,"Literals":13948,"LEARNT_Limit":4653,"LEARNT_Clauses":3930,"LEARNT_Lit/Cl":22,"Progress":0.100}
{"Event":"Restart","Time":0.504,"AdjustCount":2101,"Restarts":39,"Conflicts":9229,"Decisions":18892,"Propagations":2291824,"Vars":1998,"Clauses":5917,"Literals":13948,"LEARNT_Limit":4653,"LEARNT_Clauses":4330,"LEARNT_Lit/Cl":22,"Progress":0.100}
{"Event":"Restart","Time":0.510,"AdjustCount":2001,"Restarts":40,"Conflicts":9329,"Decisions":19025,"Propagations":2325136,"Vars":1998,"Clauses":5917,"Literals":13948,"LEARNT_Limit":4653,"LEARNT_Clauses":4430,"LEARNT_Lit/Cl":22,"Progress":0.100}
{"Event":"Restart","Time":0.515,"AdjustCount":1900,"Restarts":41,"Conflicts":9430,"Decisions":19335,"Propagations":2345265,"Vars":1998,"Clauses":5917,"Literals":13948,"LEARNT_Limit":4653,"LEARNT_Clauses":4531,"LEARNT_Lit/Cl":22,"Progress":0.100}
{"Event":"Restart","Time":0.531,"AdjustCount":1700,"Restarts":42,"Conflicts":9630,"Decisions":19687,"Propagations":2415178,"Vars":1998,"Clauses":5917,"Literals":13948,"LEARNT_Limit":4653,"LEARNT_Clauses":2366,"LEARNT_Lit/Cl":15,"Progress":0.100}
{"Event":"Restart","Time":0.537,"AdjustCount":1599,"Restarts":43,"Conflicts":9731,"Decisions":19853,"Propagations":2450654,"Vars":1998,"Clauses":5917,"Literals":13948,"LEARNT_Limit":4653,"LEARNT_Clauses":2467,"LEARNT_Lit/Cl":15,"Progress":0.100}
{"Event":"Restart","Time":0.542,"AdjustCount":1499,"Restarts":44,"Conflicts":9831,"Decisions":20077,"Propagations":2481149,"Vars":1998,"Clauses":5917,"Literals":13948,"LEARNT_Limit":4653,"LEARNT_Clauses":2567,"LEARNT_Lit/Cl":16,"Progress":0.100}
{"Event":"Restart","Time":0.554,"AdjustCount":1299,"Restarts":45,"Conflicts":10031,"Decisions":20572,"Propagations":2545091,"Vars":1998,"Clauses":5917,"Literals":13948,"LEARNT_Limit":4653,"LEARNT_Clauses":2767,"LEARNT_Lit/Cl":16,"Progress":0.100}
{"Event":"Restart","Time":0.576,"AdjustCount":899,"Restarts":46,"Conflicts":10431,"Decisions":21396,"Propagations":2675788,"Vars":1998,"Clauses":5917,"Literals":13948,"LEARNT_Limit":4653,"LEARNT_Clauses":3167,"LEARNT_Lit/Cl":17,"Progress":0.100}
{"Event":"Restart","Time":0.621,"AdjustCount":99,"Restarts":47,"Conflicts":11231,"Decisions":22892,"Propagations":2865987,"Vars":1998,"Clauses":5917,"Literals":13948,"LEARNT_Limit":4653,"LEARNT_Clauses":3967,"LEARNT_Lit/Cl":18,"Progress":0.100}
{"Event":"LearnMore","Time":0.628,"AdjustCount":5766,"Restarts":47,"Conflicts":11330,"Decisions":23045,"Propagations":2900098,"Vars":1998,"Clauses":5917,"Literals":13948,"LEARNT_Limit":5119,"LEARNT_Clauses":4066,"LEARNT_Lit/Cl":18,"Progress":0.100}
{"Event":"Restart","Time":0.628,"AdjustCount":5765,"Restarts":48,"Conflicts":11331,"Decisions":23060,"Propagations":2901424,"Vars":1998,"Clauses":5917,"Literals":13948,"LEARNT_Limit":5119,"LEARNT_Clauses":4067,"LEARNT_Lit/Cl":18,"Progress":0.100}
{"Event":"Restart","Time":0.636,"AdjustCount":5664,"Restarts":49,"Conflicts":11432,"Decisions":23200,"Propagations":2936651,"Vars":1998,"Clauses":5917,"Literals":13948,"LEARNT_Limit":5119,"LEARNT_Clauses":4168,"LEARNT_Lit/Cl":18,"Progress":0.100}
{"Event":"Restart","Time":0.648,"AdjustCount":5462,"Restarts":50,"Conflicts":11634,"Decisions":23605,"Propagations":2981972,"Vars":1998,"Clauses":5917,"Literals":13948,"LEARNT_Limit":5119,"LEARNT_Clauses":4370,"LEARNT_Lit/Cl":19,"Progress":0.100}
{"Event":"Restart","Time":0.655,"AdjustCount":5361,"Restarts":51,"Conflicts":11735,"Decisions":23808,"Propagations":3016285,"Vars":1998,"Clauses":5917,"Literals":13948,"LEARNT_Limit":5119,"LEARNT_Clauses":4471,"LEARNT_Lit/Cl":18,"Progress":0.100}
{"Event":"Restart","Time":0.662,"AdjustCount":5258,"Restarts":52,"Conflicts":11838,"Decisions":24025,"Propagations":3049726,"Vars":1998,"Clauses":5917,"Literals":13948,"LEARNT_Limit":5119,"LEARNT_Clauses":4574,"LEARNT_Lit/Cl":19,"Progress":0.100}
{"Event":"Restart","Time":0.674,"AdjustCount":5056,"Restarts":53,"Conflicts":12040,"Decisions":24363,"Propagations":3095598,"Vars":1998,"Clauses":5917,"Literals":13948,"LEARNT_Limit":5119,"LEARNT_Clauses":4776,"LEARNT_Lit/Cl":19,"Progress":0.100}
{"Event":"Restart","Time":0.699,"AdjustCount":4655,"Restarts":54,"Conflicts":12441,"Decisions":25125,"Propagations":3191240,"Vars":1998,"Clauses":5917,"Literals":13948,"LEARNT_Limit":5119,"LEARNT_Clauses":2589,"LEARNT_Lit/Cl":15,"Progress":0.103}
{"Event":"Restart","Time":0.704,"AdjustCount":4554,"Restarts":55,"Conflicts":12542,"Decisions":25525,"Propagations":3215409,"Vars":1998,"Clauses":5917,"Literals":13948,"LEARNT_Limit":5119,"LEARNT_Clauses":2690,"LEARNT_Lit/Cl":15,"Progress":0.100}
{"Event":"Restart","Time":0.710,"AdjustCount":4453,"Restarts":56,"Conflicts":12643,"Decisions":25691,"Propagations":3251318,"Vars":1998,"Clauses":5917,"Literals":13948,"LEARNT_Limit":5119,"LEARNT_Clauses":2791,"LEARNT_Lit/Cl":15,"Progress":0.102}
{"Event":"Restart","Time":0.721,"AdjustCount":4253,"Restarts":57,"Conflicts":12843,"Decisions":26057,"Propagations":3300076,"Vars":1998,"Clauses":5917,"Literals":13948,"LEARNT_Limit":5119,"LEARNT_Clauses":2991,"LEARNT_Lit/Cl":16,"Progress":0.100}
{"Event":"Restart","Time":0.726,"AdjustCount":4153,"Restarts":58,"Conflicts":12943,"Decisions":26269,"Propagations":3324532,"Vars":1998,"Clauses":5917,"Literals":13948,"LEARNT_Limit":5119,"LEARNT_Clauses":3091,"LEARNT_Lit/Cl":16,"Progress":0.102}
{"Event":"Restart","Time":0.732,"AdjustCount":4053,"Restarts":59,"Conflicts":13043,"Decisions":26499,"Propagations":3348892,"Vars":1998,"Clauses":5917,"Literals":13948,"LEARNT_Limit":5119,"LEARNT_Clauses":3191,"LEARNT_Lit/Cl":16,"Progress":0.102}
{"Event":"Restart","Time":0.744,"AdjustCount":3852,"Restarts":60,"Conflicts":13244,"Decisions":26970,"Propagations":3407395,"Vars":1998,"Clauses":5917,"Literals":13948,"LEARNT_Limit":5119,"LEARNT_Clauses":3392,"LEARNT_Lit/Cl":16,"Progress":0.102}
{"Event":"Restart","Time":0.764,"AdjustCount":3451,"Restarts":61,"Conflicts":13645,"Decisions":27876,"Propagations":3494816,"Vars":1998,"Clauses":5917,"Literals":13948,"LEARNT_Limit":5119,"LEARNT_Clauses":3793,"LEARNT_Lit/Cl":17,"Progress":0.102}
{"Event":"Restart","Time":0.816,"AdjustCount":2650,"Restarts":62,"Conflicts":14446,"Decisions":29271,"Propagations":3703969,"Vars":1998,"Clauses":5917,"Literals":13948,"LEARNT_Limit":5119,"LEARNT_Clauses":4594,"LEARNT_Lit/Cl":18,"Progress":0.102}
{"Event":"Restart","Time":0.910,"AdjustCount":1050,"Restarts":63,"Conflicts":16046,"Decisions":32374,"Propagations":4125889,"Vars":1998,"Clauses":5917,"Literals":13948,"LEARNT_Limit":5119,"LEARNT_Clauses":3488,"LEARNT_Lit/Cl":16,"Progress":0.102}
{"Event":"LearnMore","Time":0.974,"AdjustCount":8649,"Restarts":63,"Conflicts":17096,"Decisions":34136,"Propagations":4420691,"Vars":1998,"Clauses":5917,"Literals":13948,"LEARNT_Limit":5631,"LEARNT_Clauses":4538,"LEARNT_Lit/Cl":16,"Progress":0.102}
{"Event":"Restart","Time":1.092,"AdjustCount":6498,"Restarts":64,"Conflicts":19247,"Decisions":38270,"Propagations":4958624,"Vars":1998,"Clauses":5917,"Literals":13948,"LEARNT_Limit":5631,"LEARNT_Clauses":3613,"LEARNT_Lit/Cl":16,"Progress":0.107}
{"Event":"Restart","Time":1.100,"AdjustCount":6398,"Restarts":65,"Conflicts":19347,"Decisions":38437,"Propagations":4991885,"Vars":1998,"Clauses":5917,"Literals":13948,"LEARNT_Limit":5631,"LEARNT_Clauses":3713,"LEARNT_Lit/Cl":16,"Progress":0.107}
{"Event":"Restart","Time":1.106,"AdjustCount":6298,"Restarts":66,"Conflicts":19447,"Decisions":38786,"Propagations":5014477,"Vars":1998,"Clauses":5917,"Literals":13948,"LEARNT_Limit":5631,"LEARNT_Clauses":3813,"LEARNT_Lit/Cl":16,"Progress":0.107}
{"Event":"Restart","Time":1.116,"AdjustCount":6097,"Restarts":67,"Conflicts":19648,"Decisions":39237,"Propagations":5055668,"Vars":1998,"Clauses":5917,"Literals":13948,"LEARNT_Limit":5631,"LEARNT_Clauses":4014,"LEARNT_Lit/Cl":16,"Progress":0.107}
{"Event":"Restart","Time":1.121,"AdjustCount":5997,"Restarts":68,"Conflicts":19748,"Decisions":39413,"Propagations":5085724,"Vars":1998,"Clauses":5917,"Literals":13948,"LEARNT_Limit":5631,"LEARNT_Clauses":4114,"LEARNT_Lit/Cl":16,"Progress":0.107}
{"Event":"Restart","Time":1.127,"AdjustCount":5897,"Restarts":69,"Conflicts":19848,"Decisions":39670,"Propagations":5110535,"Vars":1998,"Clauses":5917,"Literals":13948,"LEARNT_Limit":5631,"LEARNT_Clauses":4214,"LEARNT_Lit/Cl":16,"Progress":0.107}
{"Event":"Restart","Time":1.137,"AdjustCount":5697,"Restarts":70,"Conflicts":20048,"Decisions":39986,"Propagations":5147986,"Vars":1998,"Clauses":5917,"Literals":13948,"LEARNT_Limit":5631,"LEARNT_Clauses":4414,"LEARNT_Lit/Cl":17,"Progress":0.107}
{"Event":"Restart","Time":1.156,"AdjustCount":5297,"Restarts":71,"Conflicts":20448,"Decisions":40808,"Propagations":5261618,"Vars":1998,"Clauses":5917,"Literals":13948,"LEARNT_Limit":5631,"LEARNT_Clauses":4814,"LEARNT_Lit/Cl":17,"Progress":0.101}
{"Event":"Restart","Time":1.162,"AdjustCount":5196,"Restarts":72,"Conflicts":20549,"Decisions":41041,"Propagations":5289491,"Vars":1998,"Clauses":5917,"Literals":13948,"LEARNT_Limit":5631,"LEARNT_Clauses":4915,"LEARNT_Lit/Cl":17,"Progress":0.107}
{"Event":"Restart","Time":1.169,"AdjustCount":5092,"Restarts":73,"Conflicts":20653,"Decisions":41200,"Propagations":5317409,"Vars":1998,"Clauses":5917,"Literals":13948,"LEARNT_Limit":5631,"LEARNT_Clauses":5019,"LEARNT_Lit/Cl":17,"Progress":0.101}
{"Event":"Restart","Time":1.181,"AdjustCount":4892,"Restarts":74,"Conflicts":20853,"Decisions":41536,"Propagations":5368451,"Vars":1998,"Clauses":5917,"Literals":13948,"LEARNT_Limit":5631,"LEARNT_Clauses":5219,"LEARNT_Lit/Cl":17,"Progress":0.107}
{"Event":"Restart","Time":1.187,"AdjustCount":4790,"Restarts":75,"Conflicts":20955,"Decisions":41677,"Propagations":5394599,"Vars":1998,"Clauses":5917,"Literals":13948,"LEARNT_Limit":5631,"LEARNT_Clauses":5321,"LEARNT_Lit/Cl":17,"Progress":0.107}
{"Event":"Restart","Time":1.194,"AdjustCount":4689,"Restarts":76,"Conflicts":21056,"Decisions":41877,"Propagations":5424344,"Vars":1998,"Clauses":5917,"Literals":13948,"LEARNT_Limit":5631,"LEARNT_Clauses":5422,"LEARNT_Lit/Cl":17,"Progress":0.107}
{"Event":"Restart","Time":1.207,"AdjustCount":4489,"Restarts":77,"Conflicts":21256,"Decisions":42200,"Propagations":5477760,"Vars":1998,"Clauses":5917,"Literals":13948,"LEARNT_Limit":5631,"LEARNT_Clauses":5622,"LEARNT_Lit/Cl":17,"Progress":0.107}
{"Event":"Restart","Time":1.233,"AdjustCount":4089,"Restarts":78,"Conflicts":21656,"Decisions":42954,"Propagations":5570434,"Vars":1967,"Clauses":5777,"Literals":13638,"LEARNT_Limit":5631,"LEARNT_Clauses":1946,"LEARNT_Lit/Cl":12,"Progress":1.653}
{"Event":"Restart","Time":1.276,"AdjustCount":3289,"Restarts":79,"Conflicts":22456,"Decisions":44717,"Propagations":5764685,"Vars":1967,"Clauses":5777,"Literals":13638,"LEARNT_Limit":5631,"LEARNT_Clauses":2746,"LEARNT_Lit/Cl":18,"Progress":1.650}
{"Event":"Restart","Time":1.281,"AdjustCount":3188,"Restarts":80,"Conflicts":22557,"Decisions":44967,"Propagations":5788527,"Vars":1967,"Clauses":5777,"Literals":13638,"LEARNT_Limit":5631,"LEARNT_Clauses":2847,"LEARNT_Lit/Cl":18,"Progress":1.650}
{"Event":"Restart","Time":1.287,"AdjustCount":3088,"Restarts":81,"Conflicts":22657,"Decisions":45176,"Propagations":5818249,"Vars":1967,"Clauses":5777,"Literals":13638,"LEARNT_Limit":5631,"LEARNT_Clauses":2947,"LEARNT_Lit/Cl":18,"Progress":1.650}
{"Event":"Restart","Time":1.295,"AdjustCount":2885,"Restarts":82,"Conflicts":22860,"Decisions":45599,"Propagations":5859624,"Vars":1967,"Clauses":5777,"Literals":13638,"LEARNT_Limit":5631,"LEARNT_Clauses":3150,"LEARNT_Lit/Cl":19,"Progress":1.650}
{"Event":"Restart","Time":1.302,"AdjustCount":2785,"Restarts":83,"Conflicts":22960,"Decisions":45794,"Propagations":5901039,"Vars":1966,"Clauses":5775,"Literals":13632,"LEARNT_Limit":5631,"LEARNT_Clauses":3152,"LEARNT_Lit/Cl":19,"Progress":1.703}
{"Event":"Restart","Time":1.308,"AdjustCount":2684,"Restarts":84,"Conflicts":23061,"Decisions":46025,"Propagations":5923103,"Vars":1966,"Clauses":5775,"Literals":13632,"LEARNT_Limit":5631,"LEARNT_Clauses":3253,"LEARNT_Lit/Cl":19,"Progress":1.700}
{"Event":"Restart","Time":1.320,"AdjustCount":2484,"Restarts":85,"Conflicts":23261,"Decisions":46498,"Propagations":5979791,"Vars":1966,"Clauses":5775,"Literals":13632,"LEARNT_Limit":5631,"LEARNT_Clauses":3453,"LEARNT_Lit/Cl":19,"Progress":1.714}
{"Event":"Restart","Time":1.340,"AdjustCount":2083,"Restarts":86,"Conflicts":23662,"Decisions":47280,"Propagations":6059897,"Vars":1965,"Clauses":5773,"Literals":13626,"LEARNT_Limit":5631,"LEARNT_Clauses":3814,"LEARNT_Lit/Cl":20,"Progress":1.750}
{"Event":"Restart","Time":1.345,"AdjustCount":1983,"Restarts":87,"Conflicts":23762,"Decisions":47434,"Propagations":6086794,"Vars":1965,"Clauses":5773,"Literals":13626,"LEARNT_Limit":5631,"LEARNT_Clauses":3914,"LEARNT_Lit/Cl":20,"Progress":1.750}
{"Event":"Restart","Time":1.352,"AdjustCount":1883,"Restarts":88,"Conflicts":23862,"Decisions":47575,"Propagations":6119270,"Vars":1965,"Clauses":5773,"Literals":13626,"LEARNT_Limit":5631,"LEARNT_Clauses":4014,"LEARNT_Lit/Cl":20,"Progress":1.751}
{"Event":"Restart","Time":1.364,"AdjustCount":1683,"Restarts":89,"Conflicts":24062,"Decisions":48057,"Propagations":6172316,"Vars":1963,"Clauses":5771,"Literals":13620,"LEARNT_Limit":5631,"LEARNT_Clauses":3774,"LEARNT_Lit/Cl":20,"Progress":1.850}
{"Event":"Restart","Time":1.370,"AdjustCount":1583,"Restarts":90,"Conflicts":24162,"Decisions":48237,"Propagations":6196356,"Vars":1963,"Clauses":5771,"Literals":13620,"LEARNT_Limit":5631,"LEARNT_Clauses":3874,"LEARNT_Lit/Cl":20,"Progress":1.850}
{"Event":"Restart","Time":1.376,"AdjustCount":1482,"Restarts":91,"Conflicts":24263,"Decisions":48445,"Propagations":6226421,"Vars":1963,"Clauses":5771,"Literals":13620,"LEARNT_Limit":5631,"LEARNT_Clauses":3975,"LEARNT_Lit/Cl":20,"Progress":1.850}
{"Event":"Restart","Time":1.387,"AdjustCount":1281,"Restarts":92,"Conflicts":24464,"Decisions":48835,"Propagations":6272157,"Vars":1963,"Clauses":5769,"Literals":13614,"LEARNT_Limit":5631,"LEARNT_Clauses":4173,"LEARNT_Lit/Cl":20,"Progress":1.853}
{"Event":"Restart","Time":1.412,"AdjustCount":881,"Restarts":93,"Conflicts":24864,"Decisions":49519,"Propagations":6394012,"Vars":1963,"Clauses":5769,"Literals":13614,"LEARNT_Limit":5631,"LEARNT_Clauses":4573,"LEARNT_Lit/Cl":20,"Progress":1.850}
{"Event":"Restart","Time":1.463,"AdjustCount":81,"Restarts":94,"Conflicts":25664,"Decisions":51063,"Propagations":6607344,"Vars":1963,"Clauses":5769,"Literals":13614,"LEARNT_Limit":5631,"LEARNT_Clauses":5373,"LEARNT_Lit/Cl":21,"Progress":1.850}
{"Event":"LearnMore","Time":1.469,"AdjustCount":12974,"Restarts":94,"Conflicts":25745,"Decisions":51187,"Propagations":6630495,"Vars":1963,"Clauses":5769,"Literals":13614,"LEARNT_Limit":6194,"LEARNT_Clauses":5454,"LEARNT_Lit/Cl":21,"Progress":1.850}
{"Event":"Restart","Time":1.570,"AdjustCount":11454,"Restarts":95,"Conflicts":27265,"Decisions":53860,"Propagations":7015907,"Vars":1963,"Clauses":5769,"Literals":13614,"LEARNT_Limit":6194,"LEARNT_Clauses":3652,"LEARNT_Lit/Cl":16,"Progress":1.851}
{"Event":"Restart","Time":1.576,"AdjustCount":11350,"Restarts":96,"Conflicts":27369,"Decisions":54153,"Propagations":7043311,"Vars":1963,"Clauses":5769,"Literals":13614,"LEARNT_Limit":6194,"LEARNT_Clauses":3756,"LEARNT_Lit/Cl":16,"Progress":1.851}
{"Event":"Restart","Time":1.581,"AdjustCount":11250,"Restarts":97,"Conflicts":27469,"Decisions":54360,"Propagations":7073883,"Vars":1963,"Clauses":5769,"Literals":13614,"LEARNT_Limit":6194,"LEARNT_Clauses":3856,"LEARNT_Lit/Cl":16,"Progress":1.851}
{"Event":"Restart","Time":1.594,"AdjustCount":11050,"Restarts":98,"Conflicts":27669,"Decisions":54775,"Propagations":7124623,"Vars":1963,"Clauses":5769,"Literals":13614,"LEARNT_Limit":6194,"LEARNT_Clauses":4056,"LEARNT_Lit/Cl":17,"Progress":1.851}
{"Event":"Restart","Time":1.600,"AdjustCount":10949,"Restarts":99,"Conflicts":27770,"Decisions":54985,"Propagations":7149226,"Vars":1963,"Clauses":5769,"Literals":13614,"LEARNT_Limit":6194,"LEARNT_Clauses":4157,"LEARNT_Lit/Cl":17,"Progress":1.850}
{"Event":"Restart","Time":1.605,"AdjustCount":10848,"Restarts":100,"Conflicts":27871,"Decisions":55217,"Propagations":7172263,"Vars":1962,"Clauses":5767,"Literals":13608,"LEARNT_Limit":6194,"LEARNT_Clauses":4179,"LEARNT_Lit/Cl":17,"Progress":1.901}
{"Event":"Restart","Time":1.618,"AdjustCount":10647,"Restarts":101,"Conflicts":28072,"Decisions":55595,"Propagations":7227627,"Vars":1962,"Clauses":5767,"Literals":13608,"LEARNT_Limit":6194,"LEARNT_Clauses":4380,"LEARNT_Lit/Cl":17,"Progress":1.901}
{"Event":"Restart","Time":1.642,"AdjustCount":10247,"Restarts":102,"Conflicts":28472,"Decisions":56513,"Propagations":7339016,"Vars":1962,"Clauses":5767,"Literals":13608,"LEARNT_Limit":6194,"LEARNT_Clauses":4780,"LEARNT_Lit/Cl":17,"Progress":1.901}
{"Event":"Restart","Time":1.649,"AdjustCount":10146,"Restarts":103,"Conflicts":28573,"Decisions":56670,"Propagations":7373223,"Vars":1962,"Clauses":5767,"Literals":13608,"LEARNT_Limit":6194,"LEARNT_Clauses":4881,"LEARNT_Lit/Cl":17,"Progress":1.900}
{"Event":"Restart","Time":1.656,"AdjustCount":10046,"Restarts":104,"Conflicts":28673,"Decisions":56836,"Propagations":7398875,"Vars":1961,"Clauses":5765,"Literals":13602,"LEARNT_Limit":6194,"LEARNT_Clauses":4750,"LEARNT_Lit/Cl":18,"Progress":1.958}
{"Event":"Restart","Time":1.667,"AdjustCount":9846,"Restarts":105,"Conflicts":28873,"Decisions":57225,"Propagations":7445065,"Vars":1961,"Clauses":5765,"Literals":13602,"LEARNT_Limit":6194,"LEARNT_Clauses":4950,"LEARNT_Lit/Cl":18,"Progress":1.950}
{"Event":"Restart","Time":1.673,"AdjustCount":9746,"Restarts":106,"Conflicts":28973,"Decisions":57388,"Propagations":7476422,"Vars":1961,"Clauses":5765,"Literals":13602,"LEARNT_Limit":6194,"LEARNT_Clauses":5050,"LEARNT_Lit/Cl":18,"Progress":1.951}
{"Event":"Restart","Time":1.681,"AdjustCount":9644,"Restarts":107,"Conflicts":29075,"Decisions":57553,"Propagations":7504988,"Vars":1960,"Clauses":5763,"Literals":13596,"LEARNT_Limit":6194,"LEARNT_Clauses":4732,"LEARNT_Lit/Cl":18,"Progress":2.001}
{"Event":"Restart","Time":1.696,"AdjustCount":9443,"Restarts":108,"Conflicts":29276,"Decisions":57933,"Propagations":7567449,"Vars":1960,"Clauses":5763,"Literals":13596,"LEARNT_Limit":6194,"LEARNT_Clauses":4933,"LEARNT_Lit/Cl":18,"Progress":2.006}
{"Event":"Restart","Time":1.719,"AdjustCount":9043,"Restarts":109,"Conflicts":29676,"Decisions":58850,"Propagations":7673289,"Vars":1749,"Clauses":4957,"Literals":11758,"LEARNT_Limit":6194,"LEARNT_Clauses":2165,"LEARNT_Lit/Cl":12,"Progress":12.551}
{"Event":"Restart","Time":1.763,"AdjustCount":8242,"Restarts":110,"Conflicts":30477,"Decisions":60323,"Propagations":7883780,"Vars":1645,"Clauses":4587,"Literals":10900,"LEARNT_Limit":6194,"LEARNT_Clauses":1839,"LEARNT_Lit/Cl":11,"Progress":17.750}
{"Event":"Restart","Time":1.768,"AdjustCount":8140,"Restarts":111,"Conflicts":30579,"Decisions":60553,"Propagations":7907667,"Vars":1645,"Clauses":4583,"Literals":10888,"LEARNT_Limit":6194,"LEARNT_Clauses":1799,"LEARNT_Lit/Cl":11,"Progress":17.750}
{"Event":"Restart","Time":1.775,"AdjustCount":8040,"Restarts":112,"Conflicts":30679,"Decisions":60748,"Propagations":7947320,"Vars":1645,"Clauses":4583,"Literals":10888,"LEARNT_Limit":6194,"LEARNT_Clauses":1899,"LEARNT_Lit/Cl":11,"Progress":17.750}
{"Event":"Restart","Time":1.786,"AdjustCount":7840,"Restarts":113,"Conflicts":30879,"Decisions":61124,"Propagations":8003855,"Vars":1644,"Clauses":4581,"Literals":10882,"LEARNT_Limit":6194,"LEARNT_Clauses":1984,"LEARNT_Lit/Cl":12,"Progress":17.800}
{"Event":"Restart","Time":1.792,"AdjustCount":7739,"Restarts":114,"Conflicts":30980,"Decisions":61310,"Propagations":8032755,"Vars":1614,"Clauses":4488,"Literals":10630,"LEARNT_Limit":6194,"LEARNT_Clauses":1770,"LEARNT_Lit/Cl":8,"Progress":19.300}
===============================================================================
restarts              : 114
conflicts             : 31001          (17290 /sec)
decisions             : 61332          (0.00 % random) (34206 /sec)
propagations          : 8037735        (4482739 /sec)
conflict literals     : 658610         (33.65 % deleted)
Memory used           : 7.00 MB
CPU time              : 1.79304 s

UNSATISFIABLE
