WARNING: for repeatability, setting FPU to use double precision
============================[ Problem Statistics ]=============================
|                                                                             |
|  Number of variables:          3500                                         |
|  Number of clauses:           10361                                         |
|  Parse time:                   0.01 s                                       |
|                                                                             |
============================[ Search Statistics ]==============================
| Conflicts |          ORIGINAL         |          LEARNT          | Progress |
|           |    Vars  Clauses Literals |    Limit  Clauses Lit/Cl |          |
===============================================================================
{"Event":"Restart","Time":0.007,"AdjustCount":99,"Restarts":1,"Conflicts":1,"Decisions":11,"Propagations":2068,"Vars":3500,"Clauses":10361,"Literals":24430,"LEARNT_Limit":3453,"LEARNT_Clauses":1,"LEARNT_Lit/Cl":11,"Progress":0.001}
{"Event":"LearnMore","Time":0.015,"AdjustCount":150,"Restarts":1,"Conflicts":100,"Decisions":306,"Propagations":48467,"Vars":3500,"Clauses":10361,"Literals":24430,"LEARNT_Limit":3799,"LEARNT_Clauses":100,"LEARNT_Lit/Cl":17,"Progress":0.001}
{"Event":"Restart","Time":0.015,"AdjustCount":148,"Restarts":2,"Conflicts":102,"Decisions":332,"Propagations":51994,"Vars":3500,"Clauses":10361,"Literals":24430,"LEARNT_Limit":3799,"LEARNT_Clauses":102,"LEARNT_Lit/Cl":17,"Progress":0.001}
{"Event":"Restart","Time":0.022,"AdjustCount":48,"Restarts":3,"Conflicts":202,"Decisions":585,"Propagations":88200,"Vars":3500,"Clauses":10361,"Literals":24430,"LEARNT_Limit":3799,"LEARNT_Clauses":202,"LEARNT_Lit/Cl":27,"Progress":0.000}
{"Event":"LearnMore","Time":0.026,"AdjustCount":225,"Restarts":3,"Conflicts":250,"Decisions":786,"Propagations":111923,"Vars":3500,"Clauses":10361,"Literals":24430,"LEARNT_Limit":4178,"LEARNT_Clauses":250,"LEARNT_Lit/Cl":24,"Progress":0.000}
{"Event":"Restart","Time":0.037,"AdjustCount":72,"Restarts":4,"Conflicts":403,"Decisions":1234,"Propagations":175959,"Vars":3500,"Clauses":10361,"Literals":24430,"LEARNT_Limit":4178,"LEARNT_Clauses":403,"LEARNT_Lit/Cl":23,"Progress":0.000}
{"Event":"LearnMore","Time":0.044,"AdjustCount":337,"Restarts":4,"Conflicts":475,"Decisions":1471,"Propagations":228944,"Vars":3500,"Clauses":10361,"Literals":24430,"LEARNT_Limit":4596,"LEARNT_Clauses":475,"LEARNT_Lit/Cl":21,"Progress":0.000}
{"Event":"Restart","Time":0.047,"AdjustCount":309,"Restarts":5,"Conflicts":503,"Decisions":1512,"Propagations":242441,"Vars":3500,"Clauses":10361,"Literals":24430,"LEARNT_Limit":4596,"LEARNT_Clauses":503,"LEARNT_Lit/Cl":21,"Progress":0.000}
{"Event":"Restart","Time":0.055,"AdjustCount":209,"Restarts":6,"Conflicts":603,"Decisions":1814,"Propagations":304300,"Vars":3500,"Clauses":10361,"Literals":24430,"LEARNT_Limit":4596,"LEARNT_Clauses":603,"LEARNT_Lit/Cl":19,"Progress":0.000}
{"Event":"Restart","Time":0.076,"AdjustCount":7,"Restarts":7,"Conflicts":805,"Decisions":2257,"Propagations":395012,"Vars":3500,"Clauses":10361,"Literals":24430,"LEARNT_Limit":4596,"LEARNT_Clauses":805,"LEARNT_Lit/Cl":25,"Progress":0.000}
{"Event":"LearnMore","Time":0.076,"AdjustCount":506,"Restarts":7,"Conflicts":812,"Decisions":2267,"Propagations":398674,"Vars":3500,"Clauses":10361,"Literals":24430,"LEARNT_Limit":5056,"LEARNT_Clauses":812,"LEARNT_Lit/Cl":25,"Progress":0.000}
{"Event":"Restart","Time":0.107,"AdjustCount":112,"Restarts":8,"Conflicts":1206,"Decisions":3414,"Propagations":585370,"Vars":3500,"Clauses":10361,"Literals":24430,"LEARNT_Limit":5056,"LEARNT_Clauses":1206,"LEARNT_Lit/Cl":30,"Progress":0.000}
{"Event":"Restart","Time":0.113,"AdjustCount":12,"Restarts":9,"Conflicts":1306,"Decisions":3788,"Propagations":638706,"Vars":3500,"Clauses":10361,"Literals":24430,"LEARNT_Limit":5056,"LEARNT_Clauses":1306,"LEARNT_Lit/Cl":31,"Progress":0.000}
{"Event":"LearnMore","Time":0.114,"AdjustCount":759,"Restarts":9,"Conflicts":1318,"Decisions":3821,"Propagations":645256,"Vars":3500,"Clauses":10361,"Literals":24430,"LEARNT_Limit":5562,"LEARNT_Clauses":1318,"LEARNT_Lit/Cl":31,"Progress":0.000}
{"Event":"Restart","Time":0.123,"AdjustCount":669,"Restarts":10,"Conflicts":1408,"Decisions":4031,"Propagations":698729,"Vars":3500,"Clauses":10361,"Literals":24430,"LEARNT_Limit":5562,"LEARNT_Clauses":1408,"LEARNT_Lit/Cl":30,"Progress":0.000}
{"Event":"Restart","Time":0.139,"AdjustCount":467,"Restarts":11,"Conflicts":1610,"Decisions":4482,"Propagations":791299,"Vars":3500,"Clauses":10361,"Literals":24430,"LEARNT_Limit":5562,"LEARNT_Clauses":1610,"LEARNT_Lit/Cl":33,"Progress":0.000}
{"Event":"Restart","Time":0.151,"AdjustCount":367,"Restarts":12,"Conflicts":1710,"Decisions":4676,"Propagations":868672,"Vars":3500,"Clauses":10361,"Literals":24430,"LEARNT_Limit":5562,"LEARNT_Clauses":1710,"LEARNT_Lit/Cl":32,"Progress":0.000}
{"Event":"Restart","Time":0.159,"AdjustCount":267,"Restarts":13,"Conflicts":1810,"Decisions":4886,"Propagations":918221,"Vars":3500,"Clauses":10361,"Literals":24430,"LEARNT_Limit":5562,"LEARNT_Clauses":1810,"LEARNT_Lit/Cl":32,"Progress":0.000}
{"Event":"Restart","Time":0.174,"AdjustCount":67,"Restarts":14,"Conflicts":2010,"Decisions":5381,"Propagations":989946,"Vars":3500,"Clauses":10361,"Literals":24430,"LEARNT_Limit":5562,"LEARNT_Clauses":2010,"LEARNT_Lit/Cl":34,"Progress":0.000}
{"Event":"LearnMore","Time":0.181,"AdjustCount":1139,"Restarts":14,"Conflicts":2077,"Decisions":5534,"Propagations":1037783,"Vars":3500,"Clauses":10361,"Literals":24430,"LEARNT_Limit":6118,"LEARNT_Clauses":2077,"LEARNT_Lit/Cl":34,"Progress":0.000}
{"Event":"Restart","Time":0.209,"AdjustCount":806,"Restarts":15,"Conflicts":2410,"Decisions":6439,"Propagations":1202511,"Vars":3500,"Clauses":10361,"Literals":24430,"LEARNT_Limit":6118,"LEARNT_Clauses":2410,"LEARNT_Lit/Cl":33,"Progress":0.000}
{"Event":"Restart","Time":0.306,"AdjustCount":5,"Restarts":16,"Conflicts":3211,"Decisions":8042,"Propagations":1602592,"Vars":3500,"Clauses":10361,"Literals":24430,"LEARNT_Limit":6118,"LEARNT_Clauses":3211,"LEARNT_Lit/Cl":38,"Progress":0.002}
{"Event":"LearnMore","Time":0.307,"AdjustCount":1708,"Restarts":16,"Conflicts":3216,"Decisions":8047,"Propagations":1605523,"Vars":3500,"Clauses":10361,"Literals":24430,"LEARNT_Limit":6730,"LEARNT_Clauses":3216,"LEARNT_Lit/Cl":38,"Progress":0.002}
{"Event":"Restart","Time":0.317,"AdjustCount":1613,"Restarts":17,"Conflicts":3311,"Decisions":8189,"Propagations":1662482,"Vars":3500,"Clauses":10361,"Literals":24430,"LEARNT_Limit":6730,"LEARNT_Clauses":3311,"LEARNT_Lit/Cl":37,"Progress":0.002}
{"Event":"Restart","Time":0.330,"AdjustCount":1512,"Restarts":18,"Conflicts":3412,"Decisions":8369,"Propagations":1738510,"Vars":3500,"Clauses":10361,"Literals":24430,"LEARNT_Limit":6730,"LEARNT_Clauses":3412,"LEARNT_Lit/Cl":37,"Progress":0.002}
{"Event":"Restart","Time":0.359,"AdjustCount":1311,"Restarts":19,"Conflicts":3613,"Decisions":8874,"Propagations":1849667,"Vars":3500,"Clauses":10361,"Literals":24430,"LEARNT_Limit":6730,"LEARNT_Clauses":3613,"LEARNT_Lit/Cl":37,"Progress":0.000}
{"Event":"Restart","Time":0.373,"AdjustCount":1211,"Restarts":20,"Conflicts":3713,"Decisions":9175,"Propagations":1911924,"Vars":3500,"Clauses":10361,"Literals":24430,"LEARNT_Limit":6730,"LEARNT_Clauses":3713,"LEARNT_Lit/Cl":38,"Progress":0.002}
{"Event":"Restart","Time":0.386,"AdjustCount":1111,"Restarts":21,"Conflicts":3813,"Decisions":9483,"Propagations":1965321,"Vars":3500,"Clauses":10361,"Literals":24430,"LEARNT_Limit":6730,"LEARNT_Clauses":3813,"LEARNT_Lit/Cl":38,"Progress":0.001}
{"Event":"Restart","Time":0.411,"AdjustCount":911,"Restarts":22,"Conflicts":4013,"Decisions":9872,"Propagations":2073406,"Vars":3499,"Clauses":10359,"Literals":24424,"LEARNT_Limit":6730,"LEARNT_Clauses":3951,"LEARNT_Lit/Cl":39,"Progress":0.029}
{"Event":"Restart","Time":0.459,"AdjustCount":511,"Restarts":23,"Conflicts":4413,"Decisions":10703,"Propagations":2308324,"Vars":3499,"Clauses":10359,"Literals":24424,"LEARNT_Limit":6730,"LEARNT_Clauses":4351,"LEARNT_Lit/Cl":40,"Progress":0.029}
{"Event":"Restart","Time":0.469,"AdjustCount":410,"Restarts":24,"Conflicts":4514,"Decisions":10999,"Propagations":2357406,"Vars":3499,"Clauses":10359,"Literals":24424,"LEARNT_Limit":6730,"LEARNT_Clauses":4452,"LEARNT_Lit/Cl":39,"Progress":0.029}
{"Event":"Restart","Time":0.483,"AdjustCount":309,"Restarts":25,"Conflicts":4615,"Decisions":11227,"Propagations":2412658,"Vars":3499,"Clauses":10359,"Literals":24424,"LEARNT_Limit":6730,"LEARNT_Clauses":4553,"LEARNT_Lit/Cl":40,"Progress":0.031}
{"Event":"Restart","Time":0.505,"AdjustCount":109,"Restarts":26,"Conflicts":4815,"Decisions":11836,"Propagations":2514194,"Vars":3499,"Clauses":10359,"Literals":24424,"LEARNT_Limit":6730,"LEARNT_Clauses":4753,"LEARNT_Lit/Cl":40,"Progress":0.029}
{"Event":"Restart","Time":0.515,"AdjustCount":9,"Restarts":27,"Conflicts":4915,"Decisions":12121,"Propagations":2560484,"Vars":3499,"Clauses":10359,"Literals":24424,"LEARNT_Limit":6730,"LEARNT_Clauses":4853,"LEARNT_Lit/Cl":40,"Progress":0.029}
{"Event":"LearnMore","Time":0.516,"AdjustCount":2562,"Restarts":27,"Conflicts":4924,"Decisions":12160,"Propagations":2563380,"Vars":3499,"Clauses":10359,"Literals":24424,"LEARNT_Limit":7403,"LEARNT_Clauses":4862,"LEARNT_Lit/Cl":40,"Progress":0.029}
{"Event":"Restart","Time":0.526,"AdjustCount":2471,"Restarts":28,"Conflicts":5015,"Decisions":12350,"Propagations":2610037,"Vars":3499,"Clauses":10359,"Literals":24424,"LEARNT_Limit":7403,"LEARNT_Clauses":4953,"LEARNT_Lit/Cl":40,"Progress":0.029}
{"Event":"Restart","Time":0.553,"AdjustCount":2269,"Restarts":29,"Conflicts":5217,"Decisions":12853,"Propagations":2717391,"Vars":3499,"Clauses":10359,"Literals":24424,"LEARNT_Limit":7403,"LEARNT_Clauses":5155,"LEARNT_Lit/Cl":41,"Progress":0.029}
{"Event":"Restart","Time":0.601,"AdjustCount":1869,"Restarts":30,"Conflicts":5617,"Decisions":13674,"Propagations":2921150,"Vars":3499,"Clauses":10359,"Literals":24424,"LEARNT_Limit":7403,"LEARNT_Clauses":5555,"LEARNT_Lit/Cl":42,"Progress":0.029}
{"Event":"Restart","Time":0.708,"AdjustCount":1069,"Restarts":31,"Conflicts":6417,"Decisions":15170,"Propagations":3336143,"Vars":3499,"Clauses":10359,"Literals":24424,"LEARNT_Limit":7403,"LEARNT_Clauses":6355,"LEARNT_Lit/Cl":44,"Progress":0.029}
{"Event":"LearnMore","Time":0.847,"AdjustCount":3844,"Restarts":31,"Conflicts":7486,"Decisions":16641,"Propagations":4022280,"Vars":3499,"Clauses":10359,"Literals":24424,"LEARNT_Limit":8143,"LEARNT_Clauses":7424,"LEARNT_Lit/Cl":42,"Progress":0.029}
{"Event":"Restart","Time":0.923,"AdjustCount":3311,"Restarts":32,"Conflicts":8019,"Decisions":17523,"Propagations":4323528,"Vars":3499,"Clauses":10359,"Literals":24424,"LEARNT_Limit":8143,"LEARNT_Clauses":7957,"LEARNT_Lit/Cl":43,"Progress":0.029}
{"Event":"Restart","Time":0.935,"AdjustCount":3211,"Restarts":33,"Conflicts":8119,"Decisions":17736,"Propagations":4372019,"Vars":3499,"Clauses":10359,"Literals":24424,"LEARNT_Limit":8143,"LEARNT_Clauses":8057,"LEARNT_Lit/Cl":43,"Progress":0.029}
{"Event":"Restart","Time":0.950,"AdjustCount":3111,"Restarts":34,"Conflicts":8219,"Decisions":17961,"Propagations":4427507,"Vars":3499,"Clauses":10359,"Literals":24424,"LEARNT_Limit":8143,"LEARNT_Clauses":4079,"LEARNT_Lit/Cl":34,"Progress":0.029}
{"Event":"Restart","Time":0.975,"AdjustCount":2911,"Restarts":35,"Conflicts":8419,"Decisions":18233,"Propagations":4570251,"Vars":3499,"Clauses":10359,"Literals":24424,"LEARNT_Limit":8143,"LEARNT_Clauses":4279,"LEARNT_Lit/Cl":34,"Progress":0.029}
{"Event":"Restart","Time":0.988,"AdjustCount":2811,"Restarts":36,"Conflicts":8519,"Decisions":18389,"Propagations":4636523,"Vars":3499,"Clauses":10359,"Literals":24424,"LEARNT_Limit":8143,"LEARNT_Clauses":4379,"LEARNT_Lit/Cl":33,"Progress":0.029}
{"Event":"Restart","Time":0.999,"AdjustCount":2710,"Restarts":37,"Conflicts":8620,"Decisions":18542,"Propagations":4699247,"Vars":3499,"Clauses":10359,"Literals":24424,"LEARNT_Limit":8143,"LEARNT_Clauses":4480,"LEARNT_Lit/Cl":33,"Progress":0.029}
{"Event":"Restart","Time":1.025,"AdjustCount":2509,"Restarts":38,"Conflicts":8821,"Decisions":18825,"Propagations":4841812,"Vars":3499,"Clauses":10359,"Literals":24424,"LEARNT_Limit":8143,"LEARNT_Clauses":4681,"LEARNT_Lit/Cl":33,"Progress":0.029}
{"Event":"Restart","Time":1.064,"AdjustCount":2109,"Restarts":39,"Conflicts":9221,"Decisions":19564,"Propagations":5014130,"Vars":3499,"Clauses":10359,"Literals":24424,"LEARNT_Limit":8143,"LEARNT_Clauses":5081,"LEARNT_Lit/Cl":34,"Progress":0.029}
{"Event":"Restart","Time":1.076,"AdjustCount":2009,"Restarts":40,"Conflicts":9321,"Decisions":19714,"Propagations":5074752,"Vars":3499,"Clauses":10359,"Literals":24424,"LEARNT_Limit":8143,"LEARNT_Clauses":5181,"LEARNT_Lit/Cl":34,"Progress":0.029}
{"Event":"Restart","Time":1.092,"AdjustCount":1908,"Restarts":41,"Conflicts":9422,"Decisions":19950,"Propagations":5139953,"Vars":3499,"Clauses":10359,"Literals":24424,"LEARNT_Limit":8143,"LEARNT_Clauses":5282,"LEARNT_Lit/Cl":35,"Progress":0.029}
{"Event":"Restart","Time":1.118,"AdjustCount":1708,"Restarts":42,"Conflicts":9622,"Decisions":20245,"Propagations":5270989,"Vars":3499,"Clauses":10359,"Literals":24424,"LEARNT_Limit":8143,"LEARNT_Clauses":5482,"LEARNT_Lit/Cl":34,"Progress":0.029}
{"Event":"Restart","Time":1.130,"AdjustCount":1608,"Restarts":43,"Conflicts":9722,"Decisions":20510,"Propagations":5324932,"Vars":3499,"Clauses":10359,"Literals":24424,"LEARNT_Limit":8143,"LEARNT_Clauses":5582,"LEARNT_Lit/Cl":34,"Progress":0.030}
{"Event":"Restart","Time":1.144,"AdjustCount":1507,"Restarts":44,"Conflicts":9823,"Decisions":20933,"Propagations":5387842,"Vars":3499,"Clauses":10359,"Literals":24424,"LEARNT_Limit":8143,"LEARNT_Clauses":5683,"LEARNT_Lit/Cl":35,"Progress":0.029}
{"Event":"Restart","Time":1.168,"AdjustCount":1307,"Restarts":45,"Conflicts":10023,"Decisions":21228,"Propagations":5515339,"Vars":3499,"Clauses":10359,"Literals":24424,"LEARNT_Limit":8143,"LEARNT_Clauses":5883,"LEARNT_Lit/Cl":35,"Progress":0.029}
{"Event":"Restart","Time":1.223,"AdjustCount":907,"Restarts":46,"Conflicts":10423,"Decisions":21921,"Propagations":5721191,"Vars":3498,"Clauses":10357,"Literals":24418,"LEARNT_Limit":8143,"LEARNT_Clauses":6250,"LEARNT_Lit/Cl":35,"Progress":0.057}
{"Event":"Restart","Time":1.340,"AdjustCount":107,"Restarts":47,"Conflicts":11223,"Decisions":23140,"Propagations":6184757,"Vars":3498,"Clauses":10357,"Literals":24418,"LEARNT_Limit":8143,"LEARNT_Clauses":7050,"LEARNT_Lit/Cl":38,"Progress":0.057}
{"Event":"Restart","Time":1.352,"AdjustCount":7,"Restarts":48,"Conflicts":11323,"Decisions":23355,"Propagations":6231888,"Vars":3498,"Clauses":10357,"Literals":24418,"LEARNT_Limit":8143,"LEARNT_Clauses":7150,"LEARNT_Lit/Cl":38,"Progress":0.057}
{"Event":"LearnMore","Time":1.353,"AdjustCount":5766,"Restarts":48,"Conflicts":11330,"Decisions":23359,"Propagations":6235486,"Vars":3498,"Clauses":10357,"Literals":24418,"LEARNT_Limit":8957,"LEARNT_Clauses":7157,"LEARNT_Lit/Cl":38,"Progress":0.057}
{"Event":"Restart","Time":1.365,"AdjustCount":5670,"Restarts":49,"Conflicts":11426,"Decisions":23564,"Propagations":6286753,"Vars":3498,"Clauses":10357,"Literals":24418,"LEARNT_Limit":8957,"LEARNT_Clauses":7253,"LEARNT_Lit/Cl":39,"Progress":0.057}
{"Event":"Restart","Time":1.394,"AdjustCount":5470,"Restarts":50,"Conflicts":11626,"Decisions":23920,"Propagations":6397726,"Vars":3498,"Clauses":10357,"Literals":24418,"LEARNT_Limit":8957,"LEARNT_Clauses":7453,"LEARNT_Lit/Cl":39,"Progress":0.057}
{"Event":"Restart","Time":1.412,"AdjustCount":5369,"Restarts":51,"Conflicts":11727,"Decisions":24190,"Propagations":6471960,"Vars":3498,"Clauses":10357,"Literals":24418,"LEARNT_Limit":8957,"LEARNT_Clauses":7554,"LEARNT_Lit/Cl":39,"Progress":0.058}
{"Event":"Restart","Time":1.422,"AdjustCount":5268,"Restarts":52,"Conflicts":11828,"Decisions":24399,"Propagations":6532430,"Vars":3498,"Clauses":10357,"Literals":24418,"LEARNT_Limit":8957,"LEARNT_Clauses":7655,"LEARNT_Lit/Cl":39,"Progress":0.058}
{"Event":"Restart","Time":1.448,"AdjustCount":5067,"Restarts":53,"Conflicts":12029,"Decisions":24787,"Propagations":6645831,"Vars":3498,"Clauses":10357,"Literals":24418,"LEARNT_Limit":8957,"LEARNT_Clauses":7856,"LEARNT_Lit/Cl":39,"Progress":0.058}
{"Event":"Restart","Time":1.507,"AdjustCount":4667,"Restarts":54,"Conflicts":12429,"Decisions":25384,"Propagations":6915854,"Vars":3498,"Clauses":10357,"Literals":24418,"LEARNT_Limit":8957,"LEARNT_Clauses":8256,"LEARNT_Lit/Cl":38,"Progress":0.057}
{"Event":"Restart","Time":1.523,"AdjustCount":4565,"Restarts":55,"Conflicts":12531,"Decisions":25554,"Propagations":6976276,"Vars":3498,"Clauses":10357,"Literals":24418,"LEARNT_Limit":8957,"LEARNT_Clauses":8358,"LEARNT_Lit/Cl":38,"Progress":0.057}
{"Event":"Restart","Time":1.536,"AdjustCount":4464,"Restarts":56,"Conflicts":12632,"Decisions":25721,"Propagations":7031677,"Vars":3498,"Clauses":10357,"Literals":24418,"LEARNT_Limit":8957,"LEARNT_Clauses":8459,"LEARNT_Lit/Cl":38,"Progress":0.059}
{"Event":"Restart","Time":1.570,"AdjustCount":4262,"Restarts":57,"Conflicts":12834,"Decisions":26038,"Propagations":7169941,"Vars":3498,"Clauses":10357,"Literals":24418,"LEARNT_Limit":8957,"LEARNT_Clauses":8661,"LEARNT_Lit/Cl":38,"Progress":0.057}
{"Event":"Restart","Time":1.583,"AdjustCount":4162,"Restarts":58,"Conflicts":12934,"Decisions":26254,"Propagations":7213444,"Vars":3498,"Clauses":10357,"Literals":24418,"LEARNT_Limit":8957,"LEARNT_Clauses":8761,"LEARNT_Lit/Cl":38,"Progress":0.057}
{"Event":"Restart","Time":1.600,"AdjustCount":4058,"Restarts":59,"Conflicts":13038,"Decisions":26431,"Propagations":7269868,"Vars":3498,"Clauses":10357,"Literals":24418,"LEARNT_Limit":8957,"LEARNT_Clauses":8865,"LEARNT_Lit/Cl":38,"Progress":0.057}
{"Event":"Restart","Time":1.631,"AdjustCount":3858,"Restarts":60,"Conflicts":13238,"Decisions":26730,"Propagations":7391333,"Vars":3497,"Clauses":10355,"Literals":24412,"LEARNT_Limit":8957,"LEARNT_Clauses":8955,"LEARNT_Lit/Cl":38,"Progress":0.089}
{"Event":"Restart","Time":1.698,"AdjustCount":3456,"Restarts":61,"Conflicts":13640,"Decisions":27495,"Propagations":7606685,"Vars":3497,"Clauses":10355,"Literals":24412,"LEARNT_Limit":8957,"LEARNT_Clauses":4679,"LEARNT_Lit/Cl":25,"Progress":0.089}
{"Event":"Restart","Time":1.799,"AdjustCount":2654,"Restarts":62,"Conflicts":14442,"Decisions":28830,"Propagations":8039280,"Vars":3436,"Clauses":10104,"Literals":23832,"LEARNT_Limit":8957,"LEARNT_Clauses":4972,"LEARNT_Lit/Cl":25,"Progress":1.831}
{"Event":"Restart","Time":1.991,"AdjustCount":1054,"Restarts":63,"Conflicts":16042,"Decisions":31275,"Propagations":8824189,"Vars":3436,"Clauses":10104,"Literals":23832,"LEARNT_Limit":8957,"LEARNT_Clauses":6572,"LEARNT_Lit/Cl":26,"Progress":1.834}
{"Event":"LearnMore","Time":2.129,"AdjustCount":8649,"Restarts":63,"Conflicts":17096,"Decisions":32783,"Propagations":9388743,"Vars":3336,"Clauses":9686,"Literals":22905,"LEARNT_Limit":9853,"LEARNT_Clauses":5209,"LEARNT_Lit/Cl":22,"Progress":4.686}
===============================================================================
restarts              : 63
conflicts             : 18916          (7923 /sec)
decisions             : 35506          (0.00 % random) (14871 /sec)
propagations          : 10388106       (4350811 /sec)
conflict literals     : 756313         (37.10 % deleted)
Memory used           : 8.00 MB
CPU time              : 2.38762 s

UNSATISFIABLE
