WARNING: for repeatability, setting FPU to use double precision
============================[ Problem Statistics ]=============================
|                                                                             |
|  Number of variables:          2000                                         |
|  Number of clauses:            5921                                         |
|  Parse time:                   0.00 s                                       |
|                                                                             |
============================[ Search Statistics ]==============================
| Conflicts |          ORIGINAL         |          LEARNT          | Progress |
|           |    Vars  Clauses Literals |    Limit  Clauses Lit/Cl |          |
===============================================================================
{"Event":"Restart","Time":0.005,"AdjustCount":99,"Restarts":1,"Conflicts":1,"Decisions":22,"Propagations":1421,"Vars":2000,"Clauses":5921,"Literals":13960,"LEARNT_Limit":1973,"LEARNT_Clauses":1,"LEARNT_Lit/Cl":11,"Progress":0.001}
{"Event":"LearnMore","Time":0.010,"AdjustCount":150,"Restarts":1,"Conflicts":100,"Decisions":254,"Propagations":28449,"Vars":2000,"Clauses":5921,"Literals":13960,"LEARNT_Limit":2171,"LEARNT_Clauses":100,"LEARNT_Lit/Cl":23,"Progress":0.001}
{"Event":"Restart","Time":0.011,"AdjustCount":149,"Restarts":2,"Conflicts":101,"Decisions":285,"Propagations":29602,"Vars":2000,"Clauses":5921,"Literals":13960,"LEARNT_Limit":2171,"LEARNT_Clauses":101,"LEARNT_Lit/Cl":23,"Progress":0.000}
{"Event":"Restart","Time":0.014,"AdjustCount":49,"Restarts":3,"Conflicts":201,"Decisions":459,"Propagations":53887,"Vars":2000,"Clauses":5921,"Literals":13960,"LEARNT_Limit":2171,"LEARNT_Clauses":201,"LEARNT_Lit/Cl":18,"Progress":0.002}
{"Event":"LearnMore","Time":0.016,"AdjustCount":225,"Restarts":3,"Conflicts":250,"Decisions":586,"Propagations":67278,"Vars":2000,"Clauses":5921,"Literals":13960,"LEARNT_Limit":2388,"LEARNT_Clauses":250,"LEARNT_Lit/Cl":16,"Progress":0.002}
{"Event":"Restart","Time":0.024,"AdjustCount":74,"Restarts":4,"Conflicts":401,"Decisions":815,"Propagations":118231,"Vars":2000,"Clauses":5921,"Literals":13960,"LEARNT_Limit":2388,"LEARNT_Clauses":401,"LEARNT_Lit/Cl":15,"Progress":0.002}
{"Event":"LearnMore","Time":0.028,"AdjustCount":337,"Restarts":4,"Conflicts":475,"Decisions":972,"Propagations":130563,"Vars":2000,"Clauses":5921,"Literals":13960,"LEARNT_Limit":2626,"LEARNT_Clauses":475,"LEARNT_Lit/Cl":21,"Progress":0.002}
{"Event":"Restart","Time":0.029,"AdjustCount":310,"Restarts":5,"Conflicts":502,"Decisions":1103,"Propagations":137376,"Vars":2000,"Clauses":5921,"Literals":13960,"LEARNT_Limit":2626,"LEARNT_Clauses":502,"LEARNT_Lit/Cl":22,"Progress":0.000}
{"Event":"Restart","Time":0.034,"AdjustCount":208,"Restarts":6,"Conflicts":604,"Decisions":1253,"Propagations":168531,"Vars":2000,"Clauses":5921,"Literals":13960,"LEARNT_Limit":2626,"LEARNT_Clauses":604,"LEARNT_Lit/Cl":22,"Progress":0.000}
{"Event":"Restart","Time":0.043,"AdjustCount":5,"Restarts":7,"Conflicts":807,"Decisions":1559,"Propagations":237991,"Vars":2000,"Clauses":5921,"Literals":13960,"LEARNT_Limit":2626,"LEARNT_Clauses":807,"LEARNT_Lit/Cl":19,"Progress":0.001}
{"Event":"LearnMore","Time":0.043,"AdjustCount":506,"Restarts":7,"Conflicts":812,"Decisions":1567,"Propagations":239396,"Vars":2000,"Clauses":5921,"Literals":13960,"LEARNT_Limit":2889,"LEARNT_Clauses":812,"LEARNT_Lit/Cl":19,"Progress":0.001}
{"Event":"Restart","Time":0.064,"AdjustCount":109,"Restarts":8,"Conflicts":1209,"Decisions":2366,"Propagations":327278,"Vars":2000,"Clauses":5921,"Literals":13960,"LEARNT_Limit":2889,"LEARNT_Clauses":1209,"LEARNT_Lit/Cl":23,"Progress":0.000}
{"Event":"Restart","Time":0.069,"AdjustCount":6,"Restarts":9,"Conflicts":1312,"Decisions":2599,"Propagations":351733,"Vars":2000,"Clauses":5921,"Literals":13960,"LEARNT_Limit":2889,"LEARNT_Clauses":1312,"LEARNT_Lit/Cl":23,"Progress":0.000}
{"Event":"LearnMore","Time":0.069,"AdjustCount":759,"Restarts":9,"Conflicts":1318,"Decisions":2643,"Propagations":353076,"Vars":2000,"Clauses":5921,"Literals":13960,"LEARNT_Limit":3178,"LEARNT_Clauses":1318,"LEARNT_Lit/Cl":23,"Progress":0.000}
{"Event":"Restart","Time":0.075,"AdjustCount":664,"Restarts":10,"Conflicts":1413,"Decisions":2829,"Propagations":377062,"Vars":2000,"Clauses":5921,"Literals":13960,"LEARNT_Limit":3178,"LEARNT_Clauses":1413,"LEARNT_Lit/Cl":24,"Progress":0.000}
{"Event":"Restart","Time":0.086,"AdjustCount":464,"Restarts":11,"Conflicts":1613,"Decisions":3221,"Propagations":429168,"Vars":2000,"Clauses":5921,"Literals":13960,"LEARNT_Limit":3178,"LEARNT_Clauses":1613,"LEARNT_Lit/Cl":24,"Progress":0.003}
{"Event":"Restart","Time":0.092,"AdjustCount":363,"Restarts":12,"Conflicts":1714,"Decisions":3429,"Propagations":453027,"Vars":2000,"Clauses":5921,"Literals":13960,"LEARNT_Limit":3178,"LEARNT_Clauses":1714,"LEARNT_Lit/Cl":25,"Progress":0.000}
{"Event":"Restart","Time":0.099,"AdjustCount":263,"Restarts":13,"Conflicts":1814,"Decisions":3618,"Propagations":492818,"Vars":2000,"Clauses":5921,"Literals":13960,"LEARNT_Limit":3178,"LEARNT_Clauses":1814,"LEARNT_Lit/Cl":24,"Progress":0.000}
{"Event":"Restart","Time":0.111,"AdjustCount":61,"Restarts":14,"Conflicts":2016,"Decisions":3952,"Propagations":569505,"Vars":2000,"Clauses":5921,"Literals":13960,"LEARNT_Limit":3178,"LEARNT_Clauses":2016,"LEARNT_Lit/Cl":23,"Progress":0.001}
{"Event":"LearnMore","Time":0.115,"AdjustCount":1139,"Restarts":14,"Conflicts":2077,"Decisions":4070,"Propagations":579251,"Vars":2000,"Clauses":5921,"Literals":13960,"LEARNT_Limit":3496,"LEARNT_Clauses":2077,"LEARNT_Lit/Cl":23,"Progress":0.001}
{"Event":"Restart","Time":0.136,"AdjustCount":800,"Restarts":15,"Conflicts":2416,"Decisions":4620,"Propagations":664073,"Vars":2000,"Clauses":5921,"Literals":13960,"LEARNT_Limit":3496,"LEARNT_Clauses":2416,"LEARNT_Lit/Cl":25,"Progress":0.001}
{"Event":"LearnMore","Time":0.180,"AdjustCount":1708,"Restarts":16,"Conflicts":3216,"Decisions":6193,"Propagations":863988,"Vars":2000,"Clauses":5921,"Literals":13960,"LEARNT_Limit":3846,"LEARNT_Clauses":3216,"LEARNT_Lit/Cl":25,"Progress":0.001}
{"Event":"Restart","Time":0.180,"AdjustCount":1708,"Restarts":16,"Conflicts":3216,"Decisions":6193,"Propagations":863988,"Vars":2000,"Clauses":5921,"Literals":13960,"LEARNT_Limit":3846,"LEARNT_Clauses":3216,"LEARNT_Lit/Cl":25,"Progress":0.001}
{"Event":"Restart","Time":0.186,"AdjustCount":1608,"Restarts":17,"Conflicts":3316,"Decisions":6364,"Propagations":887437,"Vars":2000,"Clauses":5921,"Literals":13960,"LEARNT_Limit":3846,"LEARNT_Clauses":3316,"LEARNT_Lit/Cl":25,"Progress":0.000}
{"Event":"Restart","Time":0.193,"AdjustCount":1507,"Restarts":18,"Conflicts":3417,"Decisions":6545,"Propagations":927871,"Vars":2000,"Clauses":5921,"Literals":13960,"LEARNT_Limit":3846,"LEARNT_Clauses":3417,"LEARNT_Lit/Cl":25,"Progress":0.000}
{"Event":"Restart","Time":0.209,"AdjustCount":1307,"Restarts":19,"Conflicts":3617,"Decisions":6866,"Propagations":1000815,"Vars":1999,"Clauses":5919,"Literals":13954,"LEARNT_Limit":3846,"LEARNT_Clauses":3452,"LEARNT_Lit/Cl":25,"Progress":0.051}
{"Event":"Restart","Time":0.214,"AdjustCount":1206,"Restarts":20,"Conflicts":3718,"Decisions":7084,"Propagations":1019007,"Vars":1999,"Clauses":5919,"Literals":13954,"LEARNT_Limit":3846,"LEARNT_Clauses":3553,"LEARNT_Lit/Cl":25,"Progress":0.050}
{"Event":"Restart","Time":0.220,"AdjustCount":1105,"Restarts":21,"Conflicts":3819,"Decisions":7250,"Propagations":1049179,"Vars":1999,"Clauses":5919,"Literals":13954,"LEARNT_Limit":3846,"LEARNT_Clauses":3654,"LEARNT_Lit/Cl":25,"Progress":0.050}
{"Event":"Restart","Time":0.237,"AdjustCount":905,"Restarts":22,"Conflicts":4019,"Decisions":7577,"Propagations":1124216,"Vars":1999,"Clauses":5919,"Literals":13954,"LEARNT_Limit":3846,"LEARNT_Clauses":1928,"LEARNT_Lit/Cl":19,"Progress":0.051}
{"Event":"Restart","Time":0.258,"AdjustCount":503,"Restarts":23,"Conflicts":4421,"Decisions":8226,"Propagations":1247103,"Vars":1999,"Clauses":5919,"Literals":13954,"LEARNT_Limit":3846,"LEARNT_Clauses":2330,"LEARNT_Lit/Cl":19,"Progress":0.051}
{"Event":"Restart","Time":0.263,"AdjustCount":403,"Restarts":24,"Conflicts":4521,"Decisions":8432,"Propagations":1265221,"Vars":1999,"Clauses":5919,"Literals":13954,"LEARNT_Limit":3846,"LEARNT_Clauses":2430,"LEARNT_Lit/Cl":19,"Progress":0.050}
{"Event":"Restart","Time":0.268,"AdjustCount":303,"Restarts":25,"Conflicts":4621,"Decisions":8667,"Propagations":1281806,"Vars":1999,"Clauses":5919,"Literals":13954,"LEARNT_Limit":3846,"LEARNT_Clauses":2530,"LEARNT_Lit/Cl":20,"Progress":0.050}
{"Event":"Restart","Time":0.281,"AdjustCount":102,"Restarts":26,"Conflicts":4822,"Decisions":9029,"Propagations":1345468,"Vars":1999,"Clauses":5919,"Literals":13954,"LEARNT_Limit":3846,"LEARNT_Clauses":2731,"LEARNT_Lit/Cl":20,"Progress":0.051}
{"Event":"Restart","Time":0.287,"AdjustCount":1,"Restarts":27,"Conflicts":4923,"Decisions":9285,"Propagations":1365174,"Vars":1999,"Clauses":5919,"Literals":13954,"LEARNT_Limit":3846,"LEARNT_Clauses":2832,"LEARNT_Lit/Cl":21,"Progress":0.053}
{"Event":"LearnMore","Time":0.287,"AdjustCount":2562,"Restarts":27,"Conflicts":4924,"Decisions":9286,"Propagations":1365532,"Vars":1999,"Clauses":5919,"Literals":13954,"LEARNT_Limit":4230,"LEARNT_Clauses":2833,"LEARNT_Lit/Cl":21,"Progress":0.053}
{"Event":"Restart","Time":0.293,"AdjustCount":2459,"Restarts":28,"Conflicts":5027,"Decisions":9464,"Propagations":1396813,"Vars":1999,"Clauses":5919,"Literals":13954,"LEARNT_Limit":4230,"LEARNT_Clauses":2936,"LEARNT_Lit/Cl":20,"Progress":0.051}
{"Event":"Restart","Time":0.304,"AdjustCount":2258,"Restarts":29,"Conflicts":5228,"Decisions":9863,"Propagations":1442403,"Vars":1999,"Clauses":5919,"Literals":13954,"LEARNT_Limit":4230,"LEARNT_Clauses":3137,"LEARNT_Lit/Cl":21,"Progress":0.051}
{"Event":"Restart","Time":0.329,"AdjustCount":1858,"Restarts":30,"Conflicts":5628,"Decisions":10612,"Propagations":1549734,"Vars":1999,"Clauses":5919,"Literals":13954,"LEARNT_Limit":4230,"LEARNT_Clauses":3537,"LEARNT_Lit/Cl":22,"Progress":0.051}
{"Event":"Restart","Time":0.384,"AdjustCount":1057,"Restarts":31,"Conflicts":6429,"Decisions":12203,"Propagations":1760389,"Vars":1999,"Clauses":5919,"Literals":13954,"LEARNT_Limit":4230,"LEARNT_Clauses":2170,"LEARNT_Lit/Cl":20,"Progress":0.051}
{"Event":"LearnMore","Time":0.461,"AdjustCount":3844,"Restarts":31,"Conflicts":7486,"Decisions":13962,"Propagations":2072480,"Vars":1999,"Clauses":5919,"Literals":13954,"LEARNT_Limit":4653,"LEARNT_Clauses":3227,"LEARNT_Lit/Cl":23,"Progress":0.051}
{"Event":"Restart","Time":0.500,"AdjustCount":3300,"Restarts":32,"Conflicts":8030,"Decisions":14834,"Propagations":2210333,"Vars":1999,"Clauses":5919,"Literals":13954,"LEARNT_Limit":4653,"LEARNT_Clauses":3771,"LEARNT_Lit/Cl":23,"Progress":0.051}
{"Event":"Restart","Time":0.508,"AdjustCount":3200,"Restarts":33,"Conflicts":8130,"Decisions":14953,"Propagations":2253338,"Vars":1999,"Clauses":5919,"Literals":13954,"LEARNT_Limit":4653,"LEARNT_Clauses":3871,"LEARNT_Lit/Cl":23,"Progress":0.051}
{"Event":"Restart","Time":0.515,"AdjustCount":3100,"Restarts":34,"Conflicts":8230,"Decisions":15162,"Propagations":2279443,"Vars":1999,"Clauses":5919,"Literals":13954,"LEARNT_Limit":4653,"LEARNT_Clauses":3971,"LEARNT_Lit/Cl":23,"Progress":0.051}
{"Event":"Restart","Time":0.531,"AdjustCount":2900,"Restarts":35,"Conflicts":8430,"Decisions":15480,"Propagations":2348351,"Vars":1999,"Clauses":5919,"Literals":13954,"LEARNT_Limit":4653,"LEARNT_Clauses":4171,"LEARNT_Lit/Cl":23,"Progress":0.051}
{"Event":"Restart","Time":0.539,"AdjustCount":2799,"Restarts":36,"Conflicts":8531,"Decisions":15681,"Propagations":2383998,"Vars":1999,"Clauses":5919,"Literals":13954,"LEARNT_Limit":4653,"LEARNT_Clauses":4272,"LEARNT_Lit/Cl":23,"Progress":0.051}
{"Event":"Restart","Time":0.546,"AdjustCount":2699,"Restarts":37,"Conflicts":8631,"Decisions":15846,"Propagations":2419354,"Vars":1999,"Clauses":5919,"Literals":13954,"LEARNT_Limit":4653,"LEARNT_Clauses":4372,"LEARNT_Lit/Cl":23,"Progress":0.051}
{"Event":"Restart","Time":0.560,"AdjustCount":2498,"Restarts":38,"Conflicts":8832,"Decisions":16198,"Propagations":2477713,"Vars":1999,"Clauses":5919,"Literals":13954,"LEARNT_Limit":4653,"LEARNT_Clauses":4573,"LEARNT_Lit/Cl":23,"Progress":0.053}
{"Event":"Restart","Time":0.589,"AdjustCount":2096,"Restarts":39,"Conflicts":9234,"Decisions":16974,"Propagations":2571241,"Vars":1999,"Clauses":5919,"Literals":13954,"LEARNT_Limit":4653,"LEARNT_Clauses":2488,"LEARNT_Lit/Cl":17,"Progress":0.051}
{"Event":"Restart","Time":0.594,"AdjustCount":1996,"Restarts":40,"Conflicts":9334,"Decisions":17137,"Propagations":2595700,"Vars":1999,"Clauses":5919,"Literals":13954,"LEARNT_Limit":4653,"LEARNT_Clauses":2588,"LEARNT_Lit/Cl":17,"Progress":0.051}
{"Event":"Restart","Time":0.601,"AdjustCount":1895,"Restarts":41,"Conflicts":9435,"Decisions":17299,"Propagations":2631147,"Vars":1999,"Clauses":5919,"Literals":13954,"LEARNT_Limit":4653,"LEARNT_Clauses":2689,"LEARNT_Lit/Cl":17,"Progress":0.051}
{"Event":"Restart","Time":0.614,"AdjustCount":1695,"Restarts":42,"Conflicts":9635,"Decisions":17620,"Propagations":2687659,"Vars":1999,"Clauses":5919,"Literals":13954,"LEARNT_Limit":4653,"LEARNT_Clauses":2889,"LEARNT_Lit/Cl":18,"Progress":0.051}
{"Event":"Restart","Time":0.621,"AdjustCount":1593,"Restarts":43,"Conflicts":9737,"Decisions":17828,"Propagations":2715256,"Vars":1999,"Clauses":5919,"Literals":13954,"LEARNT_Limit":4653,"LEARNT_Clauses":2991,"LEARNT_Lit/Cl":18,"Progress":0.051}
{"Event":"Restart","Time":0.627,"AdjustCount":1493,"Restarts":44,"Conflicts":9837,"Decisions":17989,"Propagations":2742052,"Vars":1999,"Clauses":5919,"Literals":13954,"LEARNT_Limit":4653,"LEARNT_Clauses":3091,"LEARNT_Lit/Cl":18,"Progress":0.051}
{"Event":"Restart","Time":0.637,"AdjustCount":1293,"Restarts":45,"Conflicts":10037,"Decisions":18379,"Propagations":2791873,"Vars":1999,"Clauses":5919,"Literals":13954,"LEARNT_Limit":4653,"LEARNT_Clauses":3291,"LEARNT_Lit/Cl":18,"Progress":0.051}
{"Event":"Restart","Time":0.664,"AdjustCount":893,"Restarts":46,"Conflicts":10437,"Decisions":19074,"Propagations":2904106,"Vars":1999,"Clauses":5919,"Literals":13954,"LEARNT_Limit":4653,"LEARNT_Clauses":3691,"LEARNT_Lit/Cl":18,"Progress":0.051}
{"Event":"Restart","Time":0.714,"AdjustCount":92,"Restarts":47,"Conflicts":11238,"Decisions":20561,"Propagations":3119491,"Vars":1999,"Clauses":5919,"Literals":13954,"LEARNT_Limit":4653,"LEARNT_Clauses":4492,"LEARNT_Lit/Cl":19,"Progress":0.054}
{"Event":"LearnMore","Time":0.722,"AdjustCount":5766,"Restarts":47,"Conflicts":11330,"Decisions":20678,"Propagations":3157139,"Vars":1999,"Clauses":5919,"Literals":13954,"LEARNT_Limit":5119,"LEARNT_Clauses":4584,"LEARNT_Lit/Cl":18,"Progress":0.054}
{"Event":"Restart","Time":0.722,"AdjustCount":5758,"Restarts":48,"Conflicts":11338,"Decisions":20717,"Propagations":3158922,"Vars":1999,"Clauses":5919,"Literals":13954,"LEARNT_Limit":5119,"LEARNT_Clauses":4592,"LEARNT_Lit/Cl":18,"Progress":0.054}
{"Event":"Restart","Time":0.728,"AdjustCount":5658,"Restarts":49,"Conflicts":11438,"Decisions":20915,"Propagations":3183881,"Vars":1999,"Clauses":5919,"Literals":13954,"LEARNT_Limit":5119,"LEARNT_Clauses":4692,"LEARNT_Lit/Cl":19,"Progress":0.054}
{"Event":"Restart","Time":0.740,"AdjustCount":5457,"Restarts":50,"Conflicts":11639,"Decisions":21311,"Propagations":3236551,"Vars":1999,"Clauses":5919,"Literals":13954,"LEARNT_Limit":5119,"LEARNT_Clauses":4893,"LEARNT_Lit/Cl":19,"Progress":0.054}
{"Event":"Restart","Time":0.747,"AdjustCount":5357,"Restarts":51,"Conflicts":11739,"Decisions":21510,"Propagations":3265893,"Vars":1999,"Clauses":5919,"Literals":13954,"LEARNT_Limit":5119,"LEARNT_Clauses":4993,"LEARNT_Lit/Cl":19,"Progress":0.054}
{"Event":"Restart","Time":0.753,"AdjustCount":5257,"Restarts":52,"Conflicts":11839,"Decisions":21682,"Propagations":3293187,"Vars":1999,"Clauses":5919,"Literals":13954,"LEARNT_Limit":5119,"LEARNT_Clauses":5093,"LEARNT_Lit/Cl":19,"Progress":0.054}
{"Event":"Restart","Time":0.770,"AdjustCount":5057,"Restarts":53,"Conflicts":12039,"Decisions":22043,"Propagations":3367926,"Vars":1999,"Clauses":5919,"Literals":13954,"LEARNT_Limit":5119,"LEARNT_Clauses":2647,"LEARNT_Lit/Cl":14,"Progress":0.054}
{"Event":"Restart","Time":0.796,"AdjustCount":4656,"Restarts":54,"Conflicts":12440,"Decisions":22722,"Propagations":3498418,"Vars":1999,"Clauses":5919,"Literals":13954,"LEARNT_Limit":5119,"LEARNT_Clauses":3048,"LEARNT_Lit/Cl":15,"Progress":0.054}
{"Event":"Restart","Time":0.802,"AdjustCount":4556,"Restarts":55,"Conflicts":12540,"Decisions":22966,"Propagations":3527018,"Vars":1999,"Clauses":5919,"Literals":13954,"LEARNT_Limit":5119,"LEARNT_Clauses":3148,"LEARNT_Lit/Cl":15,"Progress":0.054}
{"Event":"Restart","Time":0.809,"AdjustCount":4456,"Restarts":56,"Conflicts":12640,"Decisions":23120,"Propagations":3555202,"Vars":1999,"Clauses":5919,"Literals":13954,"LEARNT_Limit":5119,"LEARNT_Clauses":3248,"LEARNT_Lit/Cl":15,"Progress":0.054}
{"Event":"Restart","Time":0.823,"AdjustCount":4256,"Restarts":57,"Conflicts":12840,"Decisions":23449,"Propagations":3618890,"Vars":1999,"Clauses":5919,"Literals":13954,"LEARNT_Limit":5119,"LEARNT_Clauses":3448,"LEARNT_Lit/Cl":16,"Progress":0.054}
{"Event":"Restart","Time":0.831,"AdjustCount":4152,"Restarts":58,"Conflicts":12944,"Decisions":23603,"Propagations":3655113,"Vars":1999,"Clauses":5919,"Literals":13954,"LEARNT_Limit":5119,"LEARNT_Clauses":3552,"LEARNT_Lit/Cl":16,"Progress":0.054}
{"Event":"Restart","Time":0.840,"AdjustCount":4052,"Restarts":59,"Conflicts":13044,"Decisions":23745,"Propagations":3687160,"Vars":1938,"Clauses":5671,"Literals":13398,"LEARNT_Limit":5119,"LEARNT_Clauses":1136,"LEARNT_Lit/Cl":8,"Progress":3.100}
{"Event":"Restart","Time":0.850,"AdjustCount":3852,"Restarts":60,"Conflicts":13244,"Decisions":24114,"Propagations":3742701,"Vars":1937,"Clauses":5669,"Literals":13392,"LEARNT_Limit":5119,"LEARNT_Clauses":1263,"LEARNT_Lit/Cl":10,"Progress":3.152}
{"Event":"Restart","Time":0.875,"AdjustCount":3452,"Restarts":61,"Conflicts":13644,"Decisions":24780,"Propagations":3889577,"Vars":1937,"Clauses":5669,"Literals":13392,"LEARNT_Limit":5119,"LEARNT_Clauses":1663,"LEARNT_Lit/Cl":14,"Progress":3.150}
{"Event":"Restart","Time":0.922,"AdjustCount":2648,"Restarts":62,"Conflicts":14448,"Decisions":26182,"Propagations":4128457,"Vars":1936,"Clauses":5667,"Literals":13386,"LEARNT_Limit":5119,"LEARNT_Clauses":2262,"LEARNT_Lit/Cl":16,"Progress":3.200}
{"Event":"Restart","Time":1.017,"AdjustCount":1048,"Restarts":63,"Conflicts":16048,"Decisions":28921,"Propagations":4530149,"Vars":1936,"Clauses":5667,"Literals":13386,"LEARNT_Limit":5119,"LEARNT_Clauses":3862,"LEARNT_Lit/Cl":21,"Progress":3.200}
{"Event":"LearnMore","Time":1.093,"AdjustCount":8649,"Restarts":63,"Conflicts":17096,"Decisions":30622,"Propagations":4833634,"Vars":1936,"Clauses":5667,"Literals":13386,"LEARNT_Limit":5631,"LEARNT_Clauses":4910,"LEARNT_Lit/Cl":22,"Progress":3.200}
{"Event":"Restart","Time":1.247,"AdjustCount":6496,"Restarts":64,"Conflicts":19249,"Decisions":34392,"Propagations":5460799,"Vars":1936,"Clauses":5667,"Literals":13386,"LEARNT_Limit":5631,"LEARNT_Clauses":3978,"LEARNT_Lit/Cl":17,"Progress":3.203}
{"Event":"Restart","Time":1.257,"AdjustCount":6394,"Restarts":65,"Conflicts":19351,"Decisions":34558,"Propagations":5489980,"Vars":1936,"Clauses":5667,"Literals":13386,"LEARNT_Limit":5631,"LEARNT_Clauses":4080,"LEARNT_Lit/Cl":17,"Progress":3.203}
{"Event":"Restart","Time":1.264,"AdjustCount":6294,"Restarts":66,"Conflicts":19451,"Decisions":34775,"Propagations":5517675,"Vars":1936,"Clauses":5667,"Literals":13386,"LEARNT_Limit":5631,"LEARNT_Clauses":4180,"LEARNT_Lit/Cl":18,"Progress":3.203}
{"Event":"Restart","Time":1.277,"AdjustCount":6094,"Restarts":67,"Conflicts":19651,"Decisions":35079,"Propagations":5574376,"Vars":1936,"Clauses":5667,"Literals":13386,"LEARNT_Limit":5631,"LEARNT_Clauses":4380,"LEARNT_Lit/Cl":18,"Progress":3.203}
{"Event":"Restart","Time":1.284,"AdjustCount":5992,"Restarts":68,"Conflicts":19753,"Decisions":35245,"Propagations":5599495,"Vars":1936,"Clauses":5667,"Literals":13386,"LEARNT_Limit":5631,"LEARNT_Clauses":4482,"LEARNT_Lit/Cl":18,"Progress":3.203}
{"Event":"Restart","Time":1.292,"AdjustCount":5891,"Restarts":69,"Conflicts":19854,"Decisions":35426,"Propagations":5637249,"Vars":1936,"Clauses":5667,"Literals":13386,"LEARNT_Limit":5631,"LEARNT_Clauses":4583,"LEARNT_Lit/Cl":18,"Progress":3.203}
{"Event":"Restart","Time":1.305,"AdjustCount":5690,"Restarts":70,"Conflicts":20055,"Decisions":35778,"Propagations":5692519,"Vars":1936,"Clauses":5667,"Literals":13386,"LEARNT_Limit":5631,"LEARNT_Clauses":4784,"LEARNT_Lit/Cl":18,"Progress":3.203}
{"Event":"Restart","Time":1.330,"AdjustCount":5290,"Restarts":71,"Conflicts":20455,"Decisions":36478,"Propagations":5797326,"Vars":1635,"Clauses":4551,"Literals":10839,"LEARNT_Limit":5631,"LEARNT_Clauses":2011,"LEARNT_Lit/Cl":12,"Progress":18.250}
{"Event":"Restart","Time":1.337,"AdjustCount":5188,"Restarts":72,"Conflicts":20557,"Decisions":36614,"Propagations":5834794,"Vars":1635,"Clauses":4551,"Literals":10839,"LEARNT_Limit":5631,"LEARNT_Clauses":2113,"LEARNT_Lit/Cl":12,"Progress":18.253}
{"Event":"Restart","Time":1.344,"AdjustCount":5088,"Restarts":73,"Conflicts":20657,"Decisions":36794,"Propagations":5859805,"Vars":1429,"Clauses":3862,"Literals":9231,"LEARNT_Limit":5631,"LEARNT_Clauses":1698,"LEARNT_Lit/Cl":11,"Progress":28.550}
===============================================================================
restarts              : 73
conflicts             : 20793          (15390 /sec)
decisions             : 37000          (0.00 % random) (27386 /sec)
propagations          : 5895401        (4363502 /sec)
conflict literals     : 489142         (35.57 % deleted)
Memory used           : 7.00 MB
CPU time              : 1.35107 s

UNSATISFIABLE
