WARNING: for repeatability, setting FPU to use double precision
============================[ Problem Statistics ]=============================
|                                                                             |
|  Number of variables:          4800                                         |
|  Number of clauses:           14281                                         |
|  Parse time:                   0.01 s                                       |
|                                                                             |
============================[ Search Statistics ]==============================
| Conflicts |          ORIGINAL         |          LEARNT          | Progress |
|           |    Vars  Clauses Literals |    Limit  Clauses Lit/Cl |          |
===============================================================================
{"Event":"Restart","Time":0.009,"AdjustCount":99,"Restarts":1,"Conflicts":1,"Decisions":12,"Propagations":632,"Vars":4800,"Clauses":14281,"Literals":33540,"LEARNT_Limit":4760,"LEARNT_Clauses":1,"LEARNT_Lit/Cl":2,"Progress":0.000}
{"Event":"LearnMore","Time":0.018,"AdjustCount":150,"Restarts":1,"Conflicts":100,"Decisions":444,"Propagations":54674,"Vars":4800,"Clauses":14281,"Literals":33540,"LEARNT_Limit":5236,"LEARNT_Clauses":100,"LEARNT_Lit/Cl":17,"Progress":0.000}
{"Event":"Restart","Time":0.019,"AdjustCount":148,"Restarts":2,"Conflicts":102,"Decisions":533,"Propagations":59280,"Vars":4800,"Clauses":14281,"Literals":33540,"LEARNT_Limit":5236,"LEARNT_Clauses":102,"LEARNT_Lit/Cl":16,"Progress":0.000}
{"Event":"Restart","Time":0.028,"AdjustCount":48,"Restarts":3,"Conflicts":202,"Decisions":773,"Propagations":125028,"Vars":4800,"Clauses":14281,"Literals":33540,"LEARNT_Limit":5236,"LEARNT_Clauses":202,"LEARNT_Lit/Cl":17,"Progress":0.000}
{"Event":"LearnMore","Time":0.032,"AdjustCount":225,"Restarts":3,"Conflicts":250,"Decisions":934,"Propagations":149290,"Vars":4800,"Clauses":14281,"Literals":33540,"LEARNT_Limit":5760,"LEARNT_Clauses":250,"LEARNT_Lit/Cl":18,"Progress":0.000}
{"Event":"Restart","Time":0.051,"AdjustCount":73,"Restarts":4,"Conflicts":402,"Decisions":1494,"Propagations":245336,"Vars":4800,"Clauses":14281,"Literals":33540,"LEARNT_Limit":5760,"LEARNT_Clauses":402,"LEARNT_Lit/Cl":33,"Progress":0.000}
{"Event":"LearnMore","Time":0.059,"AdjustCount":337,"Restarts":4,"Conflicts":475,"Decisions":1635,"Propagations":304562,"Vars":4800,"Clauses":14281,"Literals":33540,"LEARNT_Limit":6336,"LEARNT_Clauses":475,"LEARNT_Lit/Cl":31,"Progress":0.000}
{"Event":"Restart","Time":0.063,"AdjustCount":309,"Restarts":5,"Conflicts":503,"Decisions":1697,"Propagations":337211,"Vars":4800,"Clauses":14281,"Literals":33540,"LEARNT_Limit":6336,"LEARNT_Clauses":503,"LEARNT_Lit/Cl":30,"Progress":0.000}
{"Event":"Restart","Time":0.077,"AdjustCount":209,"Restarts":6,"Conflicts":603,"Decisions":1984,"Propagations":404066,"Vars":4800,"Clauses":14281,"Literals":33540,"LEARNT_Limit":6336,"LEARNT_Clauses":603,"LEARNT_Lit/Cl":32,"Progress":0.000}
{"Event":"Restart","Time":0.098,"AdjustCount":6,"Restarts":7,"Conflicts":806,"Decisions":2471,"Propagations":494296,"Vars":4800,"Clauses":14281,"Literals":33540,"LEARNT_Limit":6336,"LEARNT_Clauses":806,"LEARNT_Lit/Cl":36,"Progress":0.000}
{"Event":"LearnMore","Time":0.099,"AdjustCount":506,"Restarts":7,"Conflicts":812,"Decisions":2591,"Propagations":498088,"Vars":4800,"Clauses":14281,"Literals":33540,"LEARNT_Limit":6969,"LEARNT_Clauses":812,"LEARNT_Lit/Cl":36,"Progress":0.000}
{"Event":"Restart","Time":0.128,"AdjustCount":111,"Restarts":8,"Conflicts":1207,"Decisions":3324,"Propagations":698176,"Vars":4800,"Clauses":14281,"Literals":33540,"LEARNT_Limit":6969,"LEARNT_Clauses":1207,"LEARNT_Lit/Cl":35,"Progress":0.000}
{"Event":"Restart","Time":0.140,"AdjustCount":9,"Restarts":9,"Conflicts":1309,"Decisions":3559,"Propagations":774499,"Vars":4800,"Clauses":14281,"Literals":33540,"LEARNT_Limit":6969,"LEARNT_Clauses":1309,"LEARNT_Lit/Cl":34,"Progress":0.000}
{"Event":"LearnMore","Time":0.140,"AdjustCount":759,"Restarts":9,"Conflicts":1318,"Decisions":3569,"Propagations":778730,"Vars":4800,"Clauses":14281,"Literals":33540,"LEARNT_Limit":7666,"LEARNT_Clauses":1318,"LEARNT_Lit/Cl":34,"Progress":0.000}
{"Event":"Restart","Time":0.150,"AdjustCount":667,"Restarts":10,"Conflicts":1410,"Decisions":3800,"Propagations":833224,"Vars":4800,"Clauses":14281,"Literals":33540,"LEARNT_Limit":7666,"LEARNT_Clauses":1410,"LEARNT_Lit/Cl":33,"Progress":0.000}
{"Event":"Restart","Time":0.183,"AdjustCount":467,"Restarts":11,"Conflicts":1610,"Decisions":4308,"Propagations":1008401,"Vars":4800,"Clauses":14281,"Literals":33540,"LEARNT_Limit":7666,"LEARNT_Clauses":1610,"LEARNT_Lit/Cl":35,"Progress":0.000}
{"Event":"Restart","Time":0.197,"AdjustCount":367,"Restarts":12,"Conflicts":1710,"Decisions":4568,"Propagations":1084915,"Vars":4800,"Clauses":14281,"Literals":33540,"LEARNT_Limit":7666,"LEARNT_Clauses":1710,"LEARNT_Lit/Cl":35,"Progress":0.000}
{"Event":"Restart","Time":0.212,"AdjustCount":267,"Restarts":13,"Conflicts":1810,"Decisions":4791,"Propagations":1167704,"Vars":4800,"Clauses":14281,"Literals":33540,"LEARNT_Limit":7666,"LEARNT_Clauses":1810,"LEARNT_Lit/Cl":36,"Progress":0.000}
{"Event":"Restart","Time":0.247,"AdjustCount":66,"Restarts":14,"Conflicts":2011,"Decisions":5184,"Propagations":1326622,"Vars":4800,"Clauses":14281,"Literals":33540,"LEARNT_Limit":7666,"LEARNT_Clauses":2011,"LEARNT_Lit/Cl":38,"Progress":0.000}
{"Event":"LearnMore","Time":0.258,"AdjustCount":1139,"Restarts":14,"Conflicts":2077,"Decisions":5317,"Propagations":1377642,"Vars":4800,"Clauses":14281,"Literals":33540,"LEARNT_Limit":8433,"LEARNT_Clauses":2077,"LEARNT_Lit/Cl":39,"Progress":0.000}
{"Event":"Restart","Time":0.313,"AdjustCount":800,"Restarts":15,"Conflicts":2416,"Decisions":6083,"Propagations":1645551,"Vars":4800,"Clauses":14281,"Literals":33540,"LEARNT_Limit":8433,"LEARNT_Clauses":2416,"LEARNT_Lit/Cl":40,"Progress":0.000}
{"Event":"LearnMore","Time":0.442,"AdjustCount":1708,"Restarts":15,"Conflicts":3216,"Decisions":7354,"Propagations":2335151,"Vars":4800,"Clauses":14281,"Literals":33540,"LEARNT_Limit":9276,"LEARNT_Clauses":3216,"LEARNT_Lit/Cl":38,"Progress":0.000}
{"Event":"Restart","Time":0.443,"AdjustCount":1705,"Restarts":16,"Conflicts":3219,"Decisions":7370,"Propagations":2342035,"Vars":4800,"Clauses":14281,"Literals":33540,"LEARNT_Limit":9276,"LEARNT_Clauses":3219,"LEARNT_Lit/Cl":38,"Progress":0.001}
{"Event":"Restart","Time":0.457,"AdjustCount":1605,"Restarts":17,"Conflicts":3319,"Decisions":7530,"Propagations":2404525,"Vars":4800,"Clauses":14281,"Literals":33540,"LEARNT_Limit":9276,"LEARNT_Clauses":3319,"LEARNT_Lit/Cl":39,"Progress":0.000}
{"Event":"Restart","Time":0.475,"AdjustCount":1505,"Restarts":18,"Conflicts":3419,"Decisions":7711,"Propagations":2488545,"Vars":4800,"Clauses":14281,"Literals":33540,"LEARNT_Limit":9276,"LEARNT_Clauses":3419,"LEARNT_Lit/Cl":39,"Progress":0.000}
{"Event":"Restart","Time":0.508,"AdjustCount":1305,"Restarts":19,"Conflicts":3619,"Decisions":8089,"Propagations":2626291,"Vars":4800,"Clauses":14281,"Literals":33540,"LEARNT_Limit":9276,"LEARNT_Clauses":3619,"LEARNT_Lit/Cl":40,"Progress":0.000}
{"Event":"Restart","Time":0.527,"AdjustCount":1205,"Restarts":20,"Conflicts":3719,"Decisions":8338,"Propagations":2712708,"Vars":4800,"Clauses":14281,"Literals":33540,"LEARNT_Limit":9276,"LEARNT_Clauses":3719,"LEARNT_Lit/Cl":40,"Progress":0.000}
{"Event":"Restart","Time":0.547,"AdjustCount":1105,"Restarts":21,"Conflicts":3819,"Decisions":8548,"Propagations":2794353,"Vars":4800,"Clauses":14281,"Literals":33540,"LEARNT_Limit":9276,"LEARNT_Clauses":3819,"LEARNT_Lit/Cl":41,"Progress":0.000}
{"Event":"Restart","Time":0.576,"AdjustCount":905,"Restarts":22,"Conflicts":4019,"Decisions":8988,"Propagations":2942133,"Vars":4800,"Clauses":14281,"Literals":33540,"LEARNT_Limit":9276,"LEARNT_Clauses":4019,"LEARNT_Lit/Cl":42,"Progress":0.000}
{"Event":"Restart","Time":0.646,"AdjustCount":505,"Restarts":23,"Conflicts":4419,"Decisions":9746,"Propagations":3247096,"Vars":4800,"Clauses":14281,"Literals":33540,"LEARNT_Limit":9276,"LEARNT_Clauses":4419,"LEARNT_Lit/Cl":44,"Progress":0.000}
{"Event":"Restart","Time":0.662,"AdjustCount":405,"Restarts":24,"Conflicts":4519,"Decisions":9903,"Propagations":3332367,"Vars":4800,"Clauses":14281,"Literals":33540,"LEARNT_Limit":9276,"LEARNT_Clauses":4519,"LEARNT_Lit/Cl":43,"Progress":0.000}
{"Event":"Restart","Time":0.676,"AdjustCount":304,"Restarts":25,"Conflicts":4620,"Decisions":10040,"Propagations":3399069,"Vars":4800,"Clauses":14281,"Literals":33540,"LEARNT_Limit":9276,"LEARNT_Clauses":4620,"LEARNT_Lit/Cl":43,"Progress":0.000}
{"Event":"Restart","Time":0.722,"AdjustCount":104,"Restarts":26,"Conflicts":4820,"Decisions":10330,"Propagations":3564468,"Vars":4800,"Clauses":14281,"Literals":33540,"LEARNT_Limit":9276,"LEARNT_Clauses":4820,"LEARNT_Lit/Cl":44,"Progress":0.000}
{"Event":"LearnMore","Time":0.746,"AdjustCount":2562,"Restarts":27,"Conflicts":4924,"Decisions":10528,"Propagations":3649112,"Vars":4800,"Clauses":14281,"Literals":33540,"LEARNT_Limit":10204,"LEARNT_Clauses":4924,"LEARNT_Lit/Cl":44,"Progress":0.000}
{"Event":"Restart","Time":0.746,"AdjustCount":2562,"Restarts":27,"Conflicts":4924,"Decisions":10528,"Propagations":3649112,"Vars":4800,"Clauses":14281,"Literals":33540,"LEARNT_Limit":10204,"LEARNT_Clauses":4924,"LEARNT_Lit/Cl":44,"Progress":0.000}
{"Event":"Restart","Time":0.763,"AdjustCount":2461,"Restarts":28,"Conflicts":5025,"Decisions":10717,"Propagations":3708208,"Vars":4800,"Clauses":14281,"Literals":33540,"LEARNT_Limit":10204,"LEARNT_Clauses":5025,"LEARNT_Lit/Cl":45,"Progress":0.000}
{"Event":"Restart","Time":0.805,"AdjustCount":2261,"Restarts":29,"Conflicts":5225,"Decisions":11081,"Propagations":3906514,"Vars":4800,"Clauses":14281,"Literals":33540,"LEARNT_Limit":10204,"LEARNT_Clauses":5225,"LEARNT_Lit/Cl":45,"Progress":0.000}
{"Event":"Restart","Time":0.884,"AdjustCount":1859,"Restarts":30,"Conflicts":5627,"Decisions":11688,"Propagations":4280730,"Vars":4800,"Clauses":14281,"Literals":33540,"LEARNT_Limit":10204,"LEARNT_Clauses":5627,"LEARNT_Lit/Cl":44,"Progress":0.000}
{"Event":"Restart","Time":1.042,"AdjustCount":1059,"Restarts":31,"Conflicts":6427,"Decisions":12968,"Propagations":4940528,"Vars":4800,"Clauses":14281,"Literals":33540,"LEARNT_Limit":10204,"LEARNT_Clauses":6427,"LEARNT_Lit/Cl":45,"Progress":0.000}
{"Event":"LearnMore","Time":1.199,"AdjustCount":3844,"Restarts":31,"Conflicts":7486,"Decisions":14897,"Propagations":5672898,"Vars":4800,"Clauses":14281,"Literals":33540,"LEARNT_Limit":11224,"LEARNT_Clauses":7486,"LEARNT_Lit/Cl":44,"Progress":0.000}
{"Event":"Restart","Time":1.290,"AdjustCount":3300,"Restarts":32,"Conflicts":8030,"Decisions":15802,"Propagations":6040035,"Vars":4574,"Clauses":13951,"Literals":32802,"LEARNT_Limit":11224,"LEARNT_Clauses":6601,"LEARNT_Lit/Cl":42,"Progress":4.708}
{"Event":"Restart","Time":1.309,"AdjustCount":3199,"Restarts":33,"Conflicts":8131,"Decisions":15942,"Propagations":6127301,"Vars":4361,"Clauses":13951,"Literals":32802,"LEARNT_Limit":11224,"LEARNT_Clauses":6700,"LEARNT_Lit/Cl":42,"Progress":9.146}
===============================================================================
restarts              : 33
conflicts             : 8147           (6208 /sec)
decisions             : 15958          (0.00 % random) (12160 /sec)
propagations          : 6141265        (4679719 /sec)
conflict literals     : 351696         (46.18 % deleted)
Memory used           : 8.00 MB
CPU time              : 1.31231 s

UNSATISFIABLE
