WARNING: for repeatability, setting FPU to use double precision
============================[ Problem Statistics ]=============================
|                                                                             |
|  Number of variables:          7200                                         |
|  Number of clauses:           21481                                         |
|  Parse time:                   0.01 s                                       |
|                                                                             |
============================[ Search Statistics ]==============================
| Conflicts |          ORIGINAL         |          LEARNT          | Progress |
|           |    Vars  Clauses Literals |    Limit  Clauses Lit/Cl |          |
===============================================================================
{"Event":"Restart","Time":0.010,"AdjustCount":99,"Restarts":1,"Conflicts":1,"Decisions":4,"Propagations":5626,"Vars":7200,"Clauses":21481,"Literals":50340,"LEARNT_Limit":7160,"LEARNT_Clauses":1,"LEARNT_Lit/Cl":64,"Progress":0.000}
{"Event":"LearnMore","Time":0.022,"AdjustCount":150,"Restarts":1,"Conflicts":100,"Decisions":325,"Propagations":65077,"Vars":7200,"Clauses":21481,"Literals":50340,"LEARNT_Limit":7876,"LEARNT_Clauses":100,"LEARNT_Lit/Cl":10,"Progress":0.000}
{"Event":"Restart","Time":0.024,"AdjustCount":148,"Restarts":2,"Conflicts":102,"Decisions":345,"Propagations":71719,"Vars":7200,"Clauses":21481,"Literals":50340,"LEARNT_Limit":7876,"LEARNT_Clauses":102,"LEARNT_Lit/Cl":11,"Progress":0.000}
{"Event":"Restart","Time":0.047,"AdjustCount":48,"Restarts":3,"Conflicts":202,"Decisions":791,"Propagations":182256,"Vars":7200,"Clauses":21481,"Literals":50340,"LEARNT_Limit":7876,"LEARNT_Clauses":202,"LEARNT_Lit/Cl":21,"Progress":0.000}
{"Event":"LearnMore","Time":0.052,"AdjustCount":225,"Restarts":3,"Conflicts":250,"Decisions":923,"Propagations":233779,"Vars":7200,"Clauses":21481,"Literals":50340,"LEARNT_Limit":8664,"LEARNT_Clauses":250,"LEARNT_Lit/Cl":20,"Progress":0.000}
{"Event":"Restart","Time":0.083,"AdjustCount":72,"Restarts":4,"Conflicts":403,"Decisions":1261,"Propagations":408134,"Vars":6589,"Clauses":19195,"Literals":45141,"LEARNT_Limit":8664,"LEARNT_Clauses":353,"LEARNT_Lit/Cl":20,"Progress":8.486}
{"Event":"LearnMore","Time":0.087,"AdjustCount":337,"Restarts":4,"Conflicts":475,"Decisions":1426,"Propagations":431506,"Vars":6589,"Clauses":19195,"Literals":45141,"LEARNT_Limit":9530,"LEARNT_Clauses":425,"LEARNT_Lit/Cl":20,"Progress":8.486}
{"Event":"Restart","Time":0.088,"AdjustCount":309,"Restarts":5,"Conflicts":503,"Decisions":1503,"Propagations":454513,"Vars":6589,"Clauses":19195,"Literals":45141,"LEARNT_Limit":9530,"LEARNT_Clauses":453,"LEARNT_Lit/Cl":20,"Progress":8.486}
{"Event":"Restart","Time":0.096,"AdjustCount":209,"Restarts":6,"Conflicts":603,"Decisions":1678,"Propagations":504616,"Vars":6589,"Clauses":19195,"Literals":45141,"LEARNT_Limit":9530,"LEARNT_Clauses":553,"LEARNT_Lit/Cl":21,"Progress":8.486}
{"Event":"Restart","Time":0.119,"AdjustCount":9,"Restarts":7,"Conflicts":803,"Decisions":2117,"Propagations":625585,"Vars":6589,"Clauses":19195,"Literals":45141,"LEARNT_Limit":9530,"LEARNT_Clauses":753,"LEARNT_Lit/Cl":28,"Progress":8.486}
{"Event":"LearnMore","Time":0.120,"AdjustCount":506,"Restarts":7,"Conflicts":812,"Decisions":2135,"Propagations":628365,"Vars":6589,"Clauses":19195,"Literals":45141,"LEARNT_Limit":10483,"LEARNT_Clauses":762,"LEARNT_Lit/Cl":28,"Progress":8.486}
{"Event":"Restart","Time":0.182,"AdjustCount":115,"Restarts":8,"Conflicts":1203,"Decisions":2834,"Propagations":871978,"Vars":6589,"Clauses":19195,"Literals":45141,"LEARNT_Limit":10483,"LEARNT_Clauses":1153,"LEARNT_Lit/Cl":41,"Progress":8.486}
{"Event":"Restart","Time":0.204,"AdjustCount":14,"Restarts":9,"Conflicts":1304,"Decisions":3146,"Propagations":979188,"Vars":6589,"Clauses":19195,"Literals":45141,"LEARNT_Limit":10483,"LEARNT_Clauses":1254,"LEARNT_Lit/Cl":44,"Progress":8.486}
{"Event":"LearnMore","Time":0.209,"AdjustCount":759,"Restarts":9,"Conflicts":1318,"Decisions":3170,"Propagations":1008608,"Vars":6589,"Clauses":19195,"Literals":45141,"LEARNT_Limit":11531,"LEARNT_Clauses":1268,"LEARNT_Lit/Cl":44,"Progress":8.486}
{"Event":"Restart","Time":0.223,"AdjustCount":673,"Restarts":10,"Conflicts":1404,"Decisions":3370,"Propagations":1088100,"Vars":6589,"Clauses":19195,"Literals":45141,"LEARNT_Limit":11531,"LEARNT_Clauses":1354,"LEARNT_Lit/Cl":43,"Progress":8.486}
{"Event":"Restart","Time":0.256,"AdjustCount":473,"Restarts":11,"Conflicts":1604,"Decisions":3745,"Propagations":1266019,"Vars":6589,"Clauses":19195,"Literals":45141,"LEARNT_Limit":11531,"LEARNT_Clauses":1554,"LEARNT_Lit/Cl":41,"Progress":8.486}
{"Event":"Restart","Time":0.266,"AdjustCount":373,"Restarts":12,"Conflicts":1704,"Decisions":3917,"Propagations":1305186,"Vars":6589,"Clauses":19195,"Literals":45141,"LEARNT_Limit":11531,"LEARNT_Clauses":1654,"LEARNT_Lit/Cl":42,"Progress":8.486}
{"Event":"Restart","Time":0.286,"AdjustCount":273,"Restarts":13,"Conflicts":1804,"Decisions":4261,"Propagations":1410161,"Vars":6589,"Clauses":19195,"Literals":45141,"LEARNT_Limit":11531,"LEARNT_Clauses":1754,"LEARNT_Lit/Cl":41,"Progress":8.486}
{"Event":"Restart","Time":0.318,"AdjustCount":71,"Restarts":14,"Conflicts":2006,"Decisions":4737,"Propagations":1535923,"Vars":6589,"Clauses":19195,"Literals":45141,"LEARNT_Limit":11531,"LEARNT_Clauses":1956,"LEARNT_Lit/Cl":42,"Progress":8.486}
{"Event":"LearnMore","Time":0.334,"AdjustCount":1139,"Restarts":14,"Conflicts":2077,"Decisions":4825,"Propagations":1587025,"Vars":6589,"Clauses":19195,"Literals":45141,"LEARNT_Limit":12684,"LEARNT_Clauses":2027,"LEARNT_Lit/Cl":43,"Progress":8.486}
{"Event":"Restart","Time":0.401,"AdjustCount":810,"Restarts":15,"Conflicts":2406,"Decisions":5489,"Propagations":1873376,"Vars":6589,"Clauses":19195,"Literals":45141,"LEARNT_Limit":12684,"LEARNT_Clauses":2356,"LEARNT_Lit/Cl":46,"Progress":8.486}
{"Event":"Restart","Time":0.537,"AdjustCount":10,"Restarts":16,"Conflicts":3206,"Decisions":6753,"Propagations":2382172,"Vars":6589,"Clauses":19195,"Literals":45141,"LEARNT_Limit":12684,"LEARNT_Clauses":3156,"LEARNT_Lit/Cl":51,"Progress":8.486}
{"Event":"LearnMore","Time":0.538,"AdjustCount":1708,"Restarts":16,"Conflicts":3216,"Decisions":6778,"Propagations":2388032,"Vars":6589,"Clauses":19195,"Literals":45141,"LEARNT_Limit":13953,"LEARNT_Clauses":3166,"LEARNT_Lit/Cl":51,"Progress":8.486}
{"Event":"Restart","Time":0.555,"AdjustCount":1618,"Restarts":17,"Conflicts":3306,"Decisions":6932,"Propagations":2467205,"Vars":6589,"Clauses":19195,"Literals":45141,"LEARNT_Limit":13953,"LEARNT_Clauses":3256,"LEARNT_Lit/Cl":50,"Progress":8.486}
{"Event":"Restart","Time":0.583,"AdjustCount":1518,"Restarts":18,"Conflicts":3406,"Decisions":7125,"Propagations":2540848,"Vars":6589,"Clauses":19195,"Literals":45141,"LEARNT_Limit":13953,"LEARNT_Clauses":3356,"LEARNT_Lit/Cl":50,"Progress":8.486}
{"Event":"Restart","Time":0.616,"AdjustCount":1318,"Restarts":19,"Conflicts":3606,"Decisions":7459,"Propagations":2680687,"Vars":6589,"Clauses":19195,"Literals":45141,"LEARNT_Limit":13953,"LEARNT_Clauses":3556,"LEARNT_Lit/Cl":50,"Progress":8.486}
{"Event":"Restart","Time":0.634,"AdjustCount":1217,"Restarts":20,"Conflicts":3707,"Decisions":7608,"Propagations":2739937,"Vars":6589,"Clauses":19195,"Literals":45141,"LEARNT_Limit":13953,"LEARNT_Clauses":3657,"LEARNT_Lit/Cl":49,"Progress":8.486}
{"Event":"Restart","Time":0.663,"AdjustCount":1117,"Restarts":21,"Conflicts":3807,"Decisions":7758,"Propagations":2870886,"Vars":6589,"Clauses":19195,"Literals":45141,"LEARNT_Limit":13953,"LEARNT_Clauses":3757,"LEARNT_Lit/Cl":49,"Progress":8.486}
{"Event":"Restart","Time":0.708,"AdjustCount":917,"Restarts":22,"Conflicts":4007,"Decisions":8106,"Propagations":3008526,"Vars":6589,"Clauses":19195,"Literals":45141,"LEARNT_Limit":13953,"LEARNT_Clauses":3957,"LEARNT_Lit/Cl":49,"Progress":8.486}
{"Event":"Restart","Time":0.790,"AdjustCount":516,"Restarts":23,"Conflicts":4408,"Decisions":8870,"Propagations":3309185,"Vars":6589,"Clauses":19195,"Literals":45141,"LEARNT_Limit":13953,"LEARNT_Clauses":4358,"LEARNT_Lit/Cl":49,"Progress":8.486}
{"Event":"Restart","Time":0.821,"AdjustCount":416,"Restarts":24,"Conflicts":4508,"Decisions":9052,"Propagations":3426790,"Vars":6589,"Clauses":19195,"Literals":45141,"LEARNT_Limit":13953,"LEARNT_Clauses":4458,"LEARNT_Lit/Cl":48,"Progress":8.486}
{"Event":"Restart","Time":0.853,"AdjustCount":315,"Restarts":25,"Conflicts":4609,"Decisions":9219,"Propagations":3545224,"Vars":6589,"Clauses":19195,"Literals":45141,"LEARNT_Limit":13953,"LEARNT_Clauses":4559,"LEARNT_Lit/Cl":48,"Progress":8.486}
{"Event":"Restart","Time":0.897,"AdjustCount":113,"Restarts":26,"Conflicts":4811,"Decisions":9521,"Propagations":3702083,"Vars":6589,"Clauses":19195,"Literals":45141,"LEARNT_Limit":13953,"LEARNT_Clauses":4761,"LEARNT_Lit/Cl":48,"Progress":8.486}
{"Event":"Restart","Time":0.921,"AdjustCount":10,"Restarts":27,"Conflicts":4914,"Decisions":9688,"Propagations":3783672,"Vars":6589,"Clauses":19195,"Literals":45141,"LEARNT_Limit":13953,"LEARNT_Clauses":4864,"LEARNT_Lit/Cl":48,"Progress":8.486}
{"Event":"LearnMore","Time":0.924,"AdjustCount":2562,"Restarts":27,"Conflicts":4924,"Decisions":9701,"Propagations":3794156,"Vars":6589,"Clauses":19195,"Literals":45141,"LEARNT_Limit":15348,"LEARNT_Clauses":4874,"LEARNT_Lit/Cl":48,"Progress":8.486}
{"Event":"Restart","Time":0.946,"AdjustCount":2470,"Restarts":28,"Conflicts":5016,"Decisions":9835,"Propagations":3880841,"Vars":6589,"Clauses":19195,"Literals":45141,"LEARNT_Limit":15348,"LEARNT_Clauses":4966,"LEARNT_Lit/Cl":47,"Progress":8.486}
{"Event":"Restart","Time":0.990,"AdjustCount":2269,"Restarts":29,"Conflicts":5217,"Decisions":10121,"Propagations":4047806,"Vars":6589,"Clauses":19195,"Literals":45141,"LEARNT_Limit":15348,"LEARNT_Clauses":5167,"LEARNT_Lit/Cl":46,"Progress":8.486}
{"Event":"Restart","Time":1.076,"AdjustCount":1867,"Restarts":30,"Conflicts":5619,"Decisions":10660,"Propagations":4395062,"Vars":6589,"Clauses":19195,"Literals":45141,"LEARNT_Limit":15348,"LEARNT_Clauses":5569,"LEARNT_Lit/Cl":45,"Progress":8.486}
{"Event":"Restart","Time":1.234,"AdjustCount":1066,"Restarts":31,"Conflicts":6420,"Decisions":11863,"Propagations":4991220,"Vars":5338,"Clauses":14684,"Literals":34859,"LEARNT_Limit":15348,"LEARNT_Clauses":1744,"LEARNT_Lit/Cl":21,"Progress":25.861}
{"Event":"LearnMore","Time":1.387,"AdjustCount":3844,"Restarts":31,"Conflicts":7486,"Decisions":13349,"Propagations":5689085,"Vars":5145,"Clauses":14026,"Literals":33351,"LEARNT_Limit":16883,"LEARNT_Clauses":1683,"LEARNT_Lit/Cl":20,"Progress":28.542}
{"Event":"Restart","Time":1.455,"AdjustCount":3309,"Restarts":32,"Conflicts":8021,"Decisions":14097,"Propagations":6034894,"Vars":3678,"Clauses":9524,"Literals":22806,"LEARNT_Limit":16883,"LEARNT_Clauses":1222,"LEARNT_Lit/Cl":17,"Progress":48.917}
{"Event":"Restart","Time":1.468,"AdjustCount":3208,"Restarts":33,"Conflicts":8122,"Decisions":14225,"Propagations":6103347,"Vars":2713,"Clauses":6641,"Literals":16042,"LEARNT_Limit":16883,"LEARNT_Clauses":1143,"LEARNT_Lit/Cl":17,"Progress":62.319}
===============================================================================
restarts              : 33
conflicts             : 8150           (5539 /sec)
decisions             : 14247          (0.00 % random) (9683 /sec)
propagations          : 6123857        (4161911 /sec)
conflict literals     : 322005         (45.72 % deleted)
Memory used           : 8.00 MB
CPU time              : 1.47141 s

UNSATISFIABLE
