WARNING: for repeatability, setting FPU to use double precision
============================[ Problem Statistics ]=============================
|                                                                             |
|  Number of variables:          4000                                         |
|  Number of clauses:           11901                                         |
|  Parse time:                   0.01 s                                       |
|                                                                             |
============================[ Search Statistics ]==============================
| Conflicts |          ORIGINAL         |          LEARNT          | Progress |
|           |    Vars  Clauses Literals |    Limit  Clauses Lit/Cl |          |
===============================================================================
{"Event":"Restart","Time":0.007,"AdjustCount":99,"Restarts":1,"Conflicts":1,"Decisions":12,"Propagations":3427,"Vars":4000,"Clauses":11901,"Literals":27950,"LEARNT_Limit":3967,"LEARNT_Clauses":1,"LEARNT_Lit/Cl":2,"Progress":0.000}
{"Event":"LearnMore","Time":0.014,"AdjustCount":150,"Restarts":1,"Conflicts":100,"Decisions":179,"Propagations":31283,"Vars":4000,"Clauses":11901,"Literals":27950,"LEARNT_Limit":4363,"LEARNT_Clauses":100,"LEARNT_Lit/Cl":54,"Progress":0.000}
{"Event":"Restart","Time":0.015,"AdjustCount":148,"Restarts":2,"Conflicts":102,"Decisions":266,"Propagations":35340,"Vars":4000,"Clauses":11901,"Literals":27950,"LEARNT_Limit":4363,"LEARNT_Clauses":102,"LEARNT_Lit/Cl":53,"Progress":0.000}
{"Event":"Restart","Time":0.025,"AdjustCount":48,"Restarts":3,"Conflicts":202,"Decisions":559,"Propagations":89012,"Vars":4000,"Clauses":11901,"Literals":27950,"LEARNT_Limit":4363,"LEARNT_Clauses":202,"LEARNT_Lit/Cl":48,"Progress":0.000}
{"Event":"LearnMore","Time":0.030,"AdjustCount":225,"Restarts":3,"Conflicts":250,"Decisions":647,"Propagations":122314,"Vars":4000,"Clauses":11901,"Literals":27950,"LEARNT_Limit":4800,"LEARNT_Clauses":250,"LEARNT_Lit/Cl":43,"Progress":0.000}
{"Event":"Restart","Time":0.045,"AdjustCount":71,"Restarts":4,"Conflicts":404,"Decisions":938,"Propagations":215256,"Vars":4000,"Clauses":11901,"Literals":27950,"LEARNT_Limit":4800,"LEARNT_Clauses":404,"LEARNT_Lit/Cl":39,"Progress":0.002}
{"Event":"LearnMore","Time":0.052,"AdjustCount":337,"Restarts":4,"Conflicts":475,"Decisions":1098,"Propagations":252931,"Vars":4000,"Clauses":11901,"Literals":27950,"LEARNT_Limit":5280,"LEARNT_Clauses":475,"LEARNT_Lit/Cl":39,"Progress":0.002}
{"Event":"Restart","Time":0.054,"AdjustCount":308,"Restarts":5,"Conflicts":504,"Decisions":1190,"Propagations":270291,"Vars":4000,"Clauses":11901,"Literals":27950,"LEARNT_Limit":5280,"LEARNT_Clauses":504,"LEARNT_Lit/Cl":37,"Progress":0.002}
{"Event":"Restart","Time":0.064,"AdjustCount":208,"Restarts":6,"Conflicts":604,"Decisions":1451,"Propagations":314364,"Vars":4000,"Clauses":11901,"Literals":27950,"LEARNT_Limit":5280,"LEARNT_Clauses":604,"LEARNT_Lit/Cl":37,"Progress":0.002}
{"Event":"Restart","Time":0.079,"AdjustCount":7,"Restarts":7,"Conflicts":805,"Decisions":1987,"Propagations":403591,"Vars":4000,"Clauses":11901,"Literals":27950,"LEARNT_Limit":5280,"LEARNT_Clauses":805,"LEARNT_Lit/Cl":31,"Progress":0.001}
{"Event":"LearnMore","Time":0.079,"AdjustCount":506,"Restarts":7,"Conflicts":812,"Decisions":2015,"Propagations":407381,"Vars":4000,"Clauses":11901,"Literals":27950,"LEARNT_Limit":5808,"LEARNT_Clauses":812,"LEARNT_Lit/Cl":31,"Progress":0.001}
{"Event":"Restart","Time":0.117,"AdjustCount":111,"Restarts":8,"Conflicts":1207,"Decisions":2738,"Propagations":566418,"Vars":4000,"Clauses":11901,"Literals":27950,"LEARNT_Limit":5808,"LEARNT_Clauses":1207,"LEARNT_Lit/Cl":41,"Progress":0.000}
{"Event":"Restart","Time":0.125,"AdjustCount":11,"Restarts":9,"Conflicts":1307,"Decisions":2907,"Propagations":609634,"Vars":4000,"Clauses":11901,"Literals":27950,"LEARNT_Limit":5808,"LEARNT_Clauses":1307,"LEARNT_Lit/Cl":40,"Progress":0.002}
{"Event":"LearnMore","Time":0.126,"AdjustCount":759,"Restarts":9,"Conflicts":1318,"Decisions":2932,"Propagations":615415,"Vars":4000,"Clauses":11901,"Literals":27950,"LEARNT_Limit":6388,"LEARNT_Clauses":1318,"LEARNT_Lit/Cl":40,"Progress":0.002}
{"Event":"Restart","Time":0.134,"AdjustCount":670,"Restarts":10,"Conflicts":1407,"Decisions":3137,"Propagations":663859,"Vars":4000,"Clauses":11901,"Literals":27950,"LEARNT_Limit":6388,"LEARNT_Clauses":1407,"LEARNT_Lit/Cl":39,"Progress":0.001}
{"Event":"Restart","Time":0.150,"AdjustCount":470,"Restarts":11,"Conflicts":1607,"Decisions":3517,"Propagations":775648,"Vars":4000,"Clauses":11901,"Literals":27950,"LEARNT_Limit":6388,"LEARNT_Clauses":1607,"LEARNT_Lit/Cl":36,"Progress":0.003}
{"Event":"Restart","Time":0.159,"AdjustCount":369,"Restarts":12,"Conflicts":1708,"Decisions":3792,"Propagations":819543,"Vars":4000,"Clauses":11901,"Literals":27950,"LEARNT_Limit":6388,"LEARNT_Clauses":1708,"LEARNT_Lit/Cl":36,"Progress":0.003}
{"Event":"Restart","Time":0.167,"AdjustCount":269,"Restarts":13,"Conflicts":1808,"Decisions":3981,"Propagations":868268,"Vars":4000,"Clauses":11901,"Literals":27950,"LEARNT_Limit":6388,"LEARNT_Clauses":1808,"LEARNT_Lit/Cl":35,"Progress":0.001}
{"Event":"Restart","Time":0.188,"AdjustCount":68,"Restarts":14,"Conflicts":2009,"Decisions":4366,"Propagations":1003008,"Vars":4000,"Clauses":11901,"Literals":27950,"LEARNT_Limit":6388,"LEARNT_Clauses":2009,"LEARNT_Lit/Cl":34,"Progress":0.001}
{"Event":"LearnMore","Time":0.195,"AdjustCount":1139,"Restarts":14,"Conflicts":2077,"Decisions":4488,"Propagations":1038305,"Vars":4000,"Clauses":11901,"Literals":27950,"LEARNT_Limit":7027,"LEARNT_Clauses":2077,"LEARNT_Lit/Cl":34,"Progress":0.001}
{"Event":"Restart","Time":0.234,"AdjustCount":807,"Restarts":15,"Conflicts":2409,"Decisions":5278,"Propagations":1231355,"Vars":4000,"Clauses":11901,"Literals":27950,"LEARNT_Limit":7027,"LEARNT_Clauses":2409,"LEARNT_Lit/Cl":33,"Progress":0.000}
{"Event":"Restart","Time":0.315,"AdjustCount":6,"Restarts":16,"Conflicts":3210,"Decisions":6631,"Propagations":1582435,"Vars":4000,"Clauses":11901,"Literals":27950,"LEARNT_Limit":7027,"LEARNT_Clauses":3210,"LEARNT_Lit/Cl":35,"Progress":0.001}
{"Event":"LearnMore","Time":0.316,"AdjustCount":1708,"Restarts":16,"Conflicts":3216,"Decisions":6657,"Propagations":1586306,"Vars":4000,"Clauses":11901,"Literals":27950,"LEARNT_Limit":7730,"LEARNT_Clauses":3216,"LEARNT_Lit/Cl":35,"Progress":0.001}
{"Event":"Restart","Time":0.325,"AdjustCount":1612,"Restarts":17,"Conflicts":3312,"Decisions":6882,"Propagations":1624034,"Vars":4000,"Clauses":11901,"Literals":27950,"LEARNT_Limit":7730,"LEARNT_Clauses":3312,"LEARNT_Lit/Cl":35,"Progress":0.002}
{"Event":"Restart","Time":0.335,"AdjustCount":1512,"Restarts":18,"Conflicts":3412,"Decisions":7083,"Propagations":1679232,"Vars":4000,"Clauses":11901,"Literals":27950,"LEARNT_Limit":7730,"LEARNT_Clauses":3412,"LEARNT_Lit/Cl":35,"Progress":0.001}
{"Event":"Restart","Time":0.358,"AdjustCount":1312,"Restarts":19,"Conflicts":3612,"Decisions":7532,"Propagations":1788268,"Vars":4000,"Clauses":11901,"Literals":27950,"LEARNT_Limit":7730,"LEARNT_Clauses":3612,"LEARNT_Lit/Cl":35,"Progress":0.001}
{"Event":"Restart","Time":0.368,"AdjustCount":1212,"Restarts":20,"Conflicts":3712,"Decisions":7696,"Propagations":1845311,"Vars":4000,"Clauses":11901,"Literals":27950,"LEARNT_Limit":7730,"LEARNT_Clauses":3712,"LEARNT_Lit/Cl":35,"Progress":0.002}
{"Event":"Restart","Time":0.381,"AdjustCount":1112,"Restarts":21,"Conflicts":3812,"Decisions":8045,"Propagations":1905059,"Vars":4000,"Clauses":11901,"Literals":27950,"LEARNT_Limit":7730,"LEARNT_Clauses":3812,"LEARNT_Lit/Cl":35,"Progress":0.000}
{"Event":"Restart","Time":0.407,"AdjustCount":911,"Restarts":22,"Conflicts":4013,"Decisions":8388,"Propagations":2051031,"Vars":4000,"Clauses":11901,"Literals":27950,"LEARNT_Limit":7730,"LEARNT_Clauses":4013,"LEARNT_Lit/Cl":35,"Progress":0.000}
{"Event":"Restart","Time":0.449,"AdjustCount":511,"Restarts":23,"Conflicts":4413,"Decisions":9110,"Propagations":2214584,"Vars":4000,"Clauses":11901,"Literals":27950,"LEARNT_Limit":7730,"LEARNT_Clauses":4413,"LEARNT_Lit/Cl":35,"Progress":0.001}
{"Event":"Restart","Time":0.460,"AdjustCount":411,"Restarts":24,"Conflicts":4513,"Decisions":9279,"Propagations":2272181,"Vars":4000,"Clauses":11901,"Literals":27950,"LEARNT_Limit":7730,"LEARNT_Clauses":4513,"LEARNT_Lit/Cl":35,"Progress":0.001}
{"Event":"Restart","Time":0.472,"AdjustCount":310,"Restarts":25,"Conflicts":4614,"Decisions":9450,"Propagations":2339816,"Vars":4000,"Clauses":11901,"Literals":27950,"LEARNT_Limit":7730,"LEARNT_Clauses":4614,"LEARNT_Lit/Cl":35,"Progress":0.002}
{"Event":"Restart","Time":0.489,"AdjustCount":110,"Restarts":26,"Conflicts":4814,"Decisions":9748,"Propagations":2426197,"Vars":4000,"Clauses":11901,"Literals":27950,"LEARNT_Limit":7730,"LEARNT_Clauses":4814,"LEARNT_Lit/Cl":34,"Progress":0.001}
{"Event":"Restart","Time":0.500,"AdjustCount":10,"Restarts":27,"Conflicts":4914,"Decisions":9962,"Propagations":2475173,"Vars":4000,"Clauses":11901,"Literals":27950,"LEARNT_Limit":7730,"LEARNT_Clauses":4914,"LEARNT_Lit/Cl":34,"Progress":0.001}
{"Event":"LearnMore","Time":0.501,"AdjustCount":2562,"Restarts":27,"Conflicts":4924,"Decisions":9973,"Propagations":2478976,"Vars":4000,"Clauses":11901,"Literals":27950,"LEARNT_Limit":8503,"LEARNT_Clauses":4924,"LEARNT_Lit/Cl":34,"Progress":0.001}
{"Event":"Restart","Time":0.510,"AdjustCount":2472,"Restarts":28,"Conflicts":5014,"Decisions":10240,"Propagations":2517546,"Vars":4000,"Clauses":11901,"Literals":27950,"LEARNT_Limit":8503,"LEARNT_Clauses":5014,"LEARNT_Lit/Cl":34,"Progress":0.001}
{"Event":"Restart","Time":0.531,"AdjustCount":2272,"Restarts":29,"Conflicts":5214,"Decisions":10796,"Propagations":2610379,"Vars":4000,"Clauses":11901,"Literals":27950,"LEARNT_Limit":8503,"LEARNT_Clauses":5214,"LEARNT_Lit/Cl":34,"Progress":0.000}
{"Event":"Restart","Time":0.570,"AdjustCount":1869,"Restarts":30,"Conflicts":5617,"Decisions":11609,"Propagations":2819963,"Vars":4000,"Clauses":11901,"Literals":27950,"LEARNT_Limit":8503,"LEARNT_Clauses":5617,"LEARNT_Lit/Cl":33,"Progress":0.002}
{"Event":"Restart","Time":0.666,"AdjustCount":1067,"Restarts":31,"Conflicts":6419,"Decisions":13161,"Propagations":3237780,"Vars":4000,"Clauses":11901,"Literals":27950,"LEARNT_Limit":8503,"LEARNT_Clauses":6419,"LEARNT_Lit/Cl":34,"Progress":0.001}
{"Event":"LearnMore","Time":0.813,"AdjustCount":3844,"Restarts":31,"Conflicts":7486,"Decisions":14870,"Propagations":3733618,"Vars":4000,"Clauses":11901,"Literals":27950,"LEARNT_Limit":9353,"LEARNT_Clauses":7486,"LEARNT_Lit/Cl":35,"Progress":0.001}
{"Event":"Restart","Time":0.897,"AdjustCount":3311,"Restarts":32,"Conflicts":8019,"Decisions":15696,"Propagations":4072436,"Vars":4000,"Clauses":11901,"Literals":27950,"LEARNT_Limit":9353,"LEARNT_Clauses":8019,"LEARNT_Lit/Cl":34,"Progress":0.001}
{"Event":"Restart","Time":0.913,"AdjustCount":3210,"Restarts":33,"Conflicts":8120,"Decisions":15851,"Propagations":4145905,"Vars":4000,"Clauses":11901,"Literals":27950,"LEARNT_Limit":9353,"LEARNT_Clauses":8120,"LEARNT_Lit/Cl":34,"Progress":0.001}
{"Event":"Restart","Time":0.927,"AdjustCount":3110,"Restarts":34,"Conflicts":8220,"Decisions":15995,"Propagations":4206295,"Vars":4000,"Clauses":11901,"Literals":27950,"LEARNT_Limit":9353,"LEARNT_Clauses":8220,"LEARNT_Lit/Cl":34,"Progress":0.002}
{"Event":"Restart","Time":0.958,"AdjustCount":2910,"Restarts":35,"Conflicts":8420,"Decisions":16332,"Propagations":4329897,"Vars":4000,"Clauses":11901,"Literals":27950,"LEARNT_Limit":9353,"LEARNT_Clauses":8420,"LEARNT_Lit/Cl":34,"Progress":0.001}
{"Event":"Restart","Time":0.975,"AdjustCount":2810,"Restarts":36,"Conflicts":8520,"Decisions":16478,"Propagations":4410193,"Vars":4000,"Clauses":11901,"Literals":27950,"LEARNT_Limit":9353,"LEARNT_Clauses":8520,"LEARNT_Lit/Cl":34,"Progress":0.001}
{"Event":"Restart","Time":0.990,"AdjustCount":2708,"Restarts":37,"Conflicts":8622,"Decisions":16606,"Propagations":4475416,"Vars":4000,"Clauses":11901,"Literals":27950,"LEARNT_Limit":9353,"LEARNT_Clauses":8622,"LEARNT_Lit/Cl":33,"Progress":0.002}
{"Event":"Restart","Time":1.024,"AdjustCount":2506,"Restarts":38,"Conflicts":8824,"Decisions":16962,"Propagations":4625312,"Vars":4000,"Clauses":11901,"Literals":27950,"LEARNT_Limit":9353,"LEARNT_Clauses":8824,"LEARNT_Lit/Cl":33,"Progress":0.002}
{"Event":"Restart","Time":1.077,"AdjustCount":2106,"Restarts":39,"Conflicts":9224,"Decisions":17696,"Propagations":4828189,"Vars":4000,"Clauses":11901,"Literals":27950,"LEARNT_Limit":9353,"LEARNT_Clauses":9224,"LEARNT_Lit/Cl":34,"Progress":0.001}
{"Event":"Restart","Time":1.093,"AdjustCount":2001,"Restarts":40,"Conflicts":9329,"Decisions":17909,"Propagations":4888597,"Vars":4000,"Clauses":11901,"Literals":27950,"LEARNT_Limit":9353,"LEARNT_Clauses":9329,"LEARNT_Lit/Cl":34,"Progress":0.001}
{"Event":"Restart","Time":1.115,"AdjustCount":1901,"Restarts":41,"Conflicts":9429,"Decisions":18095,"Propagations":4951464,"Vars":4000,"Clauses":11901,"Literals":27950,"LEARNT_Limit":9353,"LEARNT_Clauses":4715,"LEARNT_Lit/Cl":26,"Progress":0.001}
{"Event":"Restart","Time":1.141,"AdjustCount":1700,"Restarts":42,"Conflicts":9630,"Decisions":18439,"Propagations":5072846,"Vars":4000,"Clauses":11901,"Literals":27950,"LEARNT_Limit":9353,"LEARNT_Clauses":4916,"LEARNT_Lit/Cl":26,"Progress":0.001}
{"Event":"Restart","Time":1.154,"AdjustCount":1600,"Restarts":43,"Conflicts":9730,"Decisions":18635,"Propagations":5123976,"Vars":4000,"Clauses":11901,"Literals":27950,"LEARNT_Limit":9353,"LEARNT_Clauses":5016,"LEARNT_Lit/Cl":26,"Progress":0.001}
{"Event":"Restart","Time":1.166,"AdjustCount":1500,"Restarts":44,"Conflicts":9830,"Decisions":18832,"Propagations":5178791,"Vars":4000,"Clauses":11901,"Literals":27950,"LEARNT_Limit":9353,"LEARNT_Clauses":5116,"LEARNT_Lit/Cl":26,"Progress":0.001}
{"Event":"Restart","Time":1.189,"AdjustCount":1300,"Restarts":45,"Conflicts":10030,"Decisions":19153,"Propagations":5278509,"Vars":4000,"Clauses":11901,"Literals":27950,"LEARNT_Limit":9353,"LEARNT_Clauses":5316,"LEARNT_Lit/Cl":27,"Progress":0.001}
{"Event":"Restart","Time":1.240,"AdjustCount":894,"Restarts":46,"Conflicts":10436,"Decisions":19708,"Propagations":5501741,"Vars":4000,"Clauses":11901,"Literals":27950,"LEARNT_Limit":9353,"LEARNT_Clauses":5722,"LEARNT_Lit/Cl":27,"Progress":0.002}
{"Event":"Restart","Time":1.341,"AdjustCount":93,"Restarts":47,"Conflicts":11237,"Decisions":21056,"Propagations":5911345,"Vars":4000,"Clauses":11901,"Literals":27950,"LEARNT_Limit":9353,"LEARNT_Clauses":6523,"LEARNT_Lit/Cl":28,"Progress":0.001}
{"Event":"LearnMore","Time":1.353,"AdjustCount":5766,"Restarts":47,"Conflicts":11330,"Decisions":21154,"Propagations":5973453,"Vars":4000,"Clauses":11901,"Literals":27950,"LEARNT_Limit":10289,"LEARNT_Clauses":6616,"LEARNT_Lit/Cl":28,"Progress":0.001}
{"Event":"Restart","Time":1.355,"AdjustCount":5759,"Restarts":48,"Conflicts":11337,"Decisions":21178,"Propagations":5979411,"Vars":4000,"Clauses":11901,"Literals":27950,"LEARNT_Limit":10289,"LEARNT_Clauses":6623,"LEARNT_Lit/Cl":28,"Progress":0.001}
{"Event":"Restart","Time":1.369,"AdjustCount":5659,"Restarts":49,"Conflicts":11437,"Decisions":21311,"Propagations":6048687,"Vars":4000,"Clauses":11901,"Literals":27950,"LEARNT_Limit":10289,"LEARNT_Clauses":6723,"LEARNT_Lit/Cl":28,"Progress":0.001}
{"Event":"Restart","Time":1.395,"AdjustCount":5458,"Restarts":50,"Conflicts":11638,"Decisions":21677,"Propagations":6159570,"Vars":4000,"Clauses":11901,"Literals":27950,"LEARNT_Limit":10289,"LEARNT_Clauses":6924,"LEARNT_Lit/Cl":28,"Progress":0.001}
{"Event":"Restart","Time":1.408,"AdjustCount":5358,"Restarts":51,"Conflicts":11738,"Decisions":21910,"Propagations":6208157,"Vars":4000,"Clauses":11901,"Literals":27950,"LEARNT_Limit":10289,"LEARNT_Clauses":7024,"LEARNT_Lit/Cl":28,"Progress":0.002}
{"Event":"Restart","Time":1.423,"AdjustCount":5257,"Restarts":52,"Conflicts":11839,"Decisions":22162,"Propagations":6264591,"Vars":4000,"Clauses":11901,"Literals":27950,"LEARNT_Limit":10289,"LEARNT_Clauses":7125,"LEARNT_Lit/Cl":29,"Progress":0.002}
{"Event":"Restart","Time":1.455,"AdjustCount":5057,"Restarts":53,"Conflicts":12039,"Decisions":22492,"Propagations":6412457,"Vars":4000,"Clauses":11901,"Literals":27950,"LEARNT_Limit":10289,"LEARNT_Clauses":7325,"LEARNT_Lit/Cl":29,"Progress":0.002}
{"Event":"Restart","Time":1.517,"AdjustCount":4657,"Restarts":54,"Conflicts":12439,"Decisions":23084,"Propagations":6644492,"Vars":4000,"Clauses":11901,"Literals":27950,"LEARNT_Limit":10289,"LEARNT_Clauses":7725,"LEARNT_Lit/Cl":29,"Progress":0.001}
{"Event":"Restart","Time":1.532,"AdjustCount":4556,"Restarts":55,"Conflicts":12540,"Decisions":23215,"Propagations":6706490,"Vars":4000,"Clauses":11901,"Literals":27950,"LEARNT_Limit":10289,"LEARNT_Clauses":7826,"LEARNT_Lit/Cl":29,"Progress":0.001}
{"Event":"Restart","Time":1.548,"AdjustCount":4455,"Restarts":56,"Conflicts":12641,"Decisions":23335,"Propagations":6775780,"Vars":4000,"Clauses":11901,"Literals":27950,"LEARNT_Limit":10289,"LEARNT_Clauses":7927,"LEARNT_Lit/Cl":29,"Progress":0.001}
{"Event":"Restart","Time":1.577,"AdjustCount":4254,"Restarts":57,"Conflicts":12842,"Decisions":23725,"Propagations":6884303,"Vars":4000,"Clauses":11901,"Literals":27950,"LEARNT_Limit":10289,"LEARNT_Clauses":8128,"LEARNT_Lit/Cl":29,"Progress":0.001}
{"Event":"Restart","Time":1.594,"AdjustCount":4152,"Restarts":58,"Conflicts":12944,"Decisions":23899,"Propagations":6957267,"Vars":4000,"Clauses":11901,"Literals":27950,"LEARNT_Limit":10289,"LEARNT_Clauses":8230,"LEARNT_Lit/Cl":29,"Progress":0.001}
{"Event":"Restart","Time":1.611,"AdjustCount":4052,"Restarts":59,"Conflicts":13044,"Decisions":24057,"Propagations":7027340,"Vars":4000,"Clauses":11901,"Literals":27950,"LEARNT_Limit":10289,"LEARNT_Clauses":8330,"LEARNT_Lit/Cl":29,"Progress":0.002}
{"Event":"Restart","Time":1.642,"AdjustCount":3852,"Restarts":60,"Conflicts":13244,"Decisions":24392,"Propagations":7136347,"Vars":4000,"Clauses":11901,"Literals":27950,"LEARNT_Limit":10289,"LEARNT_Clauses":8530,"LEARNT_Lit/Cl":29,"Progress":0.001}
{"Event":"Restart","Time":1.700,"AdjustCount":3452,"Restarts":61,"Conflicts":13644,"Decisions":25048,"Propagations":7332803,"Vars":4000,"Clauses":11901,"Literals":27950,"LEARNT_Limit":10289,"LEARNT_Clauses":8930,"LEARNT_Lit/Cl":30,"Progress":0.002}
{"Event":"Restart","Time":1.819,"AdjustCount":2651,"Restarts":62,"Conflicts":14445,"Decisions":26179,"Propagations":7723094,"Vars":4000,"Clauses":11901,"Literals":27950,"LEARNT_Limit":10289,"LEARNT_Clauses":9731,"LEARNT_Lit/Cl":30,"Progress":0.002}
{"Event":"Restart","Time":2.046,"AdjustCount":1051,"Restarts":63,"Conflicts":16045,"Decisions":28752,"Propagations":8611242,"Vars":4000,"Clauses":11901,"Literals":27950,"LEARNT_Limit":10289,"LEARNT_Clauses":5759,"LEARNT_Lit/Cl":23,"Progress":0.002}
{"Event":"LearnMore","Time":2.159,"AdjustCount":8649,"Restarts":63,"Conflicts":17096,"Decisions":30589,"Propagations":9170969,"Vars":4000,"Clauses":11901,"Literals":27950,"LEARNT_Limit":11318,"LEARNT_Clauses":6810,"LEARNT_Lit/Cl":24,"Progress":0.002}
{"Event":"Restart","Time":2.423,"AdjustCount":6498,"Restarts":64,"Conflicts":19247,"Decisions":33734,"Propagations":10185286,"Vars":4000,"Clauses":11901,"Literals":27950,"LEARNT_Limit":11318,"LEARNT_Clauses":8961,"LEARNT_Lit/Cl":28,"Progress":0.002}
{"Event":"Restart","Time":2.435,"AdjustCount":6398,"Restarts":65,"Conflicts":19347,"Decisions":33886,"Propagations":10224851,"Vars":4000,"Clauses":11901,"Literals":27950,"LEARNT_Limit":11318,"LEARNT_Clauses":9061,"LEARNT_Lit/Cl":28,"Progress":0.001}
{"Event":"Restart","Time":2.450,"AdjustCount":6297,"Restarts":66,"Conflicts":19448,"Decisions":34044,"Propagations":10275678,"Vars":4000,"Clauses":11901,"Literals":27950,"LEARNT_Limit":11318,"LEARNT_Clauses":9162,"LEARNT_Lit/Cl":28,"Progress":0.000}
{"Event":"Restart","Time":2.473,"AdjustCount":6097,"Restarts":67,"Conflicts":19648,"Decisions":34340,"Propagations":10384930,"Vars":4000,"Clauses":11901,"Literals":27950,"LEARNT_Limit":11318,"LEARNT_Clauses":9362,"LEARNT_Lit/Cl":28,"Progress":0.002}
{"Event":"Restart","Time":2.488,"AdjustCount":5997,"Restarts":68,"Conflicts":19748,"Decisions":34492,"Propagations":10460709,"Vars":4000,"Clauses":11901,"Literals":27950,"LEARNT_Limit":11318,"LEARNT_Clauses":9462,"LEARNT_Lit/Cl":28,"Progress":0.000}
{"Event":"Restart","Time":2.500,"AdjustCount":5897,"Restarts":69,"Conflicts":19848,"Decisions":34659,"Propagations":10524840,"Vars":4000,"Clauses":11901,"Literals":27950,"LEARNT_Limit":11318,"LEARNT_Clauses":9562,"LEARNT_Lit/Cl":28,"Progress":0.000}
{"Event":"Restart","Time":2.528,"AdjustCount":5696,"Restarts":70,"Conflicts":20049,"Decisions":34938,"Propagations":10663890,"Vars":4000,"Clauses":11901,"Literals":27950,"LEARNT_Limit":11318,"LEARNT_Clauses":9763,"LEARNT_Lit/Cl":28,"Progress":0.002}
{"Event":"Restart","Time":2.573,"AdjustCount":5296,"Restarts":71,"Conflicts":20449,"Decisions":35732,"Propagations":10828591,"Vars":4000,"Clauses":11901,"Literals":27950,"LEARNT_Limit":11318,"LEARNT_Clauses":10163,"LEARNT_Lit/Cl":28,"Progress":0.002}
{"Event":"Restart","Time":2.587,"AdjustCount":5196,"Restarts":72,"Conflicts":20549,"Decisions":35957,"Propagations":10879444,"Vars":4000,"Clauses":11901,"Literals":27950,"LEARNT_Limit":11318,"LEARNT_Clauses":10263,"LEARNT_Lit/Cl":28,"Progress":0.002}
{"Event":"Restart","Time":2.599,"AdjustCount":5096,"Restarts":73,"Conflicts":20649,"Decisions":36218,"Propagations":10930270,"Vars":4000,"Clauses":11901,"Literals":27950,"LEARNT_Limit":11318,"LEARNT_Clauses":10363,"LEARNT_Lit/Cl":28,"Progress":0.000}
{"Event":"Restart","Time":2.627,"AdjustCount":4895,"Restarts":74,"Conflicts":20850,"Decisions":36594,"Propagations":11063165,"Vars":4000,"Clauses":11901,"Literals":27950,"LEARNT_Limit":11318,"LEARNT_Clauses":10564,"LEARNT_Lit/Cl":28,"Progress":0.003}
{"Event":"Restart","Time":2.642,"AdjustCount":4795,"Restarts":75,"Conflicts":20950,"Decisions":36856,"Propagations":11132104,"Vars":4000,"Clauses":11901,"Literals":27950,"LEARNT_Limit":11318,"LEARNT_Clauses":10664,"LEARNT_Lit/Cl":28,"Progress":0.000}
{"Event":"Restart","Time":2.655,"AdjustCount":4694,"Restarts":76,"Conflicts":21051,"Decisions":37050,"Propagations":11190650,"Vars":4000,"Clauses":11901,"Literals":27950,"LEARNT_Limit":11318,"LEARNT_Clauses":10765,"LEARNT_Lit/Cl":28,"Progress":0.001}
{"Event":"Restart","Time":2.678,"AdjustCount":4493,"Restarts":77,"Conflicts":21252,"Decisions":37387,"Propagations":11303579,"Vars":4000,"Clauses":11901,"Literals":27950,"LEARNT_Limit":11318,"LEARNT_Clauses":10966,"LEARNT_Lit/Cl":28,"Progress":0.001}
{"Event":"Restart","Time":2.735,"AdjustCount":4092,"Restarts":78,"Conflicts":21653,"Decisions":38008,"Propagations":11551691,"Vars":4000,"Clauses":11901,"Literals":27950,"LEARNT_Limit":11318,"LEARNT_Clauses":5684,"LEARNT_Lit/Cl":26,"Progress":0.001}
{"Event":"Restart","Time":2.835,"AdjustCount":3291,"Restarts":79,"Conflicts":22454,"Decisions":39180,"Propagations":12053340,"Vars":4000,"Clauses":11901,"Literals":27950,"LEARNT_Limit":11318,"LEARNT_Clauses":6485,"LEARNT_Lit/Cl":26,"Progress":0.000}
{"Event":"Restart","Time":2.846,"AdjustCount":3191,"Restarts":80,"Conflicts":22554,"Decisions":39322,"Propagations":12106084,"Vars":4000,"Clauses":11901,"Literals":27950,"LEARNT_Limit":11318,"LEARNT_Clauses":6585,"LEARNT_Lit/Cl":26,"Progress":0.001}
{"Event":"Restart","Time":2.859,"AdjustCount":3090,"Restarts":81,"Conflicts":22655,"Decisions":39488,"Propagations":12170923,"Vars":4000,"Clauses":11901,"Literals":27950,"LEARNT_Limit":11318,"LEARNT_Clauses":6686,"LEARNT_Lit/Cl":26,"Progress":0.001}
{"Event":"Restart","Time":2.881,"AdjustCount":2888,"Restarts":82,"Conflicts":22857,"Decisions":39792,"Propagations":12278560,"Vars":4000,"Clauses":11901,"Literals":27950,"LEARNT_Limit":11318,"LEARNT_Clauses":6888,"LEARNT_Lit/Cl":26,"Progress":0.000}
{"Event":"Restart","Time":2.893,"AdjustCount":2786,"Restarts":83,"Conflicts":22959,"Decisions":39930,"Propagations":12333561,"Vars":4000,"Clauses":11901,"Literals":27950,"LEARNT_Limit":11318,"LEARNT_Clauses":6990,"LEARNT_Lit/Cl":26,"Progress":0.001}
{"Event":"Restart","Time":2.908,"AdjustCount":2686,"Restarts":84,"Conflicts":23059,"Decisions":40109,"Propagations":12394889,"Vars":4000,"Clauses":11901,"Literals":27950,"LEARNT_Limit":11318,"LEARNT_Clauses":7090,"LEARNT_Lit/Cl":26,"Progress":0.001}
{"Event":"Restart","Time":2.936,"AdjustCount":2486,"Restarts":85,"Conflicts":23259,"Decisions":40370,"Propagations":12545430,"Vars":4000,"Clauses":11901,"Literals":27950,"LEARNT_Limit":11318,"LEARNT_Clauses":7290,"LEARNT_Lit/Cl":26,"Progress":0.001}
{"Event":"Restart","Time":2.982,"AdjustCount":2083,"Restarts":86,"Conflicts":23662,"Decisions":41035,"Propagations":12691691,"Vars":4000,"Clauses":11901,"Literals":27950,"LEARNT_Limit":11318,"LEARNT_Clauses":7693,"LEARNT_Lit/Cl":29,"Progress":0.001}
{"Event":"Restart","Time":2.994,"AdjustCount":1983,"Restarts":87,"Conflicts":23762,"Decisions":41221,"Propagations":12729381,"Vars":4000,"Clauses":11901,"Literals":27950,"LEARNT_Limit":11318,"LEARNT_Clauses":7793,"LEARNT_Lit/Cl":29,"Progress":0.001}
{"Event":"Restart","Time":3.006,"AdjustCount":1883,"Restarts":88,"Conflicts":23862,"Decisions":41443,"Propagations":12775293,"Vars":4000,"Clauses":11901,"Literals":27950,"LEARNT_Limit":11318,"LEARNT_Clauses":7893,"LEARNT_Lit/Cl":30,"Progress":0.001}
{"Event":"Restart","Time":3.034,"AdjustCount":1682,"Restarts":89,"Conflicts":24063,"Decisions":41863,"Propagations":12896572,"Vars":4000,"Clauses":11901,"Literals":27950,"LEARNT_Limit":11318,"LEARNT_Clauses":8094,"LEARNT_Lit/Cl":30,"Progress":0.002}
{"Event":"Restart","Time":3.045,"AdjustCount":1582,"Restarts":90,"Conflicts":24163,"Decisions":42055,"Propagations":12935954,"Vars":4000,"Clauses":11901,"Literals":27950,"LEARNT_Limit":11318,"LEARNT_Clauses":8194,"LEARNT_Lit/Cl":30,"Progress":0.001}
{"Event":"Restart","Time":3.063,"AdjustCount":1481,"Restarts":91,"Conflicts":24264,"Decisions":42208,"Propagations":13015950,"Vars":4000,"Clauses":11901,"Literals":27950,"LEARNT_Limit":11318,"LEARNT_Clauses":8295,"LEARNT_Lit/Cl":30,"Progress":0.000}
{"Event":"Restart","Time":3.093,"AdjustCount":1281,"Restarts":92,"Conflicts":24464,"Decisions":42520,"Propagations":13141428,"Vars":4000,"Clauses":11901,"Literals":27950,"LEARNT_Limit":11318,"LEARNT_Clauses":8495,"LEARNT_Lit/Cl":30,"Progress":0.002}
{"Event":"Restart","Time":3.143,"AdjustCount":880,"Restarts":93,"Conflicts":24865,"Decisions":43181,"Propagations":13336503,"Vars":4000,"Clauses":11901,"Literals":27950,"LEARNT_Limit":11318,"LEARNT_Clauses":8896,"LEARNT_Lit/Cl":30,"Progress":0.000}
{"Event":"Restart","Time":3.251,"AdjustCount":80,"Restarts":94,"Conflicts":25665,"Decisions":44352,"Propagations":13839308,"Vars":4000,"Clauses":11901,"Literals":27950,"LEARNT_Limit":11318,"LEARNT_Clauses":9696,"LEARNT_Lit/Cl":30,"Progress":0.002}
{"Event":"LearnMore","Time":3.261,"AdjustCount":12974,"Restarts":94,"Conflicts":25745,"Decisions":44447,"Propagations":13883219,"Vars":4000,"Clauses":11901,"Literals":27950,"LEARNT_Limit":12450,"LEARNT_Clauses":9776,"LEARNT_Lit/Cl":30,"Progress":0.002}
{"Event":"Restart","Time":3.454,"AdjustCount":11453,"Restarts":95,"Conflicts":27266,"Decisions":46760,"Propagations":14628236,"Vars":4000,"Clauses":11901,"Literals":27950,"LEARNT_Limit":12450,"LEARNT_Clauses":11297,"LEARNT_Lit/Cl":31,"Progress":0.002}
{"Event":"Restart","Time":3.467,"AdjustCount":11352,"Restarts":96,"Conflicts":27367,"Decisions":46977,"Propagations":14685362,"Vars":4000,"Clauses":11901,"Literals":27950,"LEARNT_Limit":12450,"LEARNT_Clauses":11398,"LEARNT_Lit/Cl":31,"Progress":0.000}
{"Event":"Restart","Time":3.485,"AdjustCount":11250,"Restarts":97,"Conflicts":27469,"Decisions":47244,"Propagations":14750803,"Vars":4000,"Clauses":11901,"Literals":27950,"LEARNT_Limit":12450,"LEARNT_Clauses":11500,"LEARNT_Lit/Cl":31,"Progress":0.002}
{"Event":"Restart","Time":3.515,"AdjustCount":11050,"Restarts":98,"Conflicts":27669,"Decisions":47658,"Propagations":14873520,"Vars":4000,"Clauses":11901,"Literals":27950,"LEARNT_Limit":12450,"LEARNT_Clauses":11700,"LEARNT_Lit/Cl":31,"Progress":0.002}
{"Event":"Restart","Time":3.526,"AdjustCount":10948,"Restarts":99,"Conflicts":27771,"Decisions":47832,"Propagations":14924439,"Vars":4000,"Clauses":11901,"Literals":27950,"LEARNT_Limit":12450,"LEARNT_Clauses":11802,"LEARNT_Lit/Cl":31,"Progress":0.000}
{"Event":"Restart","Time":3.539,"AdjustCount":10848,"Restarts":100,"Conflicts":27871,"Decisions":48023,"Propagations":14966442,"Vars":4000,"Clauses":11901,"Literals":27950,"LEARNT_Limit":12450,"LEARNT_Clauses":11902,"LEARNT_Lit/Cl":32,"Progress":0.002}
{"Event":"Restart","Time":3.563,"AdjustCount":10648,"Restarts":101,"Conflicts":28071,"Decisions":48353,"Propagations":15066968,"Vars":4000,"Clauses":11901,"Literals":27950,"LEARNT_Limit":12450,"LEARNT_Clauses":12102,"LEARNT_Lit/Cl":32,"Progress":0.000}
{"Event":"Restart","Time":3.622,"AdjustCount":10247,"Restarts":102,"Conflicts":28472,"Decisions":48976,"Propagations":15247633,"Vars":4000,"Clauses":11901,"Literals":27950,"LEARNT_Limit":12450,"LEARNT_Clauses":6252,"LEARNT_Lit/Cl":28,"Progress":0.002}
{"Event":"Restart","Time":3.633,"AdjustCount":10146,"Restarts":103,"Conflicts":28573,"Decisions":49166,"Propagations":15293861,"Vars":4000,"Clauses":11901,"Literals":27950,"LEARNT_Limit":12450,"LEARNT_Clauses":6353,"LEARNT_Lit/Cl":28,"Progress":0.002}
{"Event":"Restart","Time":3.644,"AdjustCount":10046,"Restarts":104,"Conflicts":28673,"Decisions":49351,"Propagations":15356597,"Vars":4000,"Clauses":11901,"Literals":27950,"LEARNT_Limit":12450,"LEARNT_Clauses":6453,"LEARNT_Lit/Cl":28,"Progress":0.002}
{"Event":"Restart","Time":3.677,"AdjustCount":9844,"Restarts":105,"Conflicts":28875,"Decisions":49630,"Propagations":15488266,"Vars":3999,"Clauses":11899,"Literals":27944,"LEARNT_Limit":12450,"LEARNT_Clauses":6348,"LEARNT_Lit/Cl":29,"Progress":0.027}
{"Event":"Restart","Time":3.689,"AdjustCount":9744,"Restarts":106,"Conflicts":28975,"Decisions":49817,"Propagations":15531155,"Vars":3999,"Clauses":11899,"Literals":27944,"LEARNT_Limit":12450,"LEARNT_Clauses":6448,"LEARNT_Lit/Cl":29,"Progress":0.027}
{"Event":"Restart","Time":3.702,"AdjustCount":9642,"Restarts":107,"Conflicts":29077,"Decisions":50018,"Propagations":15603143,"Vars":3999,"Clauses":11899,"Literals":27944,"LEARNT_Limit":12450,"LEARNT_Clauses":6550,"LEARNT_Lit/Cl":29,"Progress":0.025}
{"Event":"Restart","Time":3.729,"AdjustCount":9439,"Restarts":108,"Conflicts":29280,"Decisions":50349,"Propagations":15740795,"Vars":3999,"Clauses":11899,"Literals":27944,"LEARNT_Limit":12450,"LEARNT_Clauses":6753,"LEARNT_Lit/Cl":28,"Progress":0.027}
{"Event":"Restart","Time":3.784,"AdjustCount":9037,"Restarts":109,"Conflicts":29682,"Decisions":51022,"Propagations":15981311,"Vars":3999,"Clauses":11899,"Literals":27944,"LEARNT_Limit":12450,"LEARNT_Clauses":7155,"LEARNT_Lit/Cl":29,"Progress":0.027}
{"Event":"Restart","Time":3.887,"AdjustCount":8235,"Restarts":110,"Conflicts":30484,"Decisions":52078,"Propagations":16406537,"Vars":3999,"Clauses":11899,"Literals":27944,"LEARNT_Limit":12450,"LEARNT_Clauses":7957,"LEARNT_Lit/Cl":29,"Progress":0.027}
{"Event":"Restart","Time":3.904,"AdjustCount":8134,"Restarts":111,"Conflicts":30585,"Decisions":52346,"Propagations":16470237,"Vars":3999,"Clauses":11899,"Literals":27944,"LEARNT_Limit":12450,"LEARNT_Clauses":8058,"LEARNT_Lit/Cl":29,"Progress":0.027}
{"Event":"Restart","Time":3.918,"AdjustCount":8034,"Restarts":112,"Conflicts":30685,"Decisions":52489,"Propagations":16524844,"Vars":3999,"Clauses":11899,"Literals":27944,"LEARNT_Limit":12450,"LEARNT_Clauses":8158,"LEARNT_Lit/Cl":29,"Progress":0.025}
{"Event":"Restart","Time":3.944,"AdjustCount":7834,"Restarts":113,"Conflicts":30885,"Decisions":52772,"Propagations":16642200,"Vars":3999,"Clauses":11899,"Literals":27944,"LEARNT_Limit":12450,"LEARNT_Clauses":8358,"LEARNT_Lit/Cl":29,"Progress":0.027}
{"Event":"Restart","Time":3.957,"AdjustCount":7734,"Restarts":114,"Conflicts":30985,"Decisions":52918,"Propagations":16693768,"Vars":3999,"Clauses":11899,"Literals":27944,"LEARNT_Limit":12450,"LEARNT_Clauses":8458,"LEARNT_Lit/Cl":29,"Progress":0.027}
{"Event":"Restart","Time":3.976,"AdjustCount":7634,"Restarts":115,"Conflicts":31085,"Decisions":53041,"Propagations":16768480,"Vars":3999,"Clauses":11899,"Literals":27944,"LEARNT_Limit":12450,"LEARNT_Clauses":8558,"LEARNT_Lit/Cl":29,"Progress":0.027}
{"Event":"Restart","Time":4.000,"AdjustCount":7431,"Restarts":116,"Conflicts":31288,"Decisions":53357,"Propagations":16854554,"Vars":3999,"Clauses":11899,"Literals":27944,"LEARNT_Limit":12450,"LEARNT_Clauses":8761,"LEARNT_Lit/Cl":29,"Progress":0.027}
{"Event":"Restart","Time":4.042,"AdjustCount":7030,"Restarts":117,"Conflicts":31689,"Decisions":54023,"Propagations":17030785,"Vars":3999,"Clauses":11899,"Literals":27944,"LEARNT_Limit":12450,"LEARNT_Clauses":9162,"LEARNT_Lit/Cl":29,"Progress":0.027}
{"Event":"Restart","Time":4.054,"AdjustCount":6927,"Restarts":118,"Conflicts":31792,"Decisions":54193,"Propagations":17081816,"Vars":3999,"Clauses":11899,"Literals":27944,"LEARNT_Limit":12450,"LEARNT_Clauses":9265,"LEARNT_Lit/Cl":29,"Progress":0.027}
{"Event":"Restart","Time":4.067,"AdjustCount":6825,"Restarts":119,"Conflicts":31894,"Decisions":54365,"Propagations":17134478,"Vars":3999,"Clauses":11899,"Literals":27944,"LEARNT_Limit":12450,"LEARNT_Clauses":9367,"LEARNT_Lit/Cl":29,"Progress":0.027}
{"Event":"Restart","Time":4.091,"AdjustCount":6625,"Restarts":120,"Conflicts":32094,"Decisions":54645,"Propagations":17243001,"Vars":3999,"Clauses":11899,"Literals":27944,"LEARNT_Limit":12450,"LEARNT_Clauses":9567,"LEARNT_Lit/Cl":29,"Progress":0.027}
{"Event":"Restart","Time":4.104,"AdjustCount":6525,"Restarts":121,"Conflicts":32194,"Decisions":54811,"Propagations":17281329,"Vars":3999,"Clauses":11899,"Literals":27944,"LEARNT_Limit":12450,"LEARNT_Clauses":9667,"LEARNT_Lit/Cl":29,"Progress":0.027}
{"Event":"Restart","Time":4.116,"AdjustCount":6424,"Restarts":122,"Conflicts":32295,"Decisions":54991,"Propagations":17330588,"Vars":3999,"Clauses":11899,"Literals":27944,"LEARNT_Limit":12450,"LEARNT_Clauses":9768,"LEARNT_Lit/Cl":29,"Progress":0.027}
{"Event":"Restart","Time":4.147,"AdjustCount":6222,"Restarts":123,"Conflicts":32497,"Decisions":55287,"Propagations":17457581,"Vars":3999,"Clauses":11899,"Literals":27944,"LEARNT_Limit":12450,"LEARNT_Clauses":9970,"LEARNT_Lit/Cl":29,"Progress":0.027}
{"Event":"Restart","Time":4.205,"AdjustCount":5820,"Restarts":124,"Conflicts":32899,"Decisions":55860,"Propagations":17692605,"Vars":3999,"Clauses":11899,"Literals":27944,"LEARNT_Limit":12450,"LEARNT_Clauses":10372,"LEARNT_Lit/Cl":29,"Progress":0.027}
{"Event":"Restart","Time":4.319,"AdjustCount":5019,"Restarts":125,"Conflicts":33700,"Decisions":57203,"Propagations":18075530,"Vars":3999,"Clauses":11899,"Literals":27944,"LEARNT_Limit":12450,"LEARNT_Clauses":11173,"LEARNT_Lit/Cl":30,"Progress":0.027}
{"Event":"Restart","Time":4.556,"AdjustCount":3418,"Restarts":126,"Conflicts":35301,"Decisions":59676,"Propagations":18829644,"Vars":3999,"Clauses":11899,"Literals":27944,"LEARNT_Limit":12450,"LEARNT_Clauses":6388,"LEARNT_Lit/Cl":25,"Progress":0.027}
{"Event":"Restart","Time":4.996,"AdjustCount":218,"Restarts":127,"Conflicts":38501,"Decisions":64243,"Propagations":20452599,"Vars":3999,"Clauses":11899,"Literals":27944,"LEARNT_Limit":12450,"LEARNT_Clauses":9588,"LEARNT_Lit/Cl":30,"Progress":0.027}
{"Event":"LearnMore","Time":5.022,"AdjustCount":19461,"Restarts":127,"Conflicts":38719,"Decisions":64577,"Propagations":20543098,"Vars":3999,"Clauses":11899,"Literals":27944,"LEARNT_Limit":13695,"LEARNT_Clauses":9806,"LEARNT_Lit/Cl":30,"Progress":0.027}
{"Event":"Restart","Time":5.875,"AdjustCount":13276,"Restarts":128,"Conflicts":44904,"Decisions":73770,"Propagations":23489763,"Vars":3999,"Clauses":11899,"Literals":27944,"LEARNT_Limit":13695,"LEARNT_Clauses":8707,"LEARNT_Lit/Cl":35,"Progress":0.027}
{"Event":"Restart","Time":5.893,"AdjustCount":13175,"Restarts":129,"Conflicts":45005,"Decisions":73933,"Propagations":23567341,"Vars":3999,"Clauses":11899,"Literals":27944,"LEARNT_Limit":13695,"LEARNT_Clauses":8808,"LEARNT_Lit/Cl":35,"Progress":0.027}
{"Event":"Restart","Time":5.911,"AdjustCount":13074,"Restarts":130,"Conflicts":45106,"Decisions":74088,"Propagations":23638357,"Vars":3999,"Clauses":11899,"Literals":27944,"LEARNT_Limit":13695,"LEARNT_Clauses":8909,"LEARNT_Lit/Cl":35,"Progress":0.027}
{"Event":"Restart","Time":5.944,"AdjustCount":12873,"Restarts":131,"Conflicts":45307,"Decisions":74375,"Propagations":23763487,"Vars":3999,"Clauses":11899,"Literals":27944,"LEARNT_Limit":13695,"LEARNT_Clauses":9110,"LEARNT_Lit/Cl":35,"Progress":0.027}
{"Event":"Restart","Time":5.959,"AdjustCount":12773,"Restarts":132,"Conflicts":45407,"Decisions":74521,"Propagations":23829371,"Vars":3999,"Clauses":11899,"Literals":27944,"LEARNT_Limit":13695,"LEARNT_Clauses":9210,"LEARNT_Lit/Cl":35,"Progress":0.027}
{"Event":"Restart","Time":5.971,"AdjustCount":12673,"Restarts":133,"Conflicts":45507,"Decisions":74673,"Propagations":23893832,"Vars":3999,"Clauses":11899,"Literals":27944,"LEARNT_Limit":13695,"LEARNT_Clauses":9310,"LEARNT_Lit/Cl":35,"Progress":0.027}
{"Event":"Restart","Time":5.995,"AdjustCount":12473,"Restarts":134,"Conflicts":45707,"Decisions":74995,"Propagations":23983574,"Vars":3999,"Clauses":11899,"Literals":27944,"LEARNT_Limit":13695,"LEARNT_Clauses":9510,"LEARNT_Lit/Cl":35,"Progress":0.027}
{"Event":"Restart","Time":6.058,"AdjustCount":12069,"Restarts":135,"Conflicts":46111,"Decisions":75654,"Propagations":24197784,"Vars":3999,"Clauses":11899,"Literals":27944,"LEARNT_Limit":13695,"LEARNT_Clauses":9914,"LEARNT_Lit/Cl":35,"Progress":0.027}
{"Event":"Restart","Time":6.075,"AdjustCount":11966,"Restarts":136,"Conflicts":46214,"Decisions":75786,"Propagations":24270321,"Vars":3999,"Clauses":11899,"Literals":27944,"LEARNT_Limit":13695,"LEARNT_Clauses":10017,"LEARNT_Lit/Cl":35,"Progress":0.027}
{"Event":"Restart","Time":6.089,"AdjustCount":11865,"Restarts":137,"Conflicts":46315,"Decisions":75959,"Propagations":24322626,"Vars":3999,"Clauses":11899,"Literals":27944,"LEARNT_Limit":13695,"LEARNT_Clauses":10118,"LEARNT_Lit/Cl":35,"Progress":0.027}
{"Event":"Restart","Time":6.118,"AdjustCount":11664,"Restarts":138,"Conflicts":46516,"Decisions":76354,"Propagations":24424507,"Vars":3999,"Clauses":11899,"Literals":27944,"LEARNT_Limit":13695,"LEARNT_Clauses":10319,"LEARNT_Lit/Cl":35,"Progress":0.027}
{"Event":"Restart","Time":6.134,"AdjustCount":11564,"Restarts":139,"Conflicts":46616,"Decisions":76519,"Propagations":24485790,"Vars":3999,"Clauses":11899,"Literals":27944,"LEARNT_Limit":13695,"LEARNT_Clauses":10419,"LEARNT_Lit/Cl":35,"Progress":0.027}
{"Event":"Restart","Time":6.153,"AdjustCount":11464,"Restarts":140,"Conflicts":46716,"Decisions":76657,"Propagations":24563108,"Vars":3999,"Clauses":11899,"Literals":27944,"LEARNT_Limit":13695,"LEARNT_Clauses":10519,"LEARNT_Lit/Cl":35,"Progress":0.027}
{"Event":"Restart","Time":6.184,"AdjustCount":11264,"Restarts":141,"Conflicts":46916,"Decisions":76993,"Propagations":24688735,"Vars":3999,"Clauses":11899,"Literals":27944,"LEARNT_Limit":13695,"LEARNT_Clauses":10719,"LEARNT_Lit/Cl":34,"Progress":0.027}
{"Event":"Restart","Time":6.249,"AdjustCount":10863,"Restarts":142,"Conflicts":47317,"Decisions":77604,"Propagations":24909368,"Vars":3999,"Clauses":11899,"Literals":27944,"LEARNT_Limit":13695,"LEARNT_Clauses":11120,"LEARNT_Lit/Cl":35,"Progress":0.027}
{"Event":"Restart","Time":6.362,"AdjustCount":10062,"Restarts":143,"Conflicts":48118,"Decisions":78715,"Propagations":25300721,"Vars":3999,"Clauses":11899,"Literals":27944,"LEARNT_Limit":13695,"LEARNT_Clauses":11921,"LEARNT_Lit/Cl":35,"Progress":0.027}
{"Event":"Restart","Time":6.379,"AdjustCount":9962,"Restarts":144,"Conflicts":48218,"Decisions":78927,"Propagations":25361916,"Vars":3999,"Clauses":11899,"Literals":27944,"LEARNT_Limit":13695,"LEARNT_Clauses":12021,"LEARNT_Lit/Cl":35,"Progress":0.027}
{"Event":"Restart","Time":6.394,"AdjustCount":9862,"Restarts":145,"Conflicts":48318,"Decisions":79039,"Propagations":25420784,"Vars":3999,"Clauses":11899,"Literals":27944,"LEARNT_Limit":13695,"LEARNT_Clauses":12121,"LEARNT_Lit/Cl":35,"Progress":0.027}
{"Event":"Restart","Time":6.429,"AdjustCount":9660,"Restarts":146,"Conflicts":48520,"Decisions":79322,"Propagations":25527800,"Vars":3999,"Clauses":11899,"Literals":27944,"LEARNT_Limit":13695,"LEARNT_Clauses":12323,"LEARNT_Lit/Cl":35,"Progress":0.027}
{"Event":"Restart","Time":6.449,"AdjustCount":9560,"Restarts":147,"Conflicts":48620,"Decisions":79424,"Propagations":25606976,"Vars":3999,"Clauses":11899,"Literals":27944,"LEARNT_Limit":13695,"LEARNT_Clauses":12423,"LEARNT_Lit/Cl":35,"Progress":0.027}
{"Event":"Restart","Time":6.465,"AdjustCount":9457,"Restarts":148,"Conflicts":48723,"Decisions":79579,"Propagations":25640643,"Vars":3999,"Clauses":11899,"Literals":27944,"LEARNT_Limit":13695,"LEARNT_Clauses":12526,"LEARNT_Lit/Cl":35,"Progress":0.027}
{"Event":"Restart","Time":6.500,"AdjustCount":9252,"Restarts":149,"Conflicts":48928,"Decisions":79852,"Propagations":25766298,"Vars":3999,"Clauses":11899,"Literals":27944,"LEARNT_Limit":13695,"LEARNT_Clauses":12731,"LEARNT_Lit/Cl":35,"Progress":0.027}
{"Event":"Restart","Time":6.564,"AdjustCount":8852,"Restarts":150,"Conflicts":49328,"Decisions":80420,"Propagations":25971155,"Vars":3999,"Clauses":11899,"Literals":27944,"LEARNT_Limit":13695,"LEARNT_Clauses":13131,"LEARNT_Lit/Cl":35,"Progress":0.027}
{"Event":"Restart","Time":6.583,"AdjustCount":8752,"Restarts":151,"Conflicts":49428,"Decisions":80549,"Propagations":26032313,"Vars":3999,"Clauses":11899,"Literals":27944,"LEARNT_Limit":13695,"LEARNT_Clauses":13231,"LEARNT_Lit/Cl":35,"Progress":0.027}
{"Event":"Restart","Time":6.598,"AdjustCount":8652,"Restarts":152,"Conflicts":49528,"Decisions":80702,"Propagations":26078056,"Vars":3999,"Clauses":11899,"Literals":27944,"LEARNT_Limit":13695,"LEARNT_Clauses":13331,"LEARNT_Lit/Cl":35,"Progress":0.027}
{"Event":"Restart","Time":6.633,"AdjustCount":8452,"Restarts":153,"Conflicts":49728,"Decisions":80977,"Propagations":26165322,"Vars":3999,"Clauses":11899,"Literals":27944,"LEARNT_Limit":13695,"LEARNT_Clauses":13531,"LEARNT_Lit/Cl":36,"Progress":0.027}
{"Event":"Restart","Time":6.648,"AdjustCount":8351,"Restarts":154,"Conflicts":49829,"Decisions":81182,"Propagations":26209246,"Vars":3999,"Clauses":11899,"Literals":27944,"LEARNT_Limit":13695,"LEARNT_Clauses":13632,"LEARNT_Lit/Cl":36,"Progress":0.027}
{"Event":"Restart","Time":6.674,"AdjustCount":8250,"Restarts":155,"Conflicts":49930,"Decisions":81331,"Propagations":26273291,"Vars":3999,"Clauses":11899,"Literals":27944,"LEARNT_Limit":13695,"LEARNT_Clauses":6867,"LEARNT_Lit/Cl":27,"Progress":0.027}
{"Event":"Restart","Time":6.703,"AdjustCount":8050,"Restarts":156,"Conflicts":50130,"Decisions":81668,"Propagations":26375450,"Vars":3999,"Clauses":11899,"Literals":27944,"LEARNT_Limit":13695,"LEARNT_Clauses":7067,"LEARNT_Lit/Cl":27,"Progress":0.027}
{"Event":"Restart","Time":6.753,"AdjustCount":7647,"Restarts":157,"Conflicts":50533,"Decisions":82318,"Propagations":26555940,"Vars":3999,"Clauses":11899,"Literals":27944,"LEARNT_Limit":13695,"LEARNT_Clauses":7470,"LEARNT_Lit/Cl":28,"Progress":0.027}
{"Event":"Restart","Time":6.854,"AdjustCount":6847,"Restarts":158,"Conflicts":51333,"Decisions":83478,"Propagations":26939801,"Vars":3999,"Clauses":11899,"Literals":27944,"LEARNT_Limit":13695,"LEARNT_Clauses":8270,"LEARNT_Lit/Cl":29,"Progress":0.027}
{"Event":"Restart","Time":7.074,"AdjustCount":5247,"Restarts":159,"Conflicts":52933,"Decisions":85935,"Propagations":27729564,"Vars":3999,"Clauses":11899,"Literals":27944,"LEARNT_Limit":13695,"LEARNT_Clauses":9870,"LEARNT_Lit/Cl":31,"Progress":0.027}
{"Event":"Restart","Time":7.087,"AdjustCount":5143,"Restarts":160,"Conflicts":53037,"Decisions":86087,"Propagations":27770474,"Vars":3999,"Clauses":11899,"Literals":27944,"LEARNT_Limit":13695,"LEARNT_Clauses":9974,"LEARNT_Lit/Cl":31,"Progress":0.027}
{"Event":"Restart","Time":7.103,"AdjustCount":5043,"Restarts":161,"Conflicts":53137,"Decisions":86207,"Propagations":27836296,"Vars":3999,"Clauses":11899,"Literals":27944,"LEARNT_Limit":13695,"LEARNT_Clauses":10074,"LEARNT_Lit/Cl":31,"Progress":0.027}
{"Event":"Restart","Time":7.131,"AdjustCount":4840,"Restarts":162,"Conflicts":53340,"Decisions":86512,"Propagations":27946141,"Vars":3999,"Clauses":11899,"Literals":27944,"LEARNT_Limit":13695,"LEARNT_Clauses":10277,"LEARNT_Lit/Cl":31,"Progress":0.027}
{"Event":"Restart","Time":7.142,"AdjustCount":4740,"Restarts":163,"Conflicts":53440,"Decisions":86665,"Propagations":27996720,"Vars":3999,"Clauses":11899,"Literals":27944,"LEARNT_Limit":13695,"LEARNT_Clauses":10377,"LEARNT_Lit/Cl":31,"Progress":0.027}
{"Event":"Restart","Time":7.152,"AdjustCount":4640,"Restarts":164,"Conflicts":53540,"Decisions":86794,"Propagations":28042536,"Vars":3999,"Clauses":11899,"Literals":27944,"LEARNT_Limit":13695,"LEARNT_Clauses":10477,"LEARNT_Lit/Cl":31,"Progress":0.027}
{"Event":"Restart","Time":7.177,"AdjustCount":4439,"Restarts":165,"Conflicts":53741,"Decisions":87075,"Propagations":28148848,"Vars":3999,"Clauses":11899,"Literals":27944,"LEARNT_Limit":13695,"LEARNT_Clauses":10678,"LEARNT_Lit/Cl":31,"Progress":0.027}
{"Event":"Restart","Time":7.234,"AdjustCount":4038,"Restarts":166,"Conflicts":54142,"Decisions":87737,"Propagations":28345215,"Vars":3999,"Clauses":11899,"Literals":27944,"LEARNT_Limit":13695,"LEARNT_Clauses":11079,"LEARNT_Lit/Cl":31,"Progress":0.027}
{"Event":"Restart","Time":7.249,"AdjustCount":3938,"Restarts":167,"Conflicts":54242,"Decisions":87926,"Propagations":28400741,"Vars":3999,"Clauses":11899,"Literals":27944,"LEARNT_Limit":13695,"LEARNT_Clauses":11179,"LEARNT_Lit/Cl":31,"Progress":0.027}
{"Event":"Restart","Time":7.263,"AdjustCount":3838,"Restarts":168,"Conflicts":54342,"Decisions":88068,"Propagations":28454688,"Vars":3999,"Clauses":11899,"Literals":27944,"LEARNT_Limit":13695,"LEARNT_Clauses":11279,"LEARNT_Lit/Cl":31,"Progress":0.027}
{"Event":"Restart","Time":7.292,"AdjustCount":3637,"Restarts":169,"Conflicts":54543,"Decisions":88390,"Propagations":28561336,"Vars":3999,"Clauses":11899,"Literals":27944,"LEARNT_Limit":13695,"LEARNT_Clauses":11480,"LEARNT_Lit/Cl":31,"Progress":0.027}
{"Event":"Restart","Time":7.305,"AdjustCount":3535,"Restarts":170,"Conflicts":54645,"Decisions":88613,"Propagations":28609767,"Vars":3999,"Clauses":11899,"Literals":27944,"LEARNT_Limit":13695,"LEARNT_Clauses":11582,"LEARNT_Lit/Cl":31,"Progress":0.027}
{"Event":"Restart","Time":7.318,"AdjustCount":3432,"Restarts":171,"Conflicts":54748,"Decisions":88755,"Propagations":28674872,"Vars":3999,"Clauses":11899,"Literals":27944,"LEARNT_Limit":13695,"LEARNT_Clauses":11685,"LEARNT_Lit/Cl":31,"Progress":0.027}
{"Event":"Restart","Time":7.347,"AdjustCount":3232,"Restarts":172,"Conflicts":54948,"Decisions":89084,"Propagations":28787738,"Vars":3999,"Clauses":11899,"Literals":27944,"LEARNT_Limit":13695,"LEARNT_Clauses":11885,"LEARNT_Lit/Cl":31,"Progress":0.027}
{"Event":"Restart","Time":7.406,"AdjustCount":2831,"Restarts":173,"Conflicts":55349,"Decisions":89657,"Propagations":29005512,"Vars":3999,"Clauses":11899,"Literals":27944,"LEARNT_Limit":13695,"LEARNT_Clauses":12286,"LEARNT_Lit/Cl":31,"Progress":0.027}
{"Event":"Restart","Time":7.512,"AdjustCount":2029,"Restarts":174,"Conflicts":56151,"Decisions":90811,"Propagations":29371893,"Vars":3999,"Clauses":11899,"Literals":27944,"LEARNT_Limit":13695,"LEARNT_Clauses":13088,"LEARNT_Lit/Cl":32,"Progress":0.027}
{"Event":"Restart","Time":7.530,"AdjustCount":1929,"Restarts":175,"Conflicts":56251,"Decisions":90971,"Propagations":29420195,"Vars":3999,"Clauses":11899,"Literals":27944,"LEARNT_Limit":13695,"LEARNT_Clauses":13188,"LEARNT_Lit/Cl":32,"Progress":0.027}
{"Event":"Restart","Time":7.545,"AdjustCount":1827,"Restarts":176,"Conflicts":56353,"Decisions":91132,"Propagations":29470227,"Vars":3999,"Clauses":11899,"Literals":27944,"LEARNT_Limit":13695,"LEARNT_Clauses":13290,"LEARNT_Lit/Cl":32,"Progress":0.027}
{"Event":"Restart","Time":7.579,"AdjustCount":1626,"Restarts":177,"Conflicts":56554,"Decisions":91389,"Propagations":29590818,"Vars":3999,"Clauses":11899,"Literals":27944,"LEARNT_Limit":13695,"LEARNT_Clauses":13491,"LEARNT_Lit/Cl":32,"Progress":0.027}
{"Event":"Restart","Time":7.595,"AdjustCount":1526,"Restarts":178,"Conflicts":56654,"Decisions":91552,"Propagations":29643348,"Vars":3999,"Clauses":11899,"Literals":27944,"LEARNT_Limit":13695,"LEARNT_Clauses":13591,"LEARNT_Lit/Cl":32,"Progress":0.027}
{"Event":"Restart","Time":7.614,"AdjustCount":1422,"Restarts":179,"Conflicts":56758,"Decisions":91728,"Propagations":29707287,"Vars":3999,"Clauses":11899,"Literals":27944,"LEARNT_Limit":13695,"LEARNT_Clauses":13695,"LEARNT_Lit/Cl":32,"Progress":0.027}
{"Event":"Restart","Time":7.651,"AdjustCount":1221,"Restarts":180,"Conflicts":56959,"Decisions":91981,"Propagations":29811070,"Vars":3999,"Clauses":11899,"Literals":27944,"LEARNT_Limit":13695,"LEARNT_Clauses":6949,"LEARNT_Lit/Cl":24,"Progress":0.025}
{"Event":"Restart","Time":7.700,"AdjustCount":820,"Restarts":181,"Conflicts":57360,"Decisions":92629,"Propagations":30088917,"Vars":3999,"Clauses":11899,"Literals":27944,"LEARNT_Limit":13695,"LEARNT_Clauses":7350,"LEARNT_Lit/Cl":24,"Progress":0.026}
{"Event":"Restart","Time":7.715,"AdjustCount":719,"Restarts":182,"Conflicts":57461,"Decisions":92806,"Propagations":30181524,"Vars":3999,"Clauses":11899,"Literals":27944,"LEARNT_Limit":13695,"LEARNT_Clauses":7451,"LEARNT_Lit/Cl":23,"Progress":0.026}
{"Event":"Restart","Time":7.726,"AdjustCount":618,"Restarts":183,"Conflicts":57562,"Decisions":92962,"Propagations":30222422,"Vars":3999,"Clauses":11899,"Literals":27944,"LEARNT_Limit":13695,"LEARNT_Clauses":7552,"LEARNT_Lit/Cl":24,"Progress":0.026}
{"Event":"Restart","Time":7.752,"AdjustCount":418,"Restarts":184,"Conflicts":57762,"Decisions":93432,"Propagations":30337165,"Vars":3999,"Clauses":11899,"Literals":27944,"LEARNT_Limit":13695,"LEARNT_Clauses":7752,"LEARNT_Lit/Cl":24,"Progress":0.026}
{"Event":"Restart","Time":7.764,"AdjustCount":315,"Restarts":185,"Conflicts":57865,"Decisions":93593,"Propagations":30403846,"Vars":3999,"Clauses":11899,"Literals":27944,"LEARNT_Limit":13695,"LEARNT_Clauses":7855,"LEARNT_Lit/Cl":24,"Progress":0.026}
{"Event":"Restart","Time":7.774,"AdjustCount":211,"Restarts":186,"Conflicts":57969,"Decisions":93847,"Propagations":30447216,"Vars":3999,"Clauses":11899,"Literals":27944,"LEARNT_Limit":13695,"LEARNT_Clauses":7959,"LEARNT_Lit/Cl":25,"Progress":0.025}
{"Event":"Restart","Time":7.798,"AdjustCount":9,"Restarts":187,"Conflicts":58171,"Decisions":94142,"Propagations":30562252,"Vars":3999,"Clauses":11899,"Literals":27944,"LEARNT_Limit":13695,"LEARNT_Clauses":8161,"LEARNT_Lit/Cl":25,"Progress":0.026}
{"Event":"LearnMore","Time":7.799,"AdjustCount":29192,"Restarts":187,"Conflicts":58180,"Decisions":94164,"Propagations":30567751,"Vars":3999,"Clauses":11899,"Literals":27944,"LEARNT_Limit":15064,"LEARNT_Clauses":8170,"LEARNT_Lit/Cl":25,"Progress":0.026}
{"Event":"Restart","Time":7.850,"AdjustCount":28799,"Restarts":188,"Conflicts":58573,"Decisions":94811,"Propagations":30783708,"Vars":3999,"Clauses":11899,"Literals":27944,"LEARNT_Limit":15064,"LEARNT_Clauses":8563,"LEARNT_Lit/Cl":26,"Progress":0.025}
{"Event":"Restart","Time":7.950,"AdjustCount":27997,"Restarts":189,"Conflicts":59375,"Decisions":96024,"Propagations":31215812,"Vars":3999,"Clauses":11899,"Literals":27944,"LEARNT_Limit":15064,"LEARNT_Clauses":9365,"LEARNT_Lit/Cl":28,"Progress":0.026}
{"Event":"Restart","Time":8.133,"AdjustCount":26397,"Restarts":190,"Conflicts":60975,"Decisions":98481,"Propagations":31927049,"Vars":3999,"Clauses":11899,"Literals":27944,"LEARNT_Limit":15064,"LEARNT_Clauses":10965,"LEARNT_Lit/Cl":30,"Progress":0.026}
{"Event":"Restart","Time":8.586,"AdjustCount":23196,"Restarts":191,"Conflicts":64176,"Decisions":103406,"Propagations":33572652,"Vars":3999,"Clauses":11899,"Literals":27944,"LEARNT_Limit":15064,"LEARNT_Clauses":14166,"LEARNT_Lit/Cl":32,"Progress":0.026}
{"Event":"Restart","Time":8.603,"AdjustCount":23094,"Restarts":192,"Conflicts":64278,"Decisions":103609,"Propagations":33636228,"Vars":3999,"Clauses":11899,"Literals":27944,"LEARNT_Limit":15064,"LEARNT_Clauses":14268,"LEARNT_Lit/Cl":32,"Progress":0.027}
{"Event":"Restart","Time":8.616,"AdjustCount":22994,"Restarts":193,"Conflicts":64378,"Decisions":103800,"Propagations":33684435,"Vars":3999,"Clauses":11899,"Literals":27944,"LEARNT_Limit":15064,"LEARNT_Clauses":14368,"LEARNT_Lit/Cl":32,"Progress":0.025}
{"Event":"Restart","Time":8.643,"AdjustCount":22794,"Restarts":194,"Conflicts":64578,"Decisions":104127,"Propagations":33792245,"Vars":3999,"Clauses":11899,"Literals":27944,"LEARNT_Limit":15064,"LEARNT_Clauses":14568,"LEARNT_Lit/Cl":32,"Progress":0.027}
{"Event":"Restart","Time":8.655,"AdjustCount":22692,"Restarts":195,"Conflicts":64680,"Decisions":104351,"Propagations":33843572,"Vars":3999,"Clauses":11899,"Literals":27944,"LEARNT_Limit":15064,"LEARNT_Clauses":14670,"LEARNT_Lit/Cl":32,"Progress":0.027}
{"Event":"Restart","Time":8.671,"AdjustCount":22592,"Restarts":196,"Conflicts":64780,"Decisions":104504,"Propagations":33914266,"Vars":3999,"Clauses":11899,"Literals":27944,"LEARNT_Limit":15064,"LEARNT_Clauses":14770,"LEARNT_Lit/Cl":32,"Progress":0.027}
{"Event":"Restart","Time":8.695,"AdjustCount":22392,"Restarts":197,"Conflicts":64980,"Decisions":104849,"Propagations":33987647,"Vars":3999,"Clauses":11899,"Literals":27944,"LEARNT_Limit":15064,"LEARNT_Clauses":14970,"LEARNT_Lit/Cl":32,"Progress":0.027}
{"Event":"Restart","Time":8.746,"AdjustCount":21992,"Restarts":198,"Conflicts":65380,"Decisions":105573,"Propagations":34151720,"Vars":3999,"Clauses":11899,"Literals":27944,"LEARNT_Limit":15064,"LEARNT_Clauses":7686,"LEARNT_Lit/Cl":31,"Progress":0.027}
{"Event":"Restart","Time":8.757,"AdjustCount":21892,"Restarts":199,"Conflicts":65480,"Decisions":105723,"Propagations":34202208,"Vars":3999,"Clauses":11899,"Literals":27944,"LEARNT_Limit":15064,"LEARNT_Clauses":7786,"LEARNT_Lit/Cl":31,"Progress":0.027}
{"Event":"Restart","Time":8.769,"AdjustCount":21792,"Restarts":200,"Conflicts":65580,"Decisions":105967,"Propagations":34248872,"Vars":3999,"Clauses":11899,"Literals":27944,"LEARNT_Limit":15064,"LEARNT_Clauses":7886,"LEARNT_Lit/Cl":31,"Progress":0.027}
{"Event":"Restart","Time":8.794,"AdjustCount":21589,"Restarts":201,"Conflicts":65783,"Decisions":106348,"Propagations":34345577,"Vars":3999,"Clauses":11899,"Literals":27944,"LEARNT_Limit":15064,"LEARNT_Clauses":8089,"LEARNT_Lit/Cl":32,"Progress":0.027}
{"Event":"Restart","Time":8.807,"AdjustCount":21488,"Restarts":202,"Conflicts":65884,"Decisions":106561,"Propagations":34398563,"Vars":3999,"Clauses":11899,"Literals":27944,"LEARNT_Limit":15064,"LEARNT_Clauses":8190,"LEARNT_Lit/Cl":32,"Progress":0.027}
{"Event":"Restart","Time":8.820,"AdjustCount":21388,"Restarts":203,"Conflicts":65984,"Decisions":106761,"Propagations":34454820,"Vars":3999,"Clauses":11899,"Literals":27944,"LEARNT_Limit":15064,"LEARNT_Clauses":8290,"LEARNT_Lit/Cl":32,"Progress":0.027}
{"Event":"Restart","Time":8.847,"AdjustCount":21188,"Restarts":204,"Conflicts":66184,"Decisions":107023,"Propagations":34569063,"Vars":3999,"Clauses":11899,"Literals":27944,"LEARNT_Limit":15064,"LEARNT_Clauses":8490,"LEARNT_Lit/Cl":32,"Progress":0.027}
{"Event":"Restart","Time":8.896,"AdjustCount":20788,"Restarts":205,"Conflicts":66584,"Decisions":107641,"Propagations":34755441,"Vars":3999,"Clauses":11899,"Literals":27944,"LEARNT_Limit":15064,"LEARNT_Clauses":8890,"LEARNT_Lit/Cl":33,"Progress":0.027}
{"Event":"Restart","Time":8.987,"AdjustCount":19986,"Restarts":206,"Conflicts":67386,"Decisions":108791,"Propagations":35180487,"Vars":3999,"Clauses":11899,"Literals":27944,"LEARNT_Limit":15064,"LEARNT_Clauses":9692,"LEARNT_Lit/Cl":32,"Progress":0.025}
{"Event":"Restart","Time":8.999,"AdjustCount":19886,"Restarts":207,"Conflicts":67486,"Decisions":108942,"Propagations":35231777,"Vars":3999,"Clauses":11899,"Literals":27944,"LEARNT_Limit":15064,"LEARNT_Clauses":9792,"LEARNT_Lit/Cl":32,"Progress":0.027}
{"Event":"Restart","Time":9.013,"AdjustCount":19784,"Restarts":208,"Conflicts":67588,"Decisions":109140,"Propagations":35295038,"Vars":3999,"Clauses":11899,"Literals":27944,"LEARNT_Limit":15064,"LEARNT_Clauses":9894,"LEARNT_Lit/Cl":32,"Progress":0.027}
{"Event":"Restart","Time":9.035,"AdjustCount":19581,"Restarts":209,"Conflicts":67791,"Decisions":109516,"Propagations":35392835,"Vars":3999,"Clauses":11899,"Literals":27944,"LEARNT_Limit":15064,"LEARNT_Clauses":10097,"LEARNT_Lit/Cl":32,"Progress":0.027}
{"Event":"Restart","Time":9.048,"AdjustCount":19481,"Restarts":210,"Conflicts":67891,"Decisions":109658,"Propagations":35451302,"Vars":3999,"Clauses":11899,"Literals":27944,"LEARNT_Limit":15064,"LEARNT_Clauses":10197,"LEARNT_Lit/Cl":32,"Progress":0.027}
{"Event":"Restart","Time":9.062,"AdjustCount":19381,"Restarts":211,"Conflicts":67991,"Decisions":109844,"Propagations":35511310,"Vars":3999,"Clauses":11899,"Literals":27944,"LEARNT_Limit":15064,"LEARNT_Clauses":10297,"LEARNT_Lit/Cl":32,"Progress":0.027}
{"Event":"Restart","Time":9.086,"AdjustCount":19181,"Restarts":212,"Conflicts":68191,"Decisions":110174,"Propagations":35623101,"Vars":3999,"Clauses":11899,"Literals":27944,"LEARNT_Limit":15064,"LEARNT_Clauses":10497,"LEARNT_Lit/Cl":32,"Progress":0.027}
{"Event":"Restart","Time":9.128,"AdjustCount":18781,"Restarts":213,"Conflicts":68591,"Decisions":110794,"Propagations":35812378,"Vars":3999,"Clauses":11899,"Literals":27944,"LEARNT_Limit":15064,"LEARNT_Clauses":10897,"LEARNT_Lit/Cl":31,"Progress":0.027}
{"Event":"Restart","Time":9.140,"AdjustCount":18680,"Restarts":214,"Conflicts":68692,"Decisions":110937,"Propagations":35858918,"Vars":3999,"Clauses":11899,"Literals":27944,"LEARNT_Limit":15064,"LEARNT_Clauses":10998,"LEARNT_Lit/Cl":31,"Progress":0.027}
{"Event":"Restart","Time":9.152,"AdjustCount":18580,"Restarts":215,"Conflicts":68792,"Decisions":111083,"Propagations":35914400,"Vars":3999,"Clauses":11899,"Literals":27944,"LEARNT_Limit":15064,"LEARNT_Clauses":11098,"LEARNT_Lit/Cl":31,"Progress":0.027}
{"Event":"Restart","Time":9.179,"AdjustCount":18380,"Restarts":216,"Conflicts":68992,"Decisions":111353,"Propagations":36031318,"Vars":3999,"Clauses":11899,"Literals":27944,"LEARNT_Limit":15064,"LEARNT_Clauses":11298,"LEARNT_Lit/Cl":31,"Progress":0.027}
{"Event":"Restart","Time":9.192,"AdjustCount":18279,"Restarts":217,"Conflicts":69093,"Decisions":111485,"Propagations":36089402,"Vars":3999,"Clauses":11899,"Literals":27944,"LEARNT_Limit":15064,"LEARNT_Clauses":11399,"LEARNT_Lit/Cl":31,"Progress":0.027}
{"Event":"Restart","Time":9.207,"AdjustCount":18179,"Restarts":218,"Conflicts":69193,"Decisions":111620,"Propagations":36151694,"Vars":3999,"Clauses":11899,"Literals":27944,"LEARNT_Limit":15064,"LEARNT_Clauses":11499,"LEARNT_Lit/Cl":31,"Progress":0.027}
{"Event":"Restart","Time":9.232,"AdjustCount":17979,"Restarts":219,"Conflicts":69393,"Decisions":111885,"Propagations":36262176,"Vars":3999,"Clauses":11899,"Literals":27944,"LEARNT_Limit":15064,"LEARNT_Clauses":11699,"LEARNT_Lit/Cl":31,"Progress":0.027}
{"Event":"Restart","Time":9.285,"AdjustCount":17579,"Restarts":220,"Conflicts":69793,"Decisions":112474,"Propagations":36434217,"Vars":3999,"Clauses":11899,"Literals":27944,"LEARNT_Limit":15064,"LEARNT_Clauses":12099,"LEARNT_Lit/Cl":31,"Progress":0.027}
{"Event":"Restart","Time":9.383,"AdjustCount":16778,"Restarts":221,"Conflicts":70594,"Decisions":113711,"Propagations":36776670,"Vars":3999,"Clauses":11899,"Literals":27944,"LEARNT_Limit":15064,"LEARNT_Clauses":12900,"LEARNT_Lit/Cl":31,"Progress":0.027}
{"Event":"Restart","Time":9.609,"AdjustCount":15176,"Restarts":222,"Conflicts":72196,"Decisions":116181,"Propagations":37604429,"Vars":3999,"Clauses":11899,"Literals":27944,"LEARNT_Limit":15064,"LEARNT_Clauses":14502,"LEARNT_Lit/Cl":32,"Progress":0.027}
{"Event":"Restart","Time":9.624,"AdjustCount":15075,"Restarts":223,"Conflicts":72297,"Decisions":116374,"Propagations":37653253,"Vars":3999,"Clauses":11899,"Literals":27944,"LEARNT_Limit":15064,"LEARNT_Clauses":14603,"LEARNT_Lit/Cl":32,"Progress":0.027}
{"Event":"Restart","Time":9.639,"AdjustCount":14975,"Restarts":224,"Conflicts":72397,"Decisions":116552,"Propagations":37715918,"Vars":3999,"Clauses":11899,"Literals":27944,"LEARNT_Limit":15064,"LEARNT_Clauses":14703,"LEARNT_Lit/Cl":32,"Progress":0.027}
{"Event":"Restart","Time":9.672,"AdjustCount":14772,"Restarts":225,"Conflicts":72600,"Decisions":116960,"Propagations":37834153,"Vars":3999,"Clauses":11899,"Literals":27944,"LEARNT_Limit":15064,"LEARNT_Clauses":14906,"LEARNT_Lit/Cl":32,"Progress":0.027}
{"Event":"Restart","Time":9.686,"AdjustCount":14672,"Restarts":226,"Conflicts":72700,"Decisions":117119,"Propagations":37897480,"Vars":3999,"Clauses":11899,"Literals":27944,"LEARNT_Limit":15064,"LEARNT_Clauses":15006,"LEARNT_Lit/Cl":32,"Progress":0.027}
{"Event":"Restart","Time":9.707,"AdjustCount":14570,"Restarts":227,"Conflicts":72802,"Decisions":117334,"Propagations":37945627,"Vars":3999,"Clauses":11899,"Literals":27944,"LEARNT_Limit":15064,"LEARNT_Clauses":7555,"LEARNT_Lit/Cl":25,"Progress":0.027}
{"Event":"Restart","Time":9.735,"AdjustCount":14369,"Restarts":228,"Conflicts":73003,"Decisions":117678,"Propagations":38066720,"Vars":3999,"Clauses":11899,"Literals":27944,"LEARNT_Limit":15064,"LEARNT_Clauses":7756,"LEARNT_Lit/Cl":26,"Progress":0.027}
{"Event":"Restart","Time":9.785,"AdjustCount":13966,"Restarts":229,"Conflicts":73406,"Decisions":118224,"Propagations":38275753,"Vars":3999,"Clauses":11899,"Literals":27944,"LEARNT_Limit":15064,"LEARNT_Clauses":8159,"LEARNT_Lit/Cl":26,"Progress":0.027}
{"Event":"Restart","Time":9.801,"AdjustCount":13866,"Restarts":230,"Conflicts":73506,"Decisions":118355,"Propagations":38352113,"Vars":3999,"Clauses":11899,"Literals":27944,"LEARNT_Limit":15064,"LEARNT_Clauses":8259,"LEARNT_Lit/Cl":26,"Progress":0.027}
{"Event":"Restart","Time":9.811,"AdjustCount":13766,"Restarts":231,"Conflicts":73606,"Decisions":118588,"Propagations":38391063,"Vars":3999,"Clauses":11899,"Literals":27944,"LEARNT_Limit":15064,"LEARNT_Clauses":8359,"LEARNT_Lit/Cl":26,"Progress":0.027}
{"Event":"Restart","Time":9.836,"AdjustCount":13565,"Restarts":232,"Conflicts":73807,"Decisions":118881,"Propagations":38502716,"Vars":3999,"Clauses":11899,"Literals":27944,"LEARNT_Limit":15064,"LEARNT_Clauses":8560,"LEARNT_Lit/Cl":26,"Progress":0.027}
{"Event":"Restart","Time":9.851,"AdjustCount":13464,"Restarts":233,"Conflicts":73908,"Decisions":119048,"Propagations":38560971,"Vars":3999,"Clauses":11899,"Literals":27944,"LEARNT_Limit":15064,"LEARNT_Clauses":8661,"LEARNT_Lit/Cl":27,"Progress":0.027}
{"Event":"Restart","Time":9.865,"AdjustCount":13364,"Restarts":234,"Conflicts":74008,"Decisions":119289,"Propagations":38617531,"Vars":3999,"Clauses":11899,"Literals":27944,"LEARNT_Limit":15064,"LEARNT_Clauses":8761,"LEARNT_Lit/Cl":27,"Progress":0.027}
{"Event":"Restart","Time":9.894,"AdjustCount":13164,"Restarts":235,"Conflicts":74208,"Decisions":119616,"Propagations":38737581,"Vars":3999,"Clauses":11899,"Literals":27944,"LEARNT_Limit":15064,"LEARNT_Clauses":8961,"LEARNT_Lit/Cl":27,"Progress":0.027}
{"Event":"Restart","Time":9.945,"AdjustCount":12763,"Restarts":236,"Conflicts":74609,"Decisions":120227,"Propagations":38941742,"Vars":3999,"Clauses":11899,"Literals":27944,"LEARNT_Limit":15064,"LEARNT_Clauses":9362,"LEARNT_Lit/Cl":28,"Progress":0.027}
{"Event":"Restart","Time":10.056,"AdjustCount":11963,"Restarts":237,"Conflicts":75409,"Decisions":121601,"Propagations":39336968,"Vars":3999,"Clauses":11899,"Literals":27944,"LEARNT_Limit":15064,"LEARNT_Clauses":10162,"LEARNT_Lit/Cl":29,"Progress":0.027}
{"Event":"Restart","Time":10.072,"AdjustCount":11862,"Restarts":238,"Conflicts":75510,"Decisions":121746,"Propagations":39397170,"Vars":3999,"Clauses":11899,"Literals":27944,"LEARNT_Limit":15064,"LEARNT_Clauses":10263,"LEARNT_Lit/Cl":29,"Progress":0.027}
{"Event":"Restart","Time":10.087,"AdjustCount":11761,"Restarts":239,"Conflicts":75611,"Decisions":121882,"Propagations":39453559,"Vars":3999,"Clauses":11899,"Literals":27944,"LEARNT_Limit":15064,"LEARNT_Clauses":10364,"LEARNT_Lit/Cl":29,"Progress":0.027}
{"Event":"Restart","Time":10.122,"AdjustCount":11561,"Restarts":240,"Conflicts":75811,"Decisions":122212,"Propagations":39589785,"Vars":3999,"Clauses":11899,"Literals":27944,"LEARNT_Limit":15064,"LEARNT_Clauses":10564,"LEARNT_Lit/Cl":29,"Progress":0.025}
{"Event":"Restart","Time":10.138,"AdjustCount":11461,"Restarts":241,"Conflicts":75911,"Decisions":122360,"Propagations":39658530,"Vars":3999,"Clauses":11899,"Literals":27944,"LEARNT_Limit":15064,"LEARNT_Clauses":10664,"LEARNT_Lit/Cl":29,"Progress":0.027}
{"Event":"Restart","Time":10.152,"AdjustCount":11361,"Restarts":242,"Conflicts":76011,"Decisions":122501,"Propagations":39721618,"Vars":3999,"Clauses":11899,"Literals":27944,"LEARNT_Limit":15064,"LEARNT_Clauses":10764,"LEARNT_Lit/Cl":29,"Progress":0.027}
{"Event":"Restart","Time":10.183,"AdjustCount":11156,"Restarts":243,"Conflicts":76216,"Decisions":122853,"Propagations":39826713,"Vars":3999,"Clauses":11899,"Literals":27944,"LEARNT_Limit":15064,"LEARNT_Clauses":10969,"LEARNT_Lit/Cl":29,"Progress":0.027}
{"Event":"Restart","Time":10.253,"AdjustCount":10756,"Restarts":244,"Conflicts":76616,"Decisions":123411,"Propagations":40105909,"Vars":3999,"Clauses":11899,"Literals":27944,"LEARNT_Limit":15064,"LEARNT_Clauses":11369,"LEARNT_Lit/Cl":29,"Progress":0.027}
{"Event":"Restart","Time":10.268,"AdjustCount":10653,"Restarts":245,"Conflicts":76719,"Decisions":123574,"Propagations":40159935,"Vars":3999,"Clauses":11899,"Literals":27944,"LEARNT_Limit":15064,"LEARNT_Clauses":11472,"LEARNT_Lit/Cl":29,"Progress":0.027}
{"Event":"Restart","Time":10.286,"AdjustCount":10548,"Restarts":246,"Conflicts":76824,"Decisions":123741,"Propagations":40223934,"Vars":3999,"Clauses":11899,"Literals":27944,"LEARNT_Limit":15064,"LEARNT_Clauses":11577,"LEARNT_Lit/Cl":29,"Progress":0.027}
{"Event":"Restart","Time":10.321,"AdjustCount":10348,"Restarts":247,"Conflicts":77024,"Decisions":124023,"Propagations":40362750,"Vars":3999,"Clauses":11899,"Literals":27944,"LEARNT_Limit":15064,"LEARNT_Clauses":11777,"LEARNT_Lit/Cl":29,"Progress":0.027}
{"Event":"Restart","Time":10.335,"AdjustCount":10248,"Restarts":248,"Conflicts":77124,"Decisions":124229,"Propagations":40420119,"Vars":3999,"Clauses":11899,"Literals":27944,"LEARNT_Limit":15064,"LEARNT_Clauses":11877,"LEARNT_Lit/Cl":29,"Progress":0.027}
{"Event":"Restart","Time":10.348,"AdjustCount":10148,"Restarts":249,"Conflicts":77224,"Decisions":124354,"Propagations":40472783,"Vars":3999,"Clauses":11899,"Literals":27944,"LEARNT_Limit":15064,"LEARNT_Clauses":11977,"LEARNT_Lit/Cl":29,"Progress":0.027}
{"Event":"Restart","Time":10.375,"AdjustCount":9946,"Restarts":250,"Conflicts":77426,"Decisions":124658,"Propagations":40576964,"Vars":3999,"Clauses":11899,"Literals":27944,"LEARNT_Limit":15064,"LEARNT_Clauses":12179,"LEARNT_Lit/Cl":29,"Progress":0.027}
{"Event":"Restart","Time":10.447,"AdjustCount":9546,"Restarts":251,"Conflicts":77826,"Decisions":125240,"Propagations":40845217,"Vars":3999,"Clauses":11899,"Literals":27944,"LEARNT_Limit":15064,"LEARNT_Clauses":12579,"LEARNT_Lit/Cl":29,"Progress":0.027}
{"Event":"Restart","Time":10.573,"AdjustCount":8746,"Restarts":252,"Conflicts":78626,"Decisions":126441,"Propagations":41241337,"Vars":3999,"Clauses":11899,"Literals":27944,"LEARNT_Limit":15064,"LEARNT_Clauses":13379,"LEARNT_Lit/Cl":29,"Progress":0.027}
{"Event":"Restart","Time":10.832,"AdjustCount":7145,"Restarts":253,"Conflicts":80227,"Decisions":128823,"Propagations":42057155,"Vars":3999,"Clauses":11899,"Literals":27944,"LEARNT_Limit":15064,"LEARNT_Clauses":14980,"LEARNT_Lit/Cl":30,"Progress":0.027}
{"Event":"Restart","Time":11.278,"AdjustCount":3945,"Restarts":254,"Conflicts":83427,"Decisions":133764,"Propagations":43656188,"Vars":3999,"Clauses":11899,"Literals":27944,"LEARNT_Limit":15064,"LEARNT_Clauses":10196,"LEARNT_Lit/Cl":26,"Progress":0.031}
{"Event":"LearnMore","Time":11.789,"AdjustCount":43789,"Restarts":254,"Conflicts":87372,"Decisions":139605,"Propagations":45797140,"Vars":3881,"Clauses":11405,"Literals":26838,"LEARNT_Limit":16571,"LEARNT_Clauses":4857,"LEARNT_Lit/Cl":17,"Progress":2.975}
{"Event":"Restart","Time":12.103,"AdjustCount":41334,"Restarts":255,"Conflicts":89827,"Decisions":143533,"Propagations":47133167,"Vars":3880,"Clauses":11403,"Literals":26832,"LEARNT_Limit":16571,"LEARNT_Clauses":6410,"LEARNT_Lit/Cl":23,"Progress":3.002}
===============================================================================
restarts              : 255
conflicts             : 101900         (7481 /sec)
decisions             : 161640         (0.00 % random) (11867 /sec)
propagations          : 52889018       (3883073 /sec)
conflict literals     : 3619370        (47.69 % deleted)
Memory used           : 9.00 MB
CPU time              : 13.6204 s

UNSATISFIABLE
