WARNING: for repeatability, setting FPU to use double precision
============================[ Problem Statistics ]=============================
|                                                                             |
|  Number of variables:          5600                                         |
|  Number of clauses:           16661                                         |
|  Parse time:                   0.00 s                                       |
|                                                                             |
============================[ Search Statistics ]==============================
| Conflicts |          ORIGINAL         |          LEARNT          | Progress |
|           |    Vars  Clauses Literals |    Limit  Clauses Lit/Cl |          |
===============================================================================
{"Event":"Restart","Time":0.006,"AdjustCount":99,"Restarts":1,"Conflicts":1,"Decisions":13,"Propagations":2736,"Vars":5600,"Clauses":16661,"Literals":39130,"LEARNT_Limit":5553,"LEARNT_Clauses":1,"LEARNT_Lit/Cl":3,"Progress":0.000}
{"Event":"LearnMore","Time":0.019,"AdjustCount":150,"Restarts":1,"Conflicts":100,"Decisions":546,"Propagations":79120,"Vars":5600,"Clauses":16661,"Literals":39130,"LEARNT_Limit":6109,"LEARNT_Clauses":100,"LEARNT_Lit/Cl":23,"Progress":0.000}
{"Event":"Restart","Time":0.019,"AdjustCount":148,"Restarts":2,"Conflicts":102,"Decisions":651,"Propagations":84237,"Vars":5600,"Clauses":16661,"Literals":39130,"LEARNT_Limit":6109,"LEARNT_Clauses":102,"LEARNT_Lit/Cl":24,"Progress":0.000}
{"Event":"Restart","Time":0.034,"AdjustCount":46,"Restarts":3,"Conflicts":204,"Decisions":1189,"Propagations":168961,"Vars":5600,"Clauses":16661,"Literals":39130,"LEARNT_Limit":6109,"LEARNT_Clauses":204,"LEARNT_Lit/Cl":35,"Progress":0.000}
{"Event":"LearnMore","Time":0.038,"AdjustCount":225,"Restarts":3,"Conflicts":250,"Decisions":1362,"Propagations":191691,"Vars":5600,"Clauses":16661,"Literals":39130,"LEARNT_Limit":6719,"LEARNT_Clauses":250,"LEARNT_Lit/Cl":34,"Progress":0.000}
{"Event":"Restart","Time":0.056,"AdjustCount":71,"Restarts":4,"Conflicts":404,"Decisions":1868,"Propagations":292831,"Vars":5600,"Clauses":16661,"Literals":39130,"LEARNT_Limit":6719,"LEARNT_Clauses":404,"LEARNT_Lit/Cl":33,"Progress":0.000}
{"Event":"LearnMore","Time":0.062,"AdjustCount":337,"Restarts":4,"Conflicts":475,"Decisions":2082,"Propagations":324067,"Vars":5600,"Clauses":16661,"Literals":39130,"LEARNT_Limit":7391,"LEARNT_Clauses":475,"LEARNT_Lit/Cl":34,"Progress":0.000}
{"Event":"Restart","Time":0.067,"AdjustCount":308,"Restarts":5,"Conflicts":504,"Decisions":2254,"Propagations":347403,"Vars":5600,"Clauses":16661,"Literals":39130,"LEARNT_Limit":7391,"LEARNT_Clauses":504,"LEARNT_Lit/Cl":36,"Progress":0.000}
{"Event":"Restart","Time":0.079,"AdjustCount":208,"Restarts":6,"Conflicts":604,"Decisions":2591,"Propagations":416504,"Vars":5600,"Clauses":16661,"Literals":39130,"LEARNT_Limit":7391,"LEARNT_Clauses":604,"LEARNT_Lit/Cl":35,"Progress":0.002}
{"Event":"Restart","Time":0.106,"AdjustCount":8,"Restarts":7,"Conflicts":804,"Decisions":3152,"Propagations":532203,"Vars":5600,"Clauses":16661,"Literals":39130,"LEARNT_Limit":7391,"LEARNT_Clauses":804,"LEARNT_Lit/Cl":44,"Progress":0.000}
{"Event":"LearnMore","Time":0.108,"AdjustCount":506,"Restarts":7,"Conflicts":812,"Decisions":3168,"Propagations":538610,"Vars":5600,"Clauses":16661,"Literals":39130,"LEARNT_Limit":8131,"LEARNT_Clauses":812,"LEARNT_Lit/Cl":45,"Progress":0.000}
{"Event":"Restart","Time":0.160,"AdjustCount":114,"Restarts":8,"Conflicts":1204,"Decisions":4153,"Propagations":781281,"Vars":5600,"Clauses":16661,"Literals":39130,"LEARNT_Limit":8131,"LEARNT_Clauses":1204,"LEARNT_Lit/Cl":46,"Progress":0.000}
{"Event":"Restart","Time":0.173,"AdjustCount":14,"Restarts":9,"Conflicts":1304,"Decisions":4477,"Propagations":855341,"Vars":5600,"Clauses":16661,"Literals":39130,"LEARNT_Limit":8131,"LEARNT_Clauses":1304,"LEARNT_Lit/Cl":45,"Progress":0.000}
{"Event":"LearnMore","Time":0.175,"AdjustCount":759,"Restarts":9,"Conflicts":1318,"Decisions":4513,"Propagations":867667,"Vars":5600,"Clauses":16661,"Literals":39130,"LEARNT_Limit":8944,"LEARNT_Clauses":1318,"LEARNT_Lit/Cl":45,"Progress":0.000}
{"Event":"Restart","Time":0.185,"AdjustCount":673,"Restarts":10,"Conflicts":1404,"Decisions":4725,"Propagations":926231,"Vars":5600,"Clauses":16661,"Literals":39130,"LEARNT_Limit":8944,"LEARNT_Clauses":1404,"LEARNT_Lit/Cl":45,"Progress":0.000}
{"Event":"Restart","Time":0.215,"AdjustCount":471,"Restarts":11,"Conflicts":1606,"Decisions":5166,"Propagations":1053465,"Vars":5600,"Clauses":16661,"Literals":39130,"LEARNT_Limit":8944,"LEARNT_Clauses":1606,"LEARNT_Lit/Cl":46,"Progress":0.000}
{"Event":"Restart","Time":0.229,"AdjustCount":370,"Restarts":12,"Conflicts":1707,"Decisions":5455,"Propagations":1126965,"Vars":5600,"Clauses":16661,"Literals":39130,"LEARNT_Limit":8944,"LEARNT_Clauses":1707,"LEARNT_Lit/Cl":47,"Progress":0.000}
{"Event":"Restart","Time":0.244,"AdjustCount":269,"Restarts":13,"Conflicts":1808,"Decisions":5715,"Propagations":1199374,"Vars":5600,"Clauses":16661,"Literals":39130,"LEARNT_Limit":8944,"LEARNT_Clauses":1808,"LEARNT_Lit/Cl":47,"Progress":0.000}
{"Event":"Restart","Time":0.283,"AdjustCount":66,"Restarts":14,"Conflicts":2011,"Decisions":6234,"Propagations":1394347,"Vars":5600,"Clauses":16661,"Literals":39130,"LEARNT_Limit":8944,"LEARNT_Clauses":2011,"LEARNT_Lit/Cl":48,"Progress":0.000}
{"Event":"LearnMore","Time":0.292,"AdjustCount":1139,"Restarts":14,"Conflicts":2077,"Decisions":6342,"Propagations":1432009,"Vars":5600,"Clauses":16661,"Literals":39130,"LEARNT_Limit":9838,"LEARNT_Clauses":2077,"LEARNT_Lit/Cl":49,"Progress":0.000}
{"Event":"Restart","Time":0.339,"AdjustCount":804,"Restarts":15,"Conflicts":2412,"Decisions":7258,"Propagations":1673197,"Vars":5600,"Clauses":16661,"Literals":39130,"LEARNT_Limit":9838,"LEARNT_Clauses":2412,"LEARNT_Lit/Cl":48,"Progress":0.000}
{"Event":"Restart","Time":0.447,"AdjustCount":4,"Restarts":16,"Conflicts":3212,"Decisions":9125,"Propagations":2186542,"Vars":5600,"Clauses":16661,"Literals":39130,"LEARNT_Limit":9838,"LEARNT_Clauses":3212,"LEARNT_Lit/Cl":46,"Progress":0.000}
{"Event":"LearnMore","Time":0.447,"AdjustCount":1708,"Restarts":16,"Conflicts":3216,"Decisions":9133,"Propagations":2188086,"Vars":5600,"Clauses":16661,"Literals":39130,"LEARNT_Limit":10822,"LEARNT_Clauses":3216,"LEARNT_Lit/Cl":46,"Progress":0.000}
{"Event":"Restart","Time":0.460,"AdjustCount":1612,"Restarts":17,"Conflicts":3312,"Decisions":9346,"Propagations":2245127,"Vars":5600,"Clauses":16661,"Literals":39130,"LEARNT_Limit":10822,"LEARNT_Clauses":3312,"LEARNT_Lit/Cl":47,"Progress":0.000}
{"Event":"Restart","Time":0.478,"AdjustCount":1510,"Restarts":18,"Conflicts":3414,"Decisions":9512,"Propagations":2320652,"Vars":5600,"Clauses":16661,"Literals":39130,"LEARNT_Limit":10822,"LEARNT_Clauses":3414,"LEARNT_Lit/Cl":47,"Progress":0.000}
{"Event":"Restart","Time":0.511,"AdjustCount":1310,"Restarts":19,"Conflicts":3614,"Decisions":9897,"Propagations":2482225,"Vars":5600,"Clauses":16661,"Literals":39130,"LEARNT_Limit":10822,"LEARNT_Clauses":3614,"LEARNT_Lit/Cl":47,"Progress":0.000}
{"Event":"Restart","Time":0.526,"AdjustCount":1209,"Restarts":20,"Conflicts":3715,"Decisions":10118,"Propagations":2554410,"Vars":5600,"Clauses":16661,"Literals":39130,"LEARNT_Limit":10822,"LEARNT_Clauses":3715,"LEARNT_Lit/Cl":47,"Progress":0.000}
{"Event":"Restart","Time":0.551,"AdjustCount":1108,"Restarts":21,"Conflicts":3816,"Decisions":10335,"Propagations":2673273,"Vars":5600,"Clauses":16661,"Literals":39130,"LEARNT_Limit":10822,"LEARNT_Clauses":3816,"LEARNT_Lit/Cl":48,"Progress":0.000}
{"Event":"Restart","Time":0.579,"AdjustCount":907,"Restarts":22,"Conflicts":4017,"Decisions":10685,"Propagations":2788282,"Vars":5600,"Clauses":16661,"Literals":39130,"LEARNT_Limit":10822,"LEARNT_Clauses":4017,"LEARNT_Lit/Cl":47,"Progress":0.000}
{"Event":"Restart","Time":0.632,"AdjustCount":507,"Restarts":23,"Conflicts":4417,"Decisions":11378,"Propagations":3063699,"Vars":5600,"Clauses":16661,"Literals":39130,"LEARNT_Limit":10822,"LEARNT_Clauses":4417,"LEARNT_Lit/Cl":46,"Progress":0.000}
{"Event":"Restart","Time":0.647,"AdjustCount":407,"Restarts":24,"Conflicts":4517,"Decisions":11557,"Propagations":3137014,"Vars":5600,"Clauses":16661,"Literals":39130,"LEARNT_Limit":10822,"LEARNT_Clauses":4517,"LEARNT_Lit/Cl":46,"Progress":0.000}
{"Event":"Restart","Time":0.663,"AdjustCount":307,"Restarts":25,"Conflicts":4617,"Decisions":11768,"Propagations":3199265,"Vars":5600,"Clauses":16661,"Literals":39130,"LEARNT_Limit":10822,"LEARNT_Clauses":4617,"LEARNT_Lit/Cl":46,"Progress":0.000}
{"Event":"Restart","Time":0.693,"AdjustCount":106,"Restarts":26,"Conflicts":4818,"Decisions":12090,"Propagations":3322820,"Vars":5600,"Clauses":16661,"Literals":39130,"LEARNT_Limit":10822,"LEARNT_Clauses":4818,"LEARNT_Lit/Cl":46,"Progress":0.000}
{"Event":"Restart","Time":0.707,"AdjustCount":6,"Restarts":27,"Conflicts":4918,"Decisions":12215,"Propagations":3389569,"Vars":5600,"Clauses":16661,"Literals":39130,"LEARNT_Limit":10822,"LEARNT_Clauses":4918,"LEARNT_Lit/Cl":45,"Progress":0.000}
{"Event":"LearnMore","Time":0.709,"AdjustCount":2562,"Restarts":27,"Conflicts":4924,"Decisions":12232,"Propagations":3402772,"Vars":5600,"Clauses":16661,"Literals":39130,"LEARNT_Limit":11904,"LEARNT_Clauses":4924,"LEARNT_Lit/Cl":45,"Progress":0.000}
{"Event":"Restart","Time":0.731,"AdjustCount":2468,"Restarts":28,"Conflicts":5018,"Decisions":12447,"Propagations":3496555,"Vars":5600,"Clauses":16661,"Literals":39130,"LEARNT_Limit":11904,"LEARNT_Clauses":5018,"LEARNT_Lit/Cl":45,"Progress":0.000}
{"Event":"Restart","Time":0.772,"AdjustCount":2267,"Restarts":29,"Conflicts":5219,"Decisions":12871,"Propagations":3659586,"Vars":5600,"Clauses":16661,"Literals":39130,"LEARNT_Limit":11904,"LEARNT_Clauses":5219,"LEARNT_Lit/Cl":45,"Progress":0.000}
{"Event":"Restart","Time":0.833,"AdjustCount":1866,"Restarts":30,"Conflicts":5620,"Decisions":13627,"Propagations":3922024,"Vars":5600,"Clauses":16661,"Literals":39130,"LEARNT_Limit":11904,"LEARNT_Clauses":5620,"LEARNT_Lit/Cl":45,"Progress":0.000}
{"Event":"Restart","Time":1.000,"AdjustCount":1066,"Restarts":31,"Conflicts":6420,"Decisions":15070,"Propagations":4570972,"Vars":5600,"Clauses":16661,"Literals":39130,"LEARNT_Limit":11904,"LEARNT_Clauses":6420,"LEARNT_Lit/Cl":46,"Progress":0.001}
{"Event":"LearnMore","Time":1.199,"AdjustCount":3844,"Restarts":31,"Conflicts":7486,"Decisions":16857,"Propagations":5393217,"Vars":3992,"Clauses":10923,"Literals":25942,"LEARNT_Limit":13095,"LEARNT_Clauses":1897,"LEARNT_Lit/Cl":18,"Progress":28.714}
{"Event":"Restart","Time":1.263,"AdjustCount":3308,"Restarts":32,"Conflicts":8022,"Decisions":17801,"Propagations":5740332,"Vars":3992,"Clauses":10923,"Literals":25942,"LEARNT_Limit":13095,"LEARNT_Clauses":2433,"LEARNT_Lit/Cl":21,"Progress":28.714}
{"Event":"Restart","Time":1.277,"AdjustCount":3208,"Restarts":33,"Conflicts":8122,"Decisions":17970,"Propagations":5828628,"Vars":3992,"Clauses":10923,"Literals":25942,"LEARNT_Limit":13095,"LEARNT_Clauses":2533,"LEARNT_Lit/Cl":20,"Progress":28.715}
{"Event":"Restart","Time":1.288,"AdjustCount":3108,"Restarts":34,"Conflicts":8222,"Decisions":18135,"Propagations":5884349,"Vars":3992,"Clauses":10923,"Literals":25942,"LEARNT_Limit":13095,"LEARNT_Clauses":2633,"LEARNT_Lit/Cl":21,"Progress":28.715}
{"Event":"Restart","Time":1.315,"AdjustCount":2908,"Restarts":35,"Conflicts":8422,"Decisions":18415,"Propagations":6044509,"Vars":3992,"Clauses":10923,"Literals":25942,"LEARNT_Limit":13095,"LEARNT_Clauses":2833,"LEARNT_Lit/Cl":21,"Progress":28.714}
{"Event":"Restart","Time":1.325,"AdjustCount":2807,"Restarts":36,"Conflicts":8523,"Decisions":18596,"Propagations":6103345,"Vars":3992,"Clauses":10923,"Literals":25942,"LEARNT_Limit":13095,"LEARNT_Clauses":2934,"LEARNT_Lit/Cl":20,"Progress":28.715}
{"Event":"Restart","Time":1.340,"AdjustCount":2707,"Restarts":37,"Conflicts":8623,"Decisions":18766,"Propagations":6180653,"Vars":2313,"Clauses":9713,"Literals":23097,"LEARNT_Limit":13095,"LEARNT_Clauses":2565,"LEARNT_Lit/Cl":20,"Progress":58.696}
===============================================================================
restarts              : 37
conflicts             : 8642           (6442 /sec)
decisions             : 18780          (0.00 % random) (13998 /sec)
propagations          : 6189915        (4613865 /sec)
conflict literals     : 364481         (40.83 % deleted)
Memory used           : 8.00 MB
CPU time              : 1.34159 s

UNSATISFIABLE
