WARNING: for repeatability, setting FPU to use double precision
============================[ Problem Statistics ]=============================
|                                                                             |
|  Number of variables:          2595                                         |
|  Number of clauses:           36129                                         |
|  Parse time:                   0.00 s                                       |
|                                                                             |
============================[ Search Statistics ]==============================
| Conflicts |          ORIGINAL         |          LEARNT          | Progress |
|           |    Vars  Clauses Literals |    Limit  Clauses Lit/Cl |          |
===============================================================================
{"Event":"Restart","Time":0.004,"AdjustCount":99,"Restarts":1,"Conflicts":1,"Decisions":31,"Propagations":375,"Vars":2595,"Clauses":36129,"Literals":73815,"LEARNT_Limit":12043,"LEARNT_Clauses":1,"LEARNT_Lit/Cl":8,"Progress":0.000}
{"Event":"LearnMore","Time":0.006,"AdjustCount":150,"Restarts":1,"Conflicts":100,"Decisions":150,"Propagations":10789,"Vars":2595,"Clauses":36129,"Literals":73815,"LEARNT_Limit":13247,"LEARNT_Clauses":100,"LEARNT_Lit/Cl":10,"Progress":0.000}
{"Event":"Restart","Time":0.006,"AdjustCount":149,"Restarts":2,"Conflicts":101,"Decisions":161,"Propagations":10883,"Vars":2595,"Clauses":36129,"Literals":73815,"LEARNT_Limit":13247,"LEARNT_Clauses":101,"LEARNT_Lit/Cl":10,"Progress":0.000}
{"Event":"Restart","Time":0.008,"AdjustCount":48,"Restarts":3,"Conflicts":202,"Decisions":272,"Propagations":21088,"Vars":2451,"Clauses":36129,"Literals":73815,"LEARNT_Limit":13247,"LEARNT_Clauses":197,"LEARNT_Lit/Cl":8,"Progress":5.549}
===============================================================================
restarts              : 3
conflicts             : 203            (26718 /sec)
decisions             : 272            (0.00 % random) (35799 /sec)
propagations          : 21141          (2782443 /sec)
conflict literals     : 1627           (12.90 % deleted)
Memory used           : 7.00 MB
CPU time              : 0.007598 s

UNSATISFIABLE
