WARNING: for repeatability, setting FPU to use double precision
============================[ Problem Statistics ]=============================
|                                                                             |
|  Number of variables:          6498                                         |
|  Number of clauses:          130997                                         |
|  Parse time:                   0.02 s                                       |
|                                                                             |
============================[ Search Statistics ]==============================
| Conflicts |          ORIGINAL         |          LEARNT          | Progress |
|           |    Vars  Clauses Literals |    Limit  Clauses Lit/Cl |          |
===============================================================================
{"Event":"Restart","Time":0.027,"AdjustCount":99,"Restarts":1,"Conflicts":1,"Decisions":90,"Propagations":1740,"Vars":6498,"Clauses":130997,"Literals":267048,"LEARNT_Limit":43665,"LEARNT_Clauses":1,"LEARNT_Lit/Cl":15,"Progress":0.000}
{"Event":"LearnMore","Time":0.037,"AdjustCount":150,"Restarts":1,"Conflicts":100,"Decisions":299,"Propagations":50805,"Vars":6498,"Clauses":130997,"Literals":267048,"LEARNT_Limit":48032,"LEARNT_Clauses":100,"LEARNT_Lit/Cl":95,"Progress":0.000}
{"Event":"Restart","Time":0.037,"AdjustCount":149,"Restarts":2,"Conflicts":101,"Decisions":384,"Propagations":52827,"Vars":6498,"Clauses":130997,"Literals":267048,"LEARNT_Limit":48032,"LEARNT_Clauses":101,"LEARNT_Lit/Cl":94,"Progress":0.000}
===============================================================================
restarts              : 2
conflicts             : 122            (3122 /sec)
decisions             : 1767           (0.00 % random) (45216 /sec)
propagations          : 62377          (1596177 /sec)
conflict literals     : 10117          (0.23 % deleted)
Memory used           : 10.00 MB
CPU time              : 0.039079 s

SATISFIABLE
