WARNING: for repeatability, setting FPU to use double precision
============================[ Problem Statistics ]=============================
|                                                                             |
|  Number of variables:          5776                                         |
|  Number of clauses:          116522                                         |
|  Parse time:                   0.03 s                                       |
|                                                                             |
============================[ Search Statistics ]==============================
| Conflicts |          ORIGINAL         |          LEARNT          | Progress |
|           |    Vars  Clauses Literals |    Limit  Clauses Lit/Cl |          |
===============================================================================
{"Event":"Restart","Time":0.037,"AdjustCount":99,"Restarts":1,"Conflicts":1,"Decisions":72,"Propagations":1778,"Vars":5776,"Clauses":116522,"Literals":237376,"LEARNT_Limit":38840,"LEARNT_Clauses":1,"LEARNT_Lit/Cl":17,"Progress":0.000}
{"Event":"LearnMore","Time":0.044,"AdjustCount":150,"Restarts":1,"Conflicts":100,"Decisions":249,"Propagations":45286,"Vars":5776,"Clauses":116522,"Literals":237376,"LEARNT_Limit":42724,"LEARNT_Clauses":100,"LEARNT_Lit/Cl":66,"Progress":0.000}
{"Event":"Restart","Time":0.044,"AdjustCount":149,"Restarts":2,"Conflicts":101,"Decisions":338,"Propagations":47564,"Vars":5776,"Clauses":116522,"Literals":237376,"LEARNT_Limit":42724,"LEARNT_Clauses":101,"LEARNT_Lit/Cl":65,"Progress":0.000}
{"Event":"Restart","Time":0.049,"AdjustCount":48,"Restarts":3,"Conflicts":202,"Decisions":580,"Propagations":84759,"Vars":5776,"Clauses":116522,"Literals":237376,"LEARNT_Limit":42724,"LEARNT_Clauses":202,"LEARNT_Lit/Cl":58,"Progress":0.000}
{"Event":"LearnMore","Time":0.052,"AdjustCount":225,"Restarts":3,"Conflicts":250,"Decisions":690,"Propagations":103513,"Vars":5776,"Clauses":116522,"Literals":237376,"LEARNT_Limit":46997,"LEARNT_Clauses":250,"LEARNT_Lit/Cl":55,"Progress":0.000}
{"Event":"Restart","Time":0.062,"AdjustCount":73,"Restarts":4,"Conflicts":402,"Decisions":1165,"Propagations":164169,"Vars":5776,"Clauses":116522,"Literals":237376,"LEARNT_Limit":46997,"LEARNT_Clauses":402,"LEARNT_Lit/Cl":62,"Progress":0.000}
{"Event":"LearnMore","Time":0.067,"AdjustCount":337,"Restarts":4,"Conflicts":475,"Decisions":1286,"Propagations":191812,"Vars":5776,"Clauses":116522,"Literals":237376,"LEARNT_Limit":51696,"LEARNT_Clauses":475,"LEARNT_Lit/Cl":61,"Progress":0.000}
{"Event":"Restart","Time":0.069,"AdjustCount":310,"Restarts":5,"Conflicts":502,"Decisions":1453,"Propagations":204935,"Vars":5776,"Clauses":116522,"Literals":237376,"LEARNT_Limit":51696,"LEARNT_Clauses":502,"LEARNT_Lit/Cl":61,"Progress":0.000}
{"Event":"Restart","Time":0.071,"AdjustCount":208,"Restarts":6,"Conflicts":604,"Decisions":1828,"Propagations":233943,"Vars":5776,"Clauses":116522,"Literals":237376,"LEARNT_Limit":51696,"LEARNT_Clauses":604,"LEARNT_Lit/Cl":64,"Progress":0.000}
{"Event":"Restart","Time":0.086,"AdjustCount":5,"Restarts":7,"Conflicts":807,"Decisions":2298,"Propagations":332364,"Vars":5776,"Clauses":116522,"Literals":237376,"LEARNT_Limit":51696,"LEARNT_Clauses":807,"LEARNT_Lit/Cl":65,"Progress":0.000}
{"Event":"LearnMore","Time":0.086,"AdjustCount":506,"Restarts":7,"Conflicts":812,"Decisions":2317,"Propagations":334463,"Vars":5776,"Clauses":116522,"Literals":237376,"LEARNT_Limit":56866,"LEARNT_Clauses":812,"LEARNT_Lit/Cl":65,"Progress":0.000}
{"Event":"Restart","Time":0.109,"AdjustCount":110,"Restarts":8,"Conflicts":1208,"Decisions":2934,"Propagations":491006,"Vars":5776,"Clauses":116522,"Literals":237376,"LEARNT_Limit":56866,"LEARNT_Clauses":1208,"LEARNT_Lit/Cl":59,"Progress":0.000}
{"Event":"Restart","Time":0.116,"AdjustCount":10,"Restarts":9,"Conflicts":1308,"Decisions":3273,"Propagations":526424,"Vars":5776,"Clauses":116522,"Literals":237376,"LEARNT_Limit":56866,"LEARNT_Clauses":1308,"LEARNT_Lit/Cl":60,"Progress":0.000}
{"Event":"LearnMore","Time":0.118,"AdjustCount":759,"Restarts":9,"Conflicts":1318,"Decisions":3432,"Propagations":534127,"Vars":5776,"Clauses":116522,"Literals":237376,"LEARNT_Limit":62553,"LEARNT_Clauses":1318,"LEARNT_Lit/Cl":60,"Progress":0.000}
{"Event":"Restart","Time":0.125,"AdjustCount":669,"Restarts":10,"Conflicts":1408,"Decisions":3686,"Propagations":577947,"Vars":5776,"Clauses":116522,"Literals":237376,"LEARNT_Limit":62553,"LEARNT_Clauses":1408,"LEARNT_Lit/Cl":60,"Progress":0.000}
{"Event":"Restart","Time":0.139,"AdjustCount":469,"Restarts":11,"Conflicts":1608,"Decisions":4237,"Propagations":645051,"Vars":5776,"Clauses":116522,"Literals":237376,"LEARNT_Limit":62553,"LEARNT_Clauses":1608,"LEARNT_Lit/Cl":61,"Progress":0.000}
{"Event":"Restart","Time":0.146,"AdjustCount":369,"Restarts":12,"Conflicts":1708,"Decisions":4607,"Propagations":680891,"Vars":5776,"Clauses":116522,"Literals":237376,"LEARNT_Limit":62553,"LEARNT_Clauses":1708,"LEARNT_Lit/Cl":62,"Progress":0.000}
{"Event":"Restart","Time":0.153,"AdjustCount":269,"Restarts":13,"Conflicts":1808,"Decisions":4845,"Propagations":723808,"Vars":5776,"Clauses":116522,"Literals":237376,"LEARNT_Limit":62553,"LEARNT_Clauses":1808,"LEARNT_Lit/Cl":61,"Progress":0.000}
{"Event":"Restart","Time":0.168,"AdjustCount":67,"Restarts":14,"Conflicts":2010,"Decisions":5502,"Propagations":805360,"Vars":5776,"Clauses":116522,"Literals":237376,"LEARNT_Limit":62553,"LEARNT_Clauses":2010,"LEARNT_Lit/Cl":65,"Progress":0.000}
{"Event":"LearnMore","Time":0.175,"AdjustCount":1139,"Restarts":14,"Conflicts":2077,"Decisions":5674,"Propagations":841886,"Vars":5776,"Clauses":116522,"Literals":237376,"LEARNT_Limit":68808,"LEARNT_Clauses":2077,"LEARNT_Lit/Cl":66,"Progress":0.000}
{"Event":"Restart","Time":0.211,"AdjustCount":806,"Restarts":15,"Conflicts":2410,"Decisions":6953,"Propagations":1036854,"Vars":5776,"Clauses":116522,"Literals":237376,"LEARNT_Limit":68808,"LEARNT_Clauses":2410,"LEARNT_Lit/Cl":80,"Progress":0.000}
{"Event":"Restart","Time":0.277,"AdjustCount":5,"Restarts":16,"Conflicts":3211,"Decisions":8260,"Propagations":1471016,"Vars":5776,"Clauses":116522,"Literals":237376,"LEARNT_Limit":68808,"LEARNT_Clauses":3211,"LEARNT_Lit/Cl":77,"Progress":0.000}
{"Event":"LearnMore","Time":0.278,"AdjustCount":1708,"Restarts":16,"Conflicts":3216,"Decisions":8315,"Propagations":1473489,"Vars":5776,"Clauses":116522,"Literals":237376,"LEARNT_Limit":75689,"LEARNT_Clauses":3216,"LEARNT_Lit/Cl":77,"Progress":0.000}
{"Event":"Restart","Time":0.283,"AdjustCount":1612,"Restarts":17,"Conflicts":3312,"Decisions":8674,"Propagations":1497314,"Vars":5776,"Clauses":116522,"Literals":237376,"LEARNT_Limit":75689,"LEARNT_Clauses":3312,"LEARNT_Lit/Cl":76,"Progress":0.000}
{"Event":"Restart","Time":0.293,"AdjustCount":1512,"Restarts":18,"Conflicts":3412,"Decisions":9145,"Propagations":1543408,"Vars":5776,"Clauses":116522,"Literals":237376,"LEARNT_Limit":75689,"LEARNT_Clauses":3412,"LEARNT_Lit/Cl":76,"Progress":0.000}
{"Event":"Restart","Time":0.310,"AdjustCount":1312,"Restarts":19,"Conflicts":3612,"Decisions":9848,"Propagations":1638336,"Vars":5776,"Clauses":116522,"Literals":237376,"LEARNT_Limit":75689,"LEARNT_Clauses":3612,"LEARNT_Lit/Cl":76,"Progress":0.000}
{"Event":"Restart","Time":0.320,"AdjustCount":1212,"Restarts":20,"Conflicts":3712,"Decisions":10247,"Propagations":1690550,"Vars":5776,"Clauses":116522,"Literals":237376,"LEARNT_Limit":75689,"LEARNT_Clauses":3712,"LEARNT_Lit/Cl":76,"Progress":0.000}
{"Event":"Restart","Time":0.330,"AdjustCount":1109,"Restarts":21,"Conflicts":3815,"Decisions":10587,"Propagations":1742130,"Vars":5776,"Clauses":116522,"Literals":237376,"LEARNT_Limit":75689,"LEARNT_Clauses":3815,"LEARNT_Lit/Cl":76,"Progress":0.000}
{"Event":"Restart","Time":0.350,"AdjustCount":909,"Restarts":22,"Conflicts":4015,"Decisions":11099,"Propagations":1829871,"Vars":5776,"Clauses":116522,"Literals":237376,"LEARNT_Limit":75689,"LEARNT_Clauses":4015,"LEARNT_Lit/Cl":80,"Progress":0.000}
{"Event":"Restart","Time":0.384,"AdjustCount":509,"Restarts":23,"Conflicts":4415,"Decisions":12028,"Propagations":2015738,"Vars":5776,"Clauses":116522,"Literals":237376,"LEARNT_Limit":75689,"LEARNT_Clauses":4415,"LEARNT_Lit/Cl":80,"Progress":0.000}
{"Event":"Restart","Time":0.395,"AdjustCount":408,"Restarts":24,"Conflicts":4516,"Decisions":12414,"Propagations":2068909,"Vars":5776,"Clauses":116522,"Literals":237376,"LEARNT_Limit":75689,"LEARNT_Clauses":4516,"LEARNT_Lit/Cl":80,"Progress":0.000}
{"Event":"Restart","Time":0.407,"AdjustCount":308,"Restarts":25,"Conflicts":4616,"Decisions":12828,"Propagations":2116999,"Vars":5776,"Clauses":116522,"Literals":237376,"LEARNT_Limit":75689,"LEARNT_Clauses":4616,"LEARNT_Lit/Cl":80,"Progress":0.000}
{"Event":"Restart","Time":0.429,"AdjustCount":106,"Restarts":26,"Conflicts":4818,"Decisions":13432,"Propagations":2225462,"Vars":5776,"Clauses":116522,"Literals":237376,"LEARNT_Limit":75689,"LEARNT_Clauses":4818,"LEARNT_Lit/Cl":81,"Progress":0.000}
{"Event":"Restart","Time":0.439,"AdjustCount":6,"Restarts":27,"Conflicts":4918,"Decisions":13913,"Propagations":2268977,"Vars":5776,"Clauses":116522,"Literals":237376,"LEARNT_Limit":75689,"LEARNT_Clauses":4918,"LEARNT_Lit/Cl":81,"Progress":0.000}
{"Event":"LearnMore","Time":0.439,"AdjustCount":2562,"Restarts":27,"Conflicts":4924,"Decisions":13948,"Propagations":2271027,"Vars":5776,"Clauses":116522,"Literals":237376,"LEARNT_Limit":83258,"LEARNT_Clauses":4924,"LEARNT_Lit/Cl":81,"Progress":0.000}
{"Event":"Restart","Time":0.451,"AdjustCount":2468,"Restarts":28,"Conflicts":5018,"Decisions":14518,"Propagations":2323199,"Vars":5776,"Clauses":116522,"Literals":237376,"LEARNT_Limit":83258,"LEARNT_Clauses":5018,"LEARNT_Lit/Cl":81,"Progress":0.000}
{"Event":"Restart","Time":0.472,"AdjustCount":2266,"Restarts":29,"Conflicts":5220,"Decisions":15077,"Propagations":2413013,"Vars":5776,"Clauses":116522,"Literals":237376,"LEARNT_Limit":83258,"LEARNT_Clauses":5220,"LEARNT_Lit/Cl":81,"Progress":0.000}
{"Event":"Restart","Time":0.514,"AdjustCount":1866,"Restarts":30,"Conflicts":5620,"Decisions":16303,"Propagations":2581124,"Vars":5776,"Clauses":116522,"Literals":237376,"LEARNT_Limit":83258,"LEARNT_Clauses":5620,"LEARNT_Lit/Cl":82,"Progress":0.000}
{"Event":"Restart","Time":0.604,"AdjustCount":1063,"Restarts":31,"Conflicts":6423,"Decisions":18762,"Propagations":2966689,"Vars":5776,"Clauses":116522,"Literals":237376,"LEARNT_Limit":83258,"LEARNT_Clauses":6423,"LEARNT_Lit/Cl":82,"Progress":0.000}
{"Event":"LearnMore","Time":0.710,"AdjustCount":3844,"Restarts":31,"Conflicts":7486,"Decisions":20890,"Propagations":3364874,"Vars":5776,"Clauses":116522,"Literals":237376,"LEARNT_Limit":91584,"LEARNT_Clauses":7486,"LEARNT_Lit/Cl":83,"Progress":0.000}
{"Event":"Restart","Time":0.768,"AdjustCount":3306,"Restarts":32,"Conflicts":8024,"Decisions":22509,"Propagations":3598898,"Vars":5776,"Clauses":116522,"Literals":237376,"LEARNT_Limit":91584,"LEARNT_Clauses":8024,"LEARNT_Lit/Cl":84,"Progress":0.000}
{"Event":"Restart","Time":0.784,"AdjustCount":3206,"Restarts":33,"Conflicts":8124,"Decisions":23164,"Propagations":3663587,"Vars":5776,"Clauses":116522,"Literals":237376,"LEARNT_Limit":91584,"LEARNT_Clauses":8124,"LEARNT_Lit/Cl":84,"Progress":0.000}
{"Event":"Restart","Time":0.796,"AdjustCount":3106,"Restarts":34,"Conflicts":8224,"Decisions":23546,"Propagations":3710701,"Vars":5776,"Clauses":116522,"Literals":237376,"LEARNT_Limit":91584,"LEARNT_Clauses":8224,"LEARNT_Lit/Cl":85,"Progress":0.000}
{"Event":"Restart","Time":0.827,"AdjustCount":2903,"Restarts":35,"Conflicts":8427,"Decisions":24094,"Propagations":3824745,"Vars":5776,"Clauses":116522,"Literals":237376,"LEARNT_Limit":91584,"LEARNT_Clauses":8427,"LEARNT_Lit/Cl":85,"Progress":0.000}
{"Event":"Restart","Time":0.841,"AdjustCount":2801,"Restarts":36,"Conflicts":8529,"Decisions":24422,"Propagations":3874747,"Vars":5776,"Clauses":116522,"Literals":237376,"LEARNT_Limit":91584,"LEARNT_Clauses":8529,"LEARNT_Lit/Cl":84,"Progress":0.000}
{"Event":"Restart","Time":0.856,"AdjustCount":2700,"Restarts":37,"Conflicts":8630,"Decisions":24772,"Propagations":3930830,"Vars":5776,"Clauses":116522,"Literals":237376,"LEARNT_Limit":91584,"LEARNT_Clauses":8630,"LEARNT_Lit/Cl":84,"Progress":0.000}
{"Event":"Restart","Time":0.885,"AdjustCount":2499,"Restarts":38,"Conflicts":8831,"Decisions":25260,"Propagations":4042298,"Vars":5776,"Clauses":116522,"Literals":237376,"LEARNT_Limit":91584,"LEARNT_Clauses":8831,"LEARNT_Lit/Cl":84,"Progress":0.000}
{"Event":"Restart","Time":0.917,"AdjustCount":2099,"Restarts":39,"Conflicts":9231,"Decisions":26516,"Propagations":4160085,"Vars":5776,"Clauses":116522,"Literals":237376,"LEARNT_Limit":91584,"LEARNT_Clauses":9231,"LEARNT_Lit/Cl":85,"Progress":0.000}
{"Event":"Restart","Time":0.933,"AdjustCount":1997,"Restarts":40,"Conflicts":9333,"Decisions":26858,"Propagations":4223494,"Vars":5776,"Clauses":116522,"Literals":237376,"LEARNT_Limit":91584,"LEARNT_Clauses":9333,"LEARNT_Lit/Cl":86,"Progress":0.000}
{"Event":"Restart","Time":0.944,"AdjustCount":1896,"Restarts":41,"Conflicts":9434,"Decisions":27149,"Propagations":4260811,"Vars":5776,"Clauses":116522,"Literals":237376,"LEARNT_Limit":91584,"LEARNT_Clauses":9434,"LEARNT_Lit/Cl":85,"Progress":0.000}
{"Event":"Restart","Time":0.969,"AdjustCount":1696,"Restarts":42,"Conflicts":9634,"Decisions":27718,"Propagations":4342309,"Vars":5776,"Clauses":116522,"Literals":237376,"LEARNT_Limit":91584,"LEARNT_Clauses":9634,"LEARNT_Lit/Cl":85,"Progress":0.000}
{"Event":"Restart","Time":0.983,"AdjustCount":1595,"Restarts":43,"Conflicts":9735,"Decisions":28022,"Propagations":4406993,"Vars":5776,"Clauses":116522,"Literals":237376,"LEARNT_Limit":91584,"LEARNT_Clauses":9735,"LEARNT_Lit/Cl":85,"Progress":0.000}
{"Event":"Restart","Time":0.994,"AdjustCount":1495,"Restarts":44,"Conflicts":9835,"Decisions":28257,"Propagations":4447798,"Vars":5776,"Clauses":116522,"Literals":237376,"LEARNT_Limit":91584,"LEARNT_Clauses":9835,"LEARNT_Lit/Cl":85,"Progress":0.000}
{"Event":"Restart","Time":1.010,"AdjustCount":1294,"Restarts":45,"Conflicts":10036,"Decisions":28838,"Propagations":4498875,"Vars":5776,"Clauses":116522,"Literals":237376,"LEARNT_Limit":91584,"LEARNT_Clauses":10036,"LEARNT_Lit/Cl":84,"Progress":0.000}
{"Event":"Restart","Time":1.070,"AdjustCount":892,"Restarts":46,"Conflicts":10438,"Decisions":30153,"Propagations":4687907,"Vars":5776,"Clauses":116522,"Literals":237376,"LEARNT_Limit":91584,"LEARNT_Clauses":10438,"LEARNT_Lit/Cl":84,"Progress":0.000}
{"Event":"Restart","Time":1.169,"AdjustCount":91,"Restarts":47,"Conflicts":11239,"Decisions":32060,"Propagations":5016685,"Vars":5776,"Clauses":116522,"Literals":237376,"LEARNT_Limit":91584,"LEARNT_Clauses":11239,"LEARNT_Lit/Cl":84,"Progress":0.000}
{"Event":"LearnMore","Time":1.183,"AdjustCount":5766,"Restarts":47,"Conflicts":11330,"Decisions":32254,"Propagations":5066580,"Vars":5776,"Clauses":116522,"Literals":237376,"LEARNT_Limit":100742,"LEARNT_Clauses":11330,"LEARNT_Lit/Cl":84,"Progress":0.000}
{"Event":"Restart","Time":1.185,"AdjustCount":5755,"Restarts":48,"Conflicts":11341,"Decisions":32335,"Propagations":5073820,"Vars":5776,"Clauses":116522,"Literals":237376,"LEARNT_Limit":100742,"LEARNT_Clauses":11341,"LEARNT_Lit/Cl":84,"Progress":0.000}
{"Event":"Restart","Time":1.202,"AdjustCount":5655,"Restarts":49,"Conflicts":11441,"Decisions":32690,"Propagations":5119363,"Vars":5776,"Clauses":116522,"Literals":237376,"LEARNT_Limit":100742,"LEARNT_Clauses":11441,"LEARNT_Lit/Cl":84,"Progress":0.000}
{"Event":"Restart","Time":1.229,"AdjustCount":5454,"Restarts":50,"Conflicts":11642,"Decisions":33203,"Propagations":5206150,"Vars":5776,"Clauses":116522,"Literals":237376,"LEARNT_Limit":100742,"LEARNT_Clauses":11642,"LEARNT_Lit/Cl":84,"Progress":0.000}
{"Event":"Restart","Time":1.242,"AdjustCount":5350,"Restarts":51,"Conflicts":11746,"Decisions":33523,"Propagations":5253017,"Vars":5776,"Clauses":116522,"Literals":237376,"LEARNT_Limit":100742,"LEARNT_Clauses":11746,"LEARNT_Lit/Cl":84,"Progress":0.000}
{"Event":"Restart","Time":1.258,"AdjustCount":5250,"Restarts":52,"Conflicts":11846,"Decisions":33783,"Propagations":5297816,"Vars":5776,"Clauses":116522,"Literals":237376,"LEARNT_Limit":100742,"LEARNT_Clauses":11846,"LEARNT_Lit/Cl":84,"Progress":0.000}
{"Event":"Restart","Time":1.280,"AdjustCount":5050,"Restarts":53,"Conflicts":12046,"Decisions":34287,"Propagations":5365176,"Vars":5776,"Clauses":116522,"Literals":237376,"LEARNT_Limit":100742,"LEARNT_Clauses":12046,"LEARNT_Lit/Cl":84,"Progress":0.000}
{"Event":"Restart","Time":1.327,"AdjustCount":4650,"Restarts":54,"Conflicts":12446,"Decisions":35739,"Propagations":5516490,"Vars":5776,"Clauses":116522,"Literals":237376,"LEARNT_Limit":100742,"LEARNT_Clauses":12446,"LEARNT_Lit/Cl":85,"Progress":0.000}
{"Event":"Restart","Time":1.345,"AdjustCount":4547,"Restarts":55,"Conflicts":12549,"Decisions":36107,"Propagations":5566085,"Vars":5776,"Clauses":116522,"Literals":237376,"LEARNT_Limit":100742,"LEARNT_Clauses":12549,"LEARNT_Lit/Cl":85,"Progress":0.000}
{"Event":"Restart","Time":1.363,"AdjustCount":4446,"Restarts":56,"Conflicts":12650,"Decisions":36418,"Propagations":5609940,"Vars":5776,"Clauses":116522,"Literals":237376,"LEARNT_Limit":100742,"LEARNT_Clauses":12650,"LEARNT_Lit/Cl":85,"Progress":0.000}
{"Event":"Restart","Time":1.379,"AdjustCount":4244,"Restarts":57,"Conflicts":12852,"Decisions":36848,"Propagations":5661532,"Vars":5776,"Clauses":116522,"Literals":237376,"LEARNT_Limit":100742,"LEARNT_Clauses":12852,"LEARNT_Lit/Cl":84,"Progress":0.000}
{"Event":"Restart","Time":1.391,"AdjustCount":4142,"Restarts":58,"Conflicts":12954,"Decisions":37294,"Propagations":5691708,"Vars":5776,"Clauses":116522,"Literals":237376,"LEARNT_Limit":100742,"LEARNT_Clauses":12954,"LEARNT_Lit/Cl":84,"Progress":0.000}
{"Event":"Restart","Time":1.402,"AdjustCount":4040,"Restarts":59,"Conflicts":13056,"Decisions":37589,"Propagations":5723422,"Vars":5776,"Clauses":116522,"Literals":237376,"LEARNT_Limit":100742,"LEARNT_Clauses":13056,"LEARNT_Lit/Cl":84,"Progress":0.000}
{"Event":"Restart","Time":1.431,"AdjustCount":3840,"Restarts":60,"Conflicts":13256,"Decisions":38143,"Propagations":5815431,"Vars":5776,"Clauses":116522,"Literals":237376,"LEARNT_Limit":100742,"LEARNT_Clauses":13256,"LEARNT_Lit/Cl":84,"Progress":0.000}
{"Event":"Restart","Time":1.483,"AdjustCount":3440,"Restarts":61,"Conflicts":13656,"Decisions":39162,"Propagations":5980782,"Vars":5776,"Clauses":116522,"Literals":237376,"LEARNT_Limit":100742,"LEARNT_Clauses":13656,"LEARNT_Lit/Cl":84,"Progress":0.000}
{"Event":"Restart","Time":1.592,"AdjustCount":2640,"Restarts":62,"Conflicts":14456,"Decisions":40513,"Propagations":6323474,"Vars":5776,"Clauses":116522,"Literals":237376,"LEARNT_Limit":100742,"LEARNT_Clauses":14456,"LEARNT_Lit/Cl":85,"Progress":0.000}
{"Event":"Restart","Time":1.828,"AdjustCount":1040,"Restarts":63,"Conflicts":16056,"Decisions":44578,"Propagations":7040628,"Vars":5776,"Clauses":116522,"Literals":237376,"LEARNT_Limit":100742,"LEARNT_Clauses":16056,"LEARNT_Lit/Cl":89,"Progress":0.000}
{"Event":"LearnMore","Time":1.993,"AdjustCount":8649,"Restarts":63,"Conflicts":17096,"Decisions":46868,"Propagations":7478115,"Vars":5776,"Clauses":116522,"Literals":237376,"LEARNT_Limit":110816,"LEARNT_Clauses":17096,"LEARNT_Lit/Cl":89,"Progress":0.000}
{"Event":"Restart","Time":2.307,"AdjustCount":6489,"Restarts":64,"Conflicts":19256,"Decisions":51277,"Propagations":8319418,"Vars":5776,"Clauses":116522,"Literals":237376,"LEARNT_Limit":110816,"LEARNT_Clauses":19256,"LEARNT_Lit/Cl":90,"Progress":0.000}
{"Event":"Restart","Time":2.331,"AdjustCount":6385,"Restarts":65,"Conflicts":19360,"Decisions":51622,"Propagations":8364777,"Vars":5776,"Clauses":116522,"Literals":237376,"LEARNT_Limit":110816,"LEARNT_Clauses":19360,"LEARNT_Lit/Cl":90,"Progress":0.000}
{"Event":"Restart","Time":2.352,"AdjustCount":6284,"Restarts":66,"Conflicts":19461,"Decisions":51829,"Propagations":8424466,"Vars":5776,"Clauses":116522,"Literals":237376,"LEARNT_Limit":110816,"LEARNT_Clauses":19461,"LEARNT_Lit/Cl":90,"Progress":0.000}
{"Event":"Restart","Time":2.390,"AdjustCount":6084,"Restarts":67,"Conflicts":19661,"Decisions":52305,"Propagations":8506679,"Vars":5776,"Clauses":116522,"Literals":237376,"LEARNT_Limit":110816,"LEARNT_Clauses":19661,"LEARNT_Lit/Cl":90,"Progress":0.000}
{"Event":"Restart","Time":2.408,"AdjustCount":5984,"Restarts":68,"Conflicts":19761,"Decisions":52505,"Propagations":8545958,"Vars":5776,"Clauses":116522,"Literals":237376,"LEARNT_Limit":110816,"LEARNT_Clauses":19761,"LEARNT_Lit/Cl":90,"Progress":0.000}
{"Event":"Restart","Time":2.421,"AdjustCount":5883,"Restarts":69,"Conflicts":19862,"Decisions":52765,"Propagations":8577882,"Vars":5776,"Clauses":116522,"Literals":237376,"LEARNT_Limit":110816,"LEARNT_Clauses":19862,"LEARNT_Lit/Cl":89,"Progress":0.000}
{"Event":"Restart","Time":2.443,"AdjustCount":5683,"Restarts":70,"Conflicts":20062,"Decisions":53316,"Propagations":8646809,"Vars":5776,"Clauses":116522,"Literals":237376,"LEARNT_Limit":110816,"LEARNT_Clauses":20062,"LEARNT_Lit/Cl":89,"Progress":0.000}
{"Event":"Restart","Time":2.539,"AdjustCount":5283,"Restarts":71,"Conflicts":20462,"Decisions":54331,"Propagations":8857687,"Vars":5776,"Clauses":116522,"Literals":237376,"LEARNT_Limit":110816,"LEARNT_Clauses":20462,"LEARNT_Lit/Cl":89,"Progress":0.000}
{"Event":"Restart","Time":2.561,"AdjustCount":5182,"Restarts":72,"Conflicts":20563,"Decisions":54753,"Propagations":8895277,"Vars":5776,"Clauses":116522,"Literals":237376,"LEARNT_Limit":110816,"LEARNT_Clauses":20563,"LEARNT_Lit/Cl":89,"Progress":0.000}
{"Event":"Restart","Time":2.578,"AdjustCount":5082,"Restarts":73,"Conflicts":20663,"Decisions":55234,"Propagations":8924310,"Vars":5776,"Clauses":116522,"Literals":237376,"LEARNT_Limit":110816,"LEARNT_Clauses":20663,"LEARNT_Lit/Cl":89,"Progress":0.000}
{"Event":"Restart","Time":2.623,"AdjustCount":4882,"Restarts":74,"Conflicts":20863,"Decisions":55881,"Propagations":9026140,"Vars":5776,"Clauses":116522,"Literals":237376,"LEARNT_Limit":110816,"LEARNT_Clauses":20863,"LEARNT_Lit/Cl":89,"Progress":0.000}
{"Event":"Restart","Time":2.648,"AdjustCount":4782,"Restarts":75,"Conflicts":20963,"Decisions":56180,"Propagations":9075055,"Vars":5776,"Clauses":116522,"Literals":237376,"LEARNT_Limit":110816,"LEARNT_Clauses":20963,"LEARNT_Lit/Cl":89,"Progress":0.000}
{"Event":"Restart","Time":2.671,"AdjustCount":4678,"Restarts":76,"Conflicts":21067,"Decisions":56541,"Propagations":9124309,"Vars":5776,"Clauses":116522,"Literals":237376,"LEARNT_Limit":110816,"LEARNT_Clauses":21067,"LEARNT_Lit/Cl":89,"Progress":0.000}
{"Event":"Restart","Time":2.722,"AdjustCount":4475,"Restarts":77,"Conflicts":21270,"Decisions":56990,"Propagations":9235997,"Vars":5776,"Clauses":116522,"Literals":237376,"LEARNT_Limit":110816,"LEARNT_Clauses":21270,"LEARNT_Lit/Cl":88,"Progress":0.000}
{"Event":"Restart","Time":2.806,"AdjustCount":4075,"Restarts":78,"Conflicts":21670,"Decisions":57684,"Propagations":9411353,"Vars":5776,"Clauses":116522,"Literals":237376,"LEARNT_Limit":110816,"LEARNT_Clauses":21670,"LEARNT_Lit/Cl":88,"Progress":0.000}
{"Event":"Restart","Time":2.951,"AdjustCount":3275,"Restarts":79,"Conflicts":22470,"Decisions":59727,"Propagations":9746743,"Vars":5776,"Clauses":116522,"Literals":237376,"LEARNT_Limit":110816,"LEARNT_Clauses":22470,"LEARNT_Lit/Cl":88,"Progress":0.000}
{"Event":"Restart","Time":2.967,"AdjustCount":3175,"Restarts":80,"Conflicts":22570,"Decisions":60000,"Propagations":9778238,"Vars":5776,"Clauses":116522,"Literals":237376,"LEARNT_Limit":110816,"LEARNT_Clauses":22570,"LEARNT_Lit/Cl":88,"Progress":0.000}
{"Event":"Restart","Time":2.986,"AdjustCount":3074,"Restarts":81,"Conflicts":22671,"Decisions":60401,"Propagations":9811975,"Vars":5776,"Clauses":116522,"Literals":237376,"LEARNT_Limit":110816,"LEARNT_Clauses":22671,"LEARNT_Lit/Cl":88,"Progress":0.000}
{"Event":"Restart","Time":3.024,"AdjustCount":2874,"Restarts":82,"Conflicts":22871,"Decisions":60925,"Propagations":9906149,"Vars":5776,"Clauses":116522,"Literals":237376,"LEARNT_Limit":110816,"LEARNT_Clauses":22871,"LEARNT_Lit/Cl":87,"Progress":0.000}
{"Event":"Restart","Time":3.043,"AdjustCount":2773,"Restarts":83,"Conflicts":22972,"Decisions":61227,"Propagations":9943957,"Vars":5776,"Clauses":116522,"Literals":237376,"LEARNT_Limit":110816,"LEARNT_Clauses":22972,"LEARNT_Lit/Cl":87,"Progress":0.000}
{"Event":"Restart","Time":3.072,"AdjustCount":2672,"Restarts":84,"Conflicts":23073,"Decisions":61532,"Propagations":9990290,"Vars":5776,"Clauses":116522,"Literals":237376,"LEARNT_Limit":110816,"LEARNT_Clauses":23073,"LEARNT_Lit/Cl":87,"Progress":0.000}
{"Event":"Restart","Time":3.126,"AdjustCount":2471,"Restarts":85,"Conflicts":23274,"Decisions":61901,"Propagations":10100806,"Vars":5776,"Clauses":116522,"Literals":237376,"LEARNT_Limit":110816,"LEARNT_Clauses":23274,"LEARNT_Lit/Cl":87,"Progress":0.000}
{"Event":"Restart","Time":3.199,"AdjustCount":2071,"Restarts":86,"Conflicts":23674,"Decisions":62830,"Propagations":10266424,"Vars":5776,"Clauses":116522,"Literals":237376,"LEARNT_Limit":110816,"LEARNT_Clauses":23674,"LEARNT_Lit/Cl":87,"Progress":0.000}
{"Event":"Restart","Time":3.219,"AdjustCount":1970,"Restarts":87,"Conflicts":23775,"Decisions":63200,"Propagations":10302667,"Vars":5776,"Clauses":116522,"Literals":237376,"LEARNT_Limit":110816,"LEARNT_Clauses":23775,"LEARNT_Lit/Cl":87,"Progress":0.000}
{"Event":"Restart","Time":3.256,"AdjustCount":1868,"Restarts":88,"Conflicts":23877,"Decisions":63471,"Propagations":10365360,"Vars":5776,"Clauses":116522,"Literals":237376,"LEARNT_Limit":110816,"LEARNT_Clauses":23877,"LEARNT_Lit/Cl":87,"Progress":0.000}
{"Event":"Restart","Time":3.294,"AdjustCount":1668,"Restarts":89,"Conflicts":24077,"Decisions":63964,"Propagations":10442424,"Vars":5776,"Clauses":116522,"Literals":237376,"LEARNT_Limit":110816,"LEARNT_Clauses":24077,"LEARNT_Lit/Cl":87,"Progress":0.000}
{"Event":"Restart","Time":3.312,"AdjustCount":1568,"Restarts":90,"Conflicts":24177,"Decisions":64297,"Propagations":10491473,"Vars":5776,"Clauses":116522,"Literals":237376,"LEARNT_Limit":110816,"LEARNT_Clauses":24177,"LEARNT_Lit/Cl":87,"Progress":0.000}
{"Event":"Restart","Time":3.340,"AdjustCount":1463,"Restarts":91,"Conflicts":24282,"Decisions":64604,"Propagations":10535475,"Vars":5776,"Clauses":116522,"Literals":237376,"LEARNT_Limit":110816,"LEARNT_Clauses":24282,"LEARNT_Lit/Cl":87,"Progress":0.000}
{"Event":"Restart","Time":3.380,"AdjustCount":1262,"Restarts":92,"Conflicts":24483,"Decisions":64968,"Propagations":10609681,"Vars":5776,"Clauses":116522,"Literals":237376,"LEARNT_Limit":110816,"LEARNT_Clauses":24483,"LEARNT_Lit/Cl":87,"Progress":0.000}
{"Event":"Restart","Time":3.459,"AdjustCount":860,"Restarts":93,"Conflicts":24885,"Decisions":66107,"Propagations":10748891,"Vars":5776,"Clauses":116522,"Literals":237376,"LEARNT_Limit":110816,"LEARNT_Clauses":24885,"LEARNT_Lit/Cl":88,"Progress":0.000}
{"Event":"Restart","Time":3.633,"AdjustCount":60,"Restarts":94,"Conflicts":25685,"Decisions":68591,"Propagations":11134081,"Vars":5776,"Clauses":116522,"Literals":237376,"LEARNT_Limit":110816,"LEARNT_Clauses":25685,"LEARNT_Lit/Cl":88,"Progress":0.000}
{"Event":"LearnMore","Time":3.645,"AdjustCount":12974,"Restarts":94,"Conflicts":25745,"Decisions":68680,"Propagations":11164308,"Vars":5776,"Clauses":116522,"Literals":237376,"LEARNT_Limit":121898,"LEARNT_Clauses":25745,"LEARNT_Lit/Cl":88,"Progress":0.000}
{"Event":"Restart","Time":4.048,"AdjustCount":11434,"Restarts":95,"Conflicts":27285,"Decisions":71420,"Propagations":11967977,"Vars":5776,"Clauses":116522,"Literals":237376,"LEARNT_Limit":121898,"LEARNT_Clauses":27285,"LEARNT_Lit/Cl":89,"Progress":0.000}
{"Event":"Restart","Time":4.070,"AdjustCount":11334,"Restarts":96,"Conflicts":27385,"Decisions":71700,"Propagations":12012248,"Vars":5776,"Clauses":116522,"Literals":237376,"LEARNT_Limit":121898,"LEARNT_Clauses":27385,"LEARNT_Lit/Cl":89,"Progress":0.000}
{"Event":"Restart","Time":4.097,"AdjustCount":11234,"Restarts":97,"Conflicts":27485,"Decisions":72072,"Propagations":12070275,"Vars":5776,"Clauses":116522,"Literals":237376,"LEARNT_Limit":121898,"LEARNT_Clauses":27485,"LEARNT_Lit/Cl":89,"Progress":0.000}
{"Event":"Restart","Time":4.129,"AdjustCount":11031,"Restarts":98,"Conflicts":27688,"Decisions":72491,"Propagations":12135214,"Vars":5776,"Clauses":116522,"Literals":237376,"LEARNT_Limit":121898,"LEARNT_Clauses":27688,"LEARNT_Lit/Cl":89,"Progress":0.000}
{"Event":"Restart","Time":4.153,"AdjustCount":10929,"Restarts":99,"Conflicts":27790,"Decisions":72760,"Propagations":12169676,"Vars":5776,"Clauses":116522,"Literals":237376,"LEARNT_Limit":121898,"LEARNT_Clauses":27790,"LEARNT_Lit/Cl":88,"Progress":0.000}
{"Event":"Restart","Time":4.177,"AdjustCount":10829,"Restarts":100,"Conflicts":27890,"Decisions":73009,"Propagations":12211496,"Vars":5776,"Clauses":116522,"Literals":237376,"LEARNT_Limit":121898,"LEARNT_Clauses":27890,"LEARNT_Lit/Cl":88,"Progress":0.000}
{"Event":"Restart","Time":4.222,"AdjustCount":10628,"Restarts":101,"Conflicts":28091,"Decisions":73595,"Propagations":12293257,"Vars":5776,"Clauses":116522,"Literals":237376,"LEARNT_Limit":121898,"LEARNT_Clauses":28091,"LEARNT_Lit/Cl":88,"Progress":0.000}
{"Event":"Restart","Time":4.301,"AdjustCount":10227,"Restarts":102,"Conflicts":28492,"Decisions":74812,"Propagations":12448972,"Vars":5776,"Clauses":116522,"Literals":237376,"LEARNT_Limit":121898,"LEARNT_Clauses":28492,"LEARNT_Lit/Cl":88,"Progress":0.000}
{"Event":"Restart","Time":4.325,"AdjustCount":10127,"Restarts":103,"Conflicts":28592,"Decisions":75214,"Propagations":12491101,"Vars":5776,"Clauses":116522,"Literals":237376,"LEARNT_Limit":121898,"LEARNT_Clauses":28592,"LEARNT_Lit/Cl":88,"Progress":0.000}
{"Event":"Restart","Time":4.337,"AdjustCount":10027,"Restarts":104,"Conflicts":28692,"Decisions":75498,"Propagations":12524975,"Vars":5776,"Clauses":116522,"Literals":237376,"LEARNT_Limit":121898,"LEARNT_Clauses":28692,"LEARNT_Lit/Cl":88,"Progress":0.000}
{"Event":"Restart","Time":4.384,"AdjustCount":9827,"Restarts":105,"Conflicts":28892,"Decisions":76071,"Propagations":12602378,"Vars":5776,"Clauses":116522,"Literals":237376,"LEARNT_Limit":121898,"LEARNT_Clauses":28892,"LEARNT_Lit/Cl":88,"Progress":0.000}
{"Event":"Restart","Time":4.404,"AdjustCount":9725,"Restarts":106,"Conflicts":28994,"Decisions":76325,"Propagations":12638107,"Vars":5776,"Clauses":116522,"Literals":237376,"LEARNT_Limit":121898,"LEARNT_Clauses":28994,"LEARNT_Lit/Cl":88,"Progress":0.000}
{"Event":"Restart","Time":4.435,"AdjustCount":9622,"Restarts":107,"Conflicts":29097,"Decisions":76582,"Propagations":12683477,"Vars":5776,"Clauses":116522,"Literals":237376,"LEARNT_Limit":121898,"LEARNT_Clauses":29097,"LEARNT_Lit/Cl":88,"Progress":0.000}
{"Event":"Restart","Time":4.469,"AdjustCount":9422,"Restarts":108,"Conflicts":29297,"Decisions":76991,"Propagations":12746085,"Vars":5776,"Clauses":116522,"Literals":237376,"LEARNT_Limit":121898,"LEARNT_Clauses":29297,"LEARNT_Lit/Cl":88,"Progress":0.000}
{"Event":"Restart","Time":4.559,"AdjustCount":9021,"Restarts":109,"Conflicts":29698,"Decisions":77971,"Propagations":12891279,"Vars":5776,"Clauses":116522,"Literals":237376,"LEARNT_Limit":121898,"LEARNT_Clauses":29698,"LEARNT_Lit/Cl":88,"Progress":0.000}
{"Event":"Restart","Time":4.718,"AdjustCount":8221,"Restarts":110,"Conflicts":30498,"Decisions":79630,"Propagations":13194775,"Vars":5776,"Clauses":116522,"Literals":237376,"LEARNT_Limit":121898,"LEARNT_Clauses":30498,"LEARNT_Lit/Cl":88,"Progress":0.000}
{"Event":"Restart","Time":4.748,"AdjustCount":8120,"Restarts":111,"Conflicts":30599,"Decisions":79915,"Propagations":13242232,"Vars":5776,"Clauses":116522,"Literals":237376,"LEARNT_Limit":121898,"LEARNT_Clauses":30599,"LEARNT_Lit/Cl":88,"Progress":0.000}
{"Event":"Restart","Time":4.761,"AdjustCount":8018,"Restarts":112,"Conflicts":30701,"Decisions":80410,"Propagations":13282837,"Vars":5776,"Clauses":116522,"Literals":237376,"LEARNT_Limit":121898,"LEARNT_Clauses":30701,"LEARNT_Lit/Cl":88,"Progress":0.000}
===============================================================================
restarts              : 112
conflicts             : 30812          (6449 /sec)
decisions             : 82000          (0.00 % random) (17163 /sec)
propagations          : 13344570       (2793133 /sec)
conflict literals     : 2706300        (10.35 % deleted)
Memory used           : 26.00 MB
CPU time              : 4.77764 s

SATISFIABLE
