WARNING: for repeatability, setting FPU to use double precision
============================[ Problem Statistics ]=============================
|                                                                             |
|  Number of variables:          5054                                         |
|  Number of clauses:          102047                                         |
|  Parse time:                   0.01 s                                       |
|                                                                             |
============================[ Search Statistics ]==============================
| Conflicts |          ORIGINAL         |          LEARNT          | Progress |
|           |    Vars  Clauses Literals |    Limit  Clauses Lit/Cl |          |
===============================================================================
{"Event":"Restart","Time":0.008,"AdjustCount":99,"Restarts":1,"Conflicts":1,"Decisions":75,"Propagations":1302,"Vars":5054,"Clauses":102047,"Literals":207704,"LEARNT_Limit":34015,"LEARNT_Clauses":1,"LEARNT_Lit/Cl":11,"Progress":0.000}
{"Event":"LearnMore","Time":0.012,"AdjustCount":150,"Restarts":1,"Conflicts":100,"Decisions":238,"Propagations":43339,"Vars":5054,"Clauses":102047,"Literals":207704,"LEARNT_Limit":37417,"LEARNT_Clauses":100,"LEARNT_Lit/Cl":34,"Progress":0.000}
{"Event":"Restart","Time":0.012,"AdjustCount":148,"Restarts":2,"Conflicts":102,"Decisions":276,"Propagations":44596,"Vars":5054,"Clauses":102047,"Literals":207704,"LEARNT_Limit":37417,"LEARNT_Clauses":102,"LEARNT_Lit/Cl":34,"Progress":0.000}
{"Event":"Restart","Time":0.016,"AdjustCount":46,"Restarts":3,"Conflicts":204,"Decisions":446,"Propagations":82267,"Vars":5054,"Clauses":102047,"Literals":207704,"LEARNT_Limit":37417,"LEARNT_Clauses":204,"LEARNT_Lit/Cl":34,"Progress":0.000}
{"Event":"LearnMore","Time":0.018,"AdjustCount":225,"Restarts":3,"Conflicts":250,"Decisions":533,"Propagations":99528,"Vars":5054,"Clauses":102047,"Literals":207704,"LEARNT_Limit":41158,"LEARNT_Clauses":250,"LEARNT_Lit/Cl":33,"Progress":0.000}
{"Event":"Restart","Time":0.024,"AdjustCount":70,"Restarts":4,"Conflicts":405,"Decisions":816,"Propagations":153355,"Vars":5054,"Clauses":102047,"Literals":207704,"LEARNT_Limit":41158,"LEARNT_Clauses":405,"LEARNT_Lit/Cl":31,"Progress":0.000}
{"Event":"LearnMore","Time":0.028,"AdjustCount":337,"Restarts":4,"Conflicts":475,"Decisions":901,"Propagations":187358,"Vars":5054,"Clauses":102047,"Literals":207704,"LEARNT_Limit":45274,"LEARNT_Clauses":475,"LEARNT_Lit/Cl":32,"Progress":0.000}
{"Event":"Restart","Time":0.030,"AdjustCount":303,"Restarts":5,"Conflicts":509,"Decisions":972,"Propagations":208214,"Vars":5054,"Clauses":102047,"Literals":207704,"LEARNT_Limit":45274,"LEARNT_Clauses":509,"LEARNT_Lit/Cl":33,"Progress":0.000}
{"Event":"Restart","Time":0.035,"AdjustCount":203,"Restarts":6,"Conflicts":609,"Decisions":1127,"Propagations":240211,"Vars":5054,"Clauses":102047,"Literals":207704,"LEARNT_Limit":45274,"LEARNT_Clauses":609,"LEARNT_Lit/Cl":34,"Progress":0.000}
{"Event":"Restart","Time":0.043,"AdjustCount":2,"Restarts":7,"Conflicts":810,"Decisions":1469,"Propagations":290805,"Vars":5054,"Clauses":102047,"Literals":207704,"LEARNT_Limit":45274,"LEARNT_Clauses":810,"LEARNT_Lit/Cl":33,"Progress":0.000}
{"Event":"LearnMore","Time":0.043,"AdjustCount":506,"Restarts":7,"Conflicts":812,"Decisions":1470,"Propagations":291031,"Vars":5054,"Clauses":102047,"Literals":207704,"LEARNT_Limit":49802,"LEARNT_Clauses":812,"LEARNT_Lit/Cl":33,"Progress":0.000}
{"Event":"Restart","Time":0.065,"AdjustCount":107,"Restarts":8,"Conflicts":1211,"Decisions":1998,"Propagations":444235,"Vars":5054,"Clauses":102047,"Literals":207704,"LEARNT_Limit":49802,"LEARNT_Clauses":1211,"LEARNT_Lit/Cl":32,"Progress":0.000}
{"Event":"Restart","Time":0.070,"AdjustCount":7,"Restarts":9,"Conflicts":1311,"Decisions":2141,"Propagations":479892,"Vars":5054,"Clauses":102047,"Literals":207704,"LEARNT_Limit":49802,"LEARNT_Clauses":1311,"LEARNT_Lit/Cl":32,"Progress":0.000}
{"Event":"LearnMore","Time":0.070,"AdjustCount":759,"Restarts":9,"Conflicts":1318,"Decisions":2154,"Propagations":483769,"Vars":5054,"Clauses":102047,"Literals":207704,"LEARNT_Limit":54782,"LEARNT_Clauses":1318,"LEARNT_Lit/Cl":31,"Progress":0.000}
{"Event":"Restart","Time":0.075,"AdjustCount":663,"Restarts":10,"Conflicts":1414,"Decisions":2292,"Propagations":530005,"Vars":5054,"Clauses":102047,"Literals":207704,"LEARNT_Limit":54782,"LEARNT_Clauses":1414,"LEARNT_Lit/Cl":31,"Progress":0.000}
{"Event":"Restart","Time":0.082,"AdjustCount":463,"Restarts":11,"Conflicts":1614,"Decisions":2566,"Propagations":595454,"Vars":5054,"Clauses":102047,"Literals":207704,"LEARNT_Limit":54782,"LEARNT_Clauses":1614,"LEARNT_Lit/Cl":31,"Progress":0.000}
{"Event":"Restart","Time":0.088,"AdjustCount":363,"Restarts":12,"Conflicts":1714,"Decisions":2698,"Propagations":633874,"Vars":5054,"Clauses":102047,"Literals":207704,"LEARNT_Limit":54782,"LEARNT_Clauses":1714,"LEARNT_Lit/Cl":31,"Progress":0.000}
{"Event":"Restart","Time":0.094,"AdjustCount":261,"Restarts":13,"Conflicts":1816,"Decisions":2876,"Propagations":671517,"Vars":5054,"Clauses":102047,"Literals":207704,"LEARNT_Limit":54782,"LEARNT_Clauses":1816,"LEARNT_Lit/Cl":31,"Progress":0.000}
{"Event":"Restart","Time":0.107,"AdjustCount":61,"Restarts":14,"Conflicts":2016,"Decisions":3171,"Propagations":734434,"Vars":5054,"Clauses":102047,"Literals":207704,"LEARNT_Limit":54782,"LEARNT_Clauses":2016,"LEARNT_Lit/Cl":31,"Progress":0.000}
{"Event":"LearnMore","Time":0.111,"AdjustCount":1139,"Restarts":14,"Conflicts":2077,"Decisions":3252,"Propagations":758148,"Vars":5054,"Clauses":102047,"Literals":207704,"LEARNT_Limit":60260,"LEARNT_Clauses":2077,"LEARNT_Lit/Cl":31,"Progress":0.000}
{"Event":"Restart","Time":0.131,"AdjustCount":800,"Restarts":15,"Conflicts":2416,"Decisions":3721,"Propagations":899825,"Vars":5054,"Clauses":102047,"Literals":207704,"LEARNT_Limit":60260,"LEARNT_Clauses":2416,"LEARNT_Lit/Cl":31,"Progress":0.000}
{"Event":"LearnMore","Time":0.177,"AdjustCount":1708,"Restarts":15,"Conflicts":3216,"Decisions":4732,"Propagations":1154626,"Vars":5054,"Clauses":102047,"Literals":207704,"LEARNT_Limit":66286,"LEARNT_Clauses":3216,"LEARNT_Lit/Cl":31,"Progress":0.000}
{"Event":"Restart","Time":0.177,"AdjustCount":1707,"Restarts":16,"Conflicts":3217,"Decisions":4769,"Propagations":1155161,"Vars":5054,"Clauses":102047,"Literals":207704,"LEARNT_Limit":66286,"LEARNT_Clauses":3217,"LEARNT_Lit/Cl":31,"Progress":0.000}
{"Event":"Restart","Time":0.185,"AdjustCount":1605,"Restarts":17,"Conflicts":3319,"Decisions":4926,"Propagations":1191214,"Vars":5054,"Clauses":102047,"Literals":207704,"LEARNT_Limit":66286,"LEARNT_Clauses":3319,"LEARNT_Lit/Cl":31,"Progress":0.000}
{"Event":"Restart","Time":0.193,"AdjustCount":1504,"Restarts":18,"Conflicts":3420,"Decisions":5056,"Propagations":1223960,"Vars":5054,"Clauses":102047,"Literals":207704,"LEARNT_Limit":66286,"LEARNT_Clauses":3420,"LEARNT_Lit/Cl":31,"Progress":0.000}
{"Event":"Restart","Time":0.210,"AdjustCount":1301,"Restarts":19,"Conflicts":3623,"Decisions":5300,"Propagations":1301343,"Vars":5054,"Clauses":102047,"Literals":207704,"LEARNT_Limit":66286,"LEARNT_Clauses":3623,"LEARNT_Lit/Cl":31,"Progress":0.000}
{"Event":"Restart","Time":0.218,"AdjustCount":1200,"Restarts":20,"Conflicts":3724,"Decisions":5469,"Propagations":1332045,"Vars":5054,"Clauses":102047,"Literals":207704,"LEARNT_Limit":66286,"LEARNT_Clauses":3724,"LEARNT_Lit/Cl":31,"Progress":0.000}
{"Event":"Restart","Time":0.229,"AdjustCount":1100,"Restarts":21,"Conflicts":3824,"Decisions":5616,"Propagations":1367587,"Vars":5054,"Clauses":102047,"Literals":207704,"LEARNT_Limit":66286,"LEARNT_Clauses":3824,"LEARNT_Lit/Cl":31,"Progress":0.000}
{"Event":"Restart","Time":0.241,"AdjustCount":900,"Restarts":22,"Conflicts":4024,"Decisions":5900,"Propagations":1428170,"Vars":5054,"Clauses":102047,"Literals":207704,"LEARNT_Limit":66286,"LEARNT_Clauses":4024,"LEARNT_Lit/Cl":31,"Progress":0.000}
{"Event":"Restart","Time":0.269,"AdjustCount":499,"Restarts":23,"Conflicts":4425,"Decisions":6486,"Propagations":1582451,"Vars":5054,"Clauses":102047,"Literals":207704,"LEARNT_Limit":66286,"LEARNT_Clauses":4425,"LEARNT_Lit/Cl":31,"Progress":0.000}
{"Event":"Restart","Time":0.276,"AdjustCount":399,"Restarts":24,"Conflicts":4525,"Decisions":6628,"Propagations":1611514,"Vars":5054,"Clauses":102047,"Literals":207704,"LEARNT_Limit":66286,"LEARNT_Clauses":4525,"LEARNT_Lit/Cl":31,"Progress":0.000}
{"Event":"Restart","Time":0.284,"AdjustCount":298,"Restarts":25,"Conflicts":4626,"Decisions":6816,"Propagations":1635857,"Vars":5054,"Clauses":102047,"Literals":207704,"LEARNT_Limit":66286,"LEARNT_Clauses":4626,"LEARNT_Lit/Cl":31,"Progress":0.000}
{"Event":"Restart","Time":0.302,"AdjustCount":98,"Restarts":26,"Conflicts":4826,"Decisions":7100,"Propagations":1702758,"Vars":5054,"Clauses":102047,"Literals":207704,"LEARNT_Limit":66286,"LEARNT_Clauses":4826,"LEARNT_Lit/Cl":31,"Progress":0.000}
{"Event":"LearnMore","Time":0.307,"AdjustCount":2562,"Restarts":26,"Conflicts":4924,"Decisions":7238,"Propagations":1730681,"Vars":5054,"Clauses":102047,"Literals":207704,"LEARNT_Limit":72915,"LEARNT_Clauses":4924,"LEARNT_Lit/Cl":31,"Progress":0.000}
{"Event":"Restart","Time":0.307,"AdjustCount":2558,"Restarts":27,"Conflicts":4928,"Decisions":7289,"Propagations":1731881,"Vars":5054,"Clauses":102047,"Literals":207704,"LEARNT_Limit":72915,"LEARNT_Clauses":4928,"LEARNT_Lit/Cl":31,"Progress":0.000}
{"Event":"Restart","Time":0.316,"AdjustCount":2455,"Restarts":28,"Conflicts":5031,"Decisions":7463,"Propagations":1767808,"Vars":5054,"Clauses":102047,"Literals":207704,"LEARNT_Limit":72915,"LEARNT_Clauses":5031,"LEARNT_Lit/Cl":31,"Progress":0.000}
{"Event":"Restart","Time":0.335,"AdjustCount":2253,"Restarts":29,"Conflicts":5233,"Decisions":7735,"Propagations":1835012,"Vars":5054,"Clauses":102047,"Literals":207704,"LEARNT_Limit":72915,"LEARNT_Clauses":5233,"LEARNT_Lit/Cl":31,"Progress":0.000}
{"Event":"Restart","Time":0.374,"AdjustCount":1853,"Restarts":30,"Conflicts":5633,"Decisions":8270,"Propagations":1992667,"Vars":5054,"Clauses":102047,"Literals":207704,"LEARNT_Limit":72915,"LEARNT_Clauses":5633,"LEARNT_Lit/Cl":31,"Progress":0.000}
{"Event":"Restart","Time":0.461,"AdjustCount":1053,"Restarts":31,"Conflicts":6433,"Decisions":9281,"Propagations":2256357,"Vars":5054,"Clauses":102047,"Literals":207704,"LEARNT_Limit":72915,"LEARNT_Clauses":6433,"LEARNT_Lit/Cl":31,"Progress":0.000}
{"Event":"LearnMore","Time":0.551,"AdjustCount":3844,"Restarts":31,"Conflicts":7486,"Decisions":10545,"Propagations":2619399,"Vars":5054,"Clauses":102047,"Literals":207704,"LEARNT_Limit":80207,"LEARNT_Clauses":7486,"LEARNT_Lit/Cl":31,"Progress":0.000}
{"Event":"Restart","Time":0.603,"AdjustCount":3297,"Restarts":32,"Conflicts":8033,"Decisions":11305,"Propagations":2779785,"Vars":5054,"Clauses":102047,"Literals":207704,"LEARNT_Limit":80207,"LEARNT_Clauses":8033,"LEARNT_Lit/Cl":31,"Progress":0.000}
{"Event":"Restart","Time":0.615,"AdjustCount":3197,"Restarts":33,"Conflicts":8133,"Decisions":11441,"Propagations":2810225,"Vars":5054,"Clauses":102047,"Literals":207704,"LEARNT_Limit":80207,"LEARNT_Clauses":8133,"LEARNT_Lit/Cl":31,"Progress":0.000}
{"Event":"Restart","Time":0.625,"AdjustCount":3096,"Restarts":34,"Conflicts":8234,"Decisions":11593,"Propagations":2842470,"Vars":5054,"Clauses":102047,"Literals":207704,"LEARNT_Limit":80207,"LEARNT_Clauses":8234,"LEARNT_Lit/Cl":31,"Progress":0.000}
{"Event":"Restart","Time":0.652,"AdjustCount":2896,"Restarts":35,"Conflicts":8434,"Decisions":11849,"Propagations":2923845,"Vars":5054,"Clauses":102047,"Literals":207704,"LEARNT_Limit":80207,"LEARNT_Clauses":8434,"LEARNT_Lit/Cl":31,"Progress":0.000}
{"Event":"Restart","Time":0.669,"AdjustCount":2796,"Restarts":36,"Conflicts":8534,"Decisions":11976,"Propagations":2973859,"Vars":5054,"Clauses":102047,"Literals":207704,"LEARNT_Limit":80207,"LEARNT_Clauses":8534,"LEARNT_Lit/Cl":31,"Progress":0.000}
{"Event":"Restart","Time":0.682,"AdjustCount":2696,"Restarts":37,"Conflicts":8634,"Decisions":12108,"Propagations":3008706,"Vars":5054,"Clauses":102047,"Literals":207704,"LEARNT_Limit":80207,"LEARNT_Clauses":8634,"LEARNT_Lit/Cl":31,"Progress":0.000}
{"Event":"Restart","Time":0.708,"AdjustCount":2496,"Restarts":38,"Conflicts":8834,"Decisions":12364,"Propagations":3083020,"Vars":5054,"Clauses":102047,"Literals":207704,"LEARNT_Limit":80207,"LEARNT_Clauses":8834,"LEARNT_Lit/Cl":30,"Progress":0.000}
{"Event":"Restart","Time":0.760,"AdjustCount":2096,"Restarts":39,"Conflicts":9234,"Decisions":12864,"Propagations":3215939,"Vars":5054,"Clauses":102047,"Literals":207704,"LEARNT_Limit":80207,"LEARNT_Clauses":9234,"LEARNT_Lit/Cl":30,"Progress":0.000}
{"Event":"Restart","Time":0.768,"AdjustCount":1996,"Restarts":40,"Conflicts":9334,"Decisions":12994,"Propagations":3242129,"Vars":5054,"Clauses":102047,"Literals":207704,"LEARNT_Limit":80207,"LEARNT_Clauses":9334,"LEARNT_Lit/Cl":30,"Progress":0.000}
{"Event":"Restart","Time":0.782,"AdjustCount":1895,"Restarts":41,"Conflicts":9435,"Decisions":13128,"Propagations":3281265,"Vars":5054,"Clauses":102047,"Literals":207704,"LEARNT_Limit":80207,"LEARNT_Clauses":9435,"LEARNT_Lit/Cl":30,"Progress":0.000}
{"Event":"Restart","Time":0.811,"AdjustCount":1695,"Restarts":42,"Conflicts":9635,"Decisions":13369,"Propagations":3332654,"Vars":5054,"Clauses":102047,"Literals":207704,"LEARNT_Limit":80207,"LEARNT_Clauses":9635,"LEARNT_Lit/Cl":30,"Progress":0.000}
{"Event":"Restart","Time":0.829,"AdjustCount":1593,"Restarts":43,"Conflicts":9737,"Decisions":13525,"Propagations":3369795,"Vars":5054,"Clauses":102047,"Literals":207704,"LEARNT_Limit":80207,"LEARNT_Clauses":9737,"LEARNT_Lit/Cl":30,"Progress":0.000}
{"Event":"Restart","Time":0.845,"AdjustCount":1491,"Restarts":44,"Conflicts":9839,"Decisions":13650,"Propagations":3400645,"Vars":5054,"Clauses":102047,"Literals":207704,"LEARNT_Limit":80207,"LEARNT_Clauses":9839,"LEARNT_Lit/Cl":30,"Progress":0.000}
{"Event":"Restart","Time":0.866,"AdjustCount":1290,"Restarts":45,"Conflicts":10040,"Decisions":13947,"Propagations":3455985,"Vars":5054,"Clauses":102047,"Literals":207704,"LEARNT_Limit":80207,"LEARNT_Clauses":10040,"LEARNT_Lit/Cl":30,"Progress":0.000}
{"Event":"Restart","Time":0.925,"AdjustCount":889,"Restarts":46,"Conflicts":10441,"Decisions":14449,"Propagations":3578663,"Vars":5054,"Clauses":102047,"Literals":207704,"LEARNT_Limit":80207,"LEARNT_Clauses":10441,"LEARNT_Lit/Cl":30,"Progress":0.000}
{"Event":"Restart","Time":1.024,"AdjustCount":89,"Restarts":47,"Conflicts":11241,"Decisions":15412,"Propagations":3795113,"Vars":5054,"Clauses":102047,"Literals":207704,"LEARNT_Limit":80207,"LEARNT_Clauses":11241,"LEARNT_Lit/Cl":30,"Progress":0.000}
{"Event":"LearnMore","Time":1.038,"AdjustCount":5766,"Restarts":47,"Conflicts":11330,"Decisions":15518,"Propagations":3822193,"Vars":5054,"Clauses":102047,"Literals":207704,"LEARNT_Limit":88227,"LEARNT_Clauses":11330,"LEARNT_Lit/Cl":30,"Progress":0.000}
{"Event":"Restart","Time":1.040,"AdjustCount":5754,"Restarts":48,"Conflicts":11342,"Decisions":15561,"Propagations":3825468,"Vars":5054,"Clauses":102047,"Literals":207704,"LEARNT_Limit":88227,"LEARNT_Clauses":11342,"LEARNT_Lit/Cl":30,"Progress":0.000}
{"Event":"Restart","Time":1.056,"AdjustCount":5654,"Restarts":49,"Conflicts":11442,"Decisions":15701,"Propagations":3855464,"Vars":5054,"Clauses":102047,"Literals":207704,"LEARNT_Limit":88227,"LEARNT_Clauses":11442,"LEARNT_Lit/Cl":30,"Progress":0.000}
{"Event":"Restart","Time":1.092,"AdjustCount":5454,"Restarts":50,"Conflicts":11642,"Decisions":15951,"Propagations":3906350,"Vars":5054,"Clauses":102047,"Literals":207704,"LEARNT_Limit":88227,"LEARNT_Clauses":11642,"LEARNT_Lit/Cl":29,"Progress":0.000}
{"Event":"Restart","Time":1.107,"AdjustCount":5352,"Restarts":51,"Conflicts":11744,"Decisions":16097,"Propagations":3929941,"Vars":5054,"Clauses":102047,"Literals":207704,"LEARNT_Limit":88227,"LEARNT_Clauses":11744,"LEARNT_Lit/Cl":29,"Progress":0.000}
{"Event":"Restart","Time":1.122,"AdjustCount":5251,"Restarts":52,"Conflicts":11845,"Decisions":16227,"Propagations":3956656,"Vars":5054,"Clauses":102047,"Literals":207704,"LEARNT_Limit":88227,"LEARNT_Clauses":11845,"LEARNT_Lit/Cl":29,"Progress":0.000}
{"Event":"Restart","Time":1.155,"AdjustCount":5051,"Restarts":53,"Conflicts":12045,"Decisions":16567,"Propagations":4013713,"Vars":5054,"Clauses":102047,"Literals":207704,"LEARNT_Limit":88227,"LEARNT_Clauses":12045,"LEARNT_Lit/Cl":29,"Progress":0.000}
{"Event":"Restart","Time":1.199,"AdjustCount":4651,"Restarts":54,"Conflicts":12445,"Decisions":17098,"Propagations":4143015,"Vars":5054,"Clauses":102047,"Literals":207704,"LEARNT_Limit":88227,"LEARNT_Clauses":12445,"LEARNT_Lit/Cl":29,"Progress":0.000}
{"Event":"Restart","Time":1.211,"AdjustCount":4551,"Restarts":55,"Conflicts":12545,"Decisions":17266,"Propagations":4170743,"Vars":5054,"Clauses":102047,"Literals":207704,"LEARNT_Limit":88227,"LEARNT_Clauses":12545,"LEARNT_Lit/Cl":29,"Progress":0.001}
{"Event":"Restart","Time":1.227,"AdjustCount":4451,"Restarts":56,"Conflicts":12645,"Decisions":17405,"Propagations":4188335,"Vars":5054,"Clauses":102047,"Literals":207704,"LEARNT_Limit":88227,"LEARNT_Clauses":12645,"LEARNT_Lit/Cl":29,"Progress":0.000}
{"Event":"Restart","Time":1.251,"AdjustCount":4247,"Restarts":57,"Conflicts":12849,"Decisions":17674,"Propagations":4270877,"Vars":5054,"Clauses":102047,"Literals":207704,"LEARNT_Limit":88227,"LEARNT_Clauses":12849,"LEARNT_Lit/Cl":29,"Progress":0.000}
{"Event":"Restart","Time":1.272,"AdjustCount":4147,"Restarts":58,"Conflicts":12949,"Decisions":17811,"Propagations":4309675,"Vars":5054,"Clauses":102047,"Literals":207704,"LEARNT_Limit":88227,"LEARNT_Clauses":12949,"LEARNT_Lit/Cl":29,"Progress":0.000}
{"Event":"Restart","Time":1.288,"AdjustCount":4047,"Restarts":59,"Conflicts":13049,"Decisions":17945,"Propagations":4343020,"Vars":5054,"Clauses":102047,"Literals":207704,"LEARNT_Limit":88227,"LEARNT_Clauses":13049,"LEARNT_Lit/Cl":29,"Progress":0.000}
{"Event":"Restart","Time":1.321,"AdjustCount":3847,"Restarts":60,"Conflicts":13249,"Decisions":18213,"Propagations":4418557,"Vars":5054,"Clauses":102047,"Literals":207704,"LEARNT_Limit":88227,"LEARNT_Clauses":13249,"LEARNT_Lit/Cl":29,"Progress":0.000}
{"Event":"Restart","Time":1.376,"AdjustCount":3447,"Restarts":61,"Conflicts":13649,"Decisions":18769,"Propagations":4530021,"Vars":5054,"Clauses":102047,"Literals":207704,"LEARNT_Limit":88227,"LEARNT_Clauses":13649,"LEARNT_Lit/Cl":29,"Progress":0.000}
{"Event":"Restart","Time":1.515,"AdjustCount":2647,"Restarts":62,"Conflicts":14449,"Decisions":19833,"Propagations":4838483,"Vars":5054,"Clauses":102047,"Literals":207704,"LEARNT_Limit":88227,"LEARNT_Clauses":14449,"LEARNT_Lit/Cl":29,"Progress":0.000}
{"Event":"Restart","Time":1.728,"AdjustCount":1047,"Restarts":63,"Conflicts":16049,"Decisions":21919,"Propagations":5354144,"Vars":5054,"Clauses":102047,"Literals":207704,"LEARNT_Limit":88227,"LEARNT_Clauses":16049,"LEARNT_Lit/Cl":29,"Progress":0.000}
{"Event":"LearnMore","Time":1.924,"AdjustCount":8649,"Restarts":63,"Conflicts":17096,"Decisions":23127,"Propagations":5629217,"Vars":5054,"Clauses":102047,"Literals":207704,"LEARNT_Limit":97050,"LEARNT_Clauses":17096,"LEARNT_Lit/Cl":28,"Progress":0.000}
{"Event":"Restart","Time":2.313,"AdjustCount":6496,"Restarts":64,"Conflicts":19249,"Decisions":25806,"Propagations":6136588,"Vars":5054,"Clauses":102047,"Literals":207704,"LEARNT_Limit":97050,"LEARNT_Clauses":19249,"LEARNT_Lit/Cl":28,"Progress":0.000}
{"Event":"Restart","Time":2.329,"AdjustCount":6396,"Restarts":65,"Conflicts":19349,"Decisions":25946,"Propagations":6164439,"Vars":5054,"Clauses":102047,"Literals":207704,"LEARNT_Limit":97050,"LEARNT_Clauses":19349,"LEARNT_Lit/Cl":28,"Progress":0.000}
{"Event":"Restart","Time":2.357,"AdjustCount":6295,"Restarts":66,"Conflicts":19450,"Decisions":26085,"Propagations":6204361,"Vars":5054,"Clauses":102047,"Literals":207704,"LEARNT_Limit":97050,"LEARNT_Clauses":19450,"LEARNT_Lit/Cl":28,"Progress":0.000}
{"Event":"Restart","Time":2.400,"AdjustCount":6095,"Restarts":67,"Conflicts":19650,"Decisions":26397,"Propagations":6270607,"Vars":5054,"Clauses":102047,"Literals":207704,"LEARNT_Limit":97050,"LEARNT_Clauses":19650,"LEARNT_Lit/Cl":28,"Progress":0.000}
{"Event":"Restart","Time":2.430,"AdjustCount":5992,"Restarts":68,"Conflicts":19753,"Decisions":26522,"Propagations":6310467,"Vars":5054,"Clauses":102047,"Literals":207704,"LEARNT_Limit":97050,"LEARNT_Clauses":19753,"LEARNT_Lit/Cl":28,"Progress":0.000}
{"Event":"Restart","Time":2.450,"AdjustCount":5890,"Restarts":69,"Conflicts":19855,"Decisions":26660,"Propagations":6346944,"Vars":5054,"Clauses":102047,"Literals":207704,"LEARNT_Limit":97050,"LEARNT_Clauses":19855,"LEARNT_Lit/Cl":28,"Progress":0.000}
{"Event":"Restart","Time":2.499,"AdjustCount":5689,"Restarts":70,"Conflicts":20056,"Decisions":26958,"Propagations":6429684,"Vars":5054,"Clauses":102047,"Literals":207704,"LEARNT_Limit":97050,"LEARNT_Clauses":20056,"LEARNT_Lit/Cl":28,"Progress":0.000}
{"Event":"Restart","Time":2.589,"AdjustCount":5288,"Restarts":71,"Conflicts":20457,"Decisions":27457,"Propagations":6554087,"Vars":5054,"Clauses":102047,"Literals":207704,"LEARNT_Limit":97050,"LEARNT_Clauses":20457,"LEARNT_Lit/Cl":28,"Progress":0.000}
{"Event":"Restart","Time":2.622,"AdjustCount":5186,"Restarts":72,"Conflicts":20559,"Decisions":27592,"Propagations":6590185,"Vars":5054,"Clauses":102047,"Literals":207704,"LEARNT_Limit":97050,"LEARNT_Clauses":20559,"LEARNT_Lit/Cl":28,"Progress":0.000}
{"Event":"Restart","Time":2.653,"AdjustCount":5086,"Restarts":73,"Conflicts":20659,"Decisions":27709,"Propagations":6615471,"Vars":5054,"Clauses":102047,"Literals":207704,"LEARNT_Limit":97050,"LEARNT_Clauses":20659,"LEARNT_Lit/Cl":28,"Progress":0.000}
{"Event":"Restart","Time":2.717,"AdjustCount":4886,"Restarts":74,"Conflicts":20859,"Decisions":27960,"Propagations":6686679,"Vars":5054,"Clauses":102047,"Literals":207704,"LEARNT_Limit":97050,"LEARNT_Clauses":20859,"LEARNT_Lit/Cl":28,"Progress":0.000}
{"Event":"Restart","Time":2.733,"AdjustCount":4784,"Restarts":75,"Conflicts":20961,"Decisions":28097,"Propagations":6717081,"Vars":5054,"Clauses":102047,"Literals":207704,"LEARNT_Limit":97050,"LEARNT_Clauses":20961,"LEARNT_Lit/Cl":28,"Progress":0.000}
{"Event":"Restart","Time":2.758,"AdjustCount":4684,"Restarts":76,"Conflicts":21061,"Decisions":28226,"Propagations":6753731,"Vars":5054,"Clauses":102047,"Literals":207704,"LEARNT_Limit":97050,"LEARNT_Clauses":21061,"LEARNT_Lit/Cl":28,"Progress":0.000}
{"Event":"Restart","Time":2.803,"AdjustCount":4484,"Restarts":77,"Conflicts":21261,"Decisions":28467,"Propagations":6808830,"Vars":5054,"Clauses":102047,"Literals":207704,"LEARNT_Limit":97050,"LEARNT_Clauses":21261,"LEARNT_Lit/Cl":28,"Progress":0.000}
{"Event":"Restart","Time":2.883,"AdjustCount":4084,"Restarts":78,"Conflicts":21661,"Decisions":29006,"Propagations":6908400,"Vars":5054,"Clauses":102047,"Literals":207704,"LEARNT_Limit":97050,"LEARNT_Clauses":21661,"LEARNT_Lit/Cl":28,"Progress":0.000}
{"Event":"Restart","Time":3.045,"AdjustCount":3284,"Restarts":79,"Conflicts":22461,"Decisions":30006,"Propagations":7112355,"Vars":5053,"Clauses":101987,"Literals":207584,"LEARNT_Limit":97050,"LEARNT_Clauses":21407,"LEARNT_Lit/Cl":28,"Progress":0.020}
{"Event":"Restart","Time":3.067,"AdjustCount":3183,"Restarts":80,"Conflicts":22562,"Decisions":30162,"Propagations":7142994,"Vars":5053,"Clauses":101987,"Literals":207584,"LEARNT_Limit":97050,"LEARNT_Clauses":21508,"LEARNT_Lit/Cl":28,"Progress":0.020}
{"Event":"Restart","Time":3.088,"AdjustCount":3080,"Restarts":81,"Conflicts":22665,"Decisions":30294,"Propagations":7157102,"Vars":5053,"Clauses":101987,"Literals":207584,"LEARNT_Limit":97050,"LEARNT_Clauses":21611,"LEARNT_Lit/Cl":28,"Progress":0.020}
{"Event":"Restart","Time":3.122,"AdjustCount":2879,"Restarts":82,"Conflicts":22866,"Decisions":30543,"Propagations":7204993,"Vars":5053,"Clauses":101987,"Literals":207584,"LEARNT_Limit":97050,"LEARNT_Clauses":21812,"LEARNT_Lit/Cl":28,"Progress":0.020}
{"Event":"Restart","Time":3.153,"AdjustCount":2775,"Restarts":83,"Conflicts":22970,"Decisions":30671,"Propagations":7235577,"Vars":5053,"Clauses":101987,"Literals":207584,"LEARNT_Limit":97050,"LEARNT_Clauses":21916,"LEARNT_Lit/Cl":28,"Progress":0.020}
{"Event":"Restart","Time":3.169,"AdjustCount":2675,"Restarts":84,"Conflicts":23070,"Decisions":30811,"Propagations":7260518,"Vars":5053,"Clauses":101987,"Literals":207584,"LEARNT_Limit":97050,"LEARNT_Clauses":22016,"LEARNT_Lit/Cl":28,"Progress":0.020}
{"Event":"Restart","Time":3.220,"AdjustCount":2475,"Restarts":85,"Conflicts":23270,"Decisions":31072,"Propagations":7318558,"Vars":5053,"Clauses":101987,"Literals":207584,"LEARNT_Limit":97050,"LEARNT_Clauses":22216,"LEARNT_Lit/Cl":28,"Progress":0.020}
{"Event":"Restart","Time":3.330,"AdjustCount":2075,"Restarts":86,"Conflicts":23670,"Decisions":31567,"Propagations":7456226,"Vars":5053,"Clauses":101987,"Literals":207584,"LEARNT_Limit":97050,"LEARNT_Clauses":22616,"LEARNT_Lit/Cl":28,"Progress":0.020}
{"Event":"Restart","Time":3.362,"AdjustCount":1974,"Restarts":87,"Conflicts":23771,"Decisions":31691,"Propagations":7481061,"Vars":5053,"Clauses":101987,"Literals":207584,"LEARNT_Limit":97050,"LEARNT_Clauses":22717,"LEARNT_Lit/Cl":28,"Progress":0.020}
{"Event":"Restart","Time":3.399,"AdjustCount":1874,"Restarts":88,"Conflicts":23871,"Decisions":31826,"Propagations":7513318,"Vars":5053,"Clauses":101987,"Literals":207584,"LEARNT_Limit":97050,"LEARNT_Clauses":22817,"LEARNT_Lit/Cl":28,"Progress":0.020}
{"Event":"Restart","Time":3.451,"AdjustCount":1674,"Restarts":89,"Conflicts":24071,"Decisions":32107,"Propagations":7566207,"Vars":5053,"Clauses":101987,"Literals":207584,"LEARNT_Limit":97050,"LEARNT_Clauses":23017,"LEARNT_Lit/Cl":28,"Progress":0.020}
{"Event":"Restart","Time":3.475,"AdjustCount":1574,"Restarts":90,"Conflicts":24171,"Decisions":32232,"Propagations":7588031,"Vars":5053,"Clauses":101987,"Literals":207584,"LEARNT_Limit":97050,"LEARNT_Clauses":23117,"LEARNT_Lit/Cl":28,"Progress":0.020}
{"Event":"Restart","Time":3.496,"AdjustCount":1474,"Restarts":91,"Conflicts":24271,"Decisions":32372,"Propagations":7617936,"Vars":5053,"Clauses":101987,"Literals":207584,"LEARNT_Limit":97050,"LEARNT_Clauses":23217,"LEARNT_Lit/Cl":27,"Progress":0.020}
{"Event":"Restart","Time":3.536,"AdjustCount":1274,"Restarts":92,"Conflicts":24471,"Decisions":32663,"Propagations":7667748,"Vars":5053,"Clauses":101987,"Literals":207584,"LEARNT_Limit":97050,"LEARNT_Clauses":23417,"LEARNT_Lit/Cl":27,"Progress":0.020}
{"Event":"Restart","Time":3.655,"AdjustCount":874,"Restarts":93,"Conflicts":24871,"Decisions":33121,"Propagations":7776211,"Vars":5053,"Clauses":101987,"Literals":207584,"LEARNT_Limit":97050,"LEARNT_Clauses":23817,"LEARNT_Lit/Cl":27,"Progress":0.020}
{"Event":"Restart","Time":3.828,"AdjustCount":74,"Restarts":94,"Conflicts":25671,"Decisions":34126,"Propagations":7993042,"Vars":5053,"Clauses":101987,"Literals":207584,"LEARNT_Limit":97050,"LEARNT_Clauses":24617,"LEARNT_Lit/Cl":27,"Progress":0.020}
{"Event":"LearnMore","Time":3.850,"AdjustCount":12974,"Restarts":94,"Conflicts":25745,"Decisions":34238,"Propagations":8010821,"Vars":5053,"Clauses":101987,"Literals":207584,"LEARNT_Limit":106755,"LEARNT_Clauses":24691,"LEARNT_Lit/Cl":27,"Progress":0.020}
===============================================================================
restarts              : 94
conflicts             : 26015          (6649 /sec)
decisions             : 34555          (0.00 % random) (8831 /sec)
propagations          : 8075331        (2063780 /sec)
conflict literals     : 695509         (23.05 % deleted)
Memory used           : 14.00 MB
CPU time              : 3.91288 s

UNSATISFIABLE
