WARNING: for repeatability, setting FPU to use double precision
============================[ Problem Statistics ]=============================
|                                                                             |
|  Number of variables:         26611                                         |
|  Number of clauses:           83410                                         |
|  Parse time:                   0.03 s                                       |
|                                                                             |
============================[ Search Statistics ]==============================
| Conflicts |          ORIGINAL         |          LEARNT          | Progress |
|           |    Vars  Clauses Literals |    Limit  Clauses Lit/Cl |          |
===============================================================================
{"Event":"Restart","Time":0.029,"AdjustCount":99,"Restarts":1,"Conflicts":1,"Decisions":36,"Propagations":3047,"Vars":26475,"Clauses":83384,"Literals":198523,"LEARNT_Limit":27794,"LEARNT_Clauses":1,"LEARNT_Lit/Cl":8,"Progress":0.511}
{"Event":"LearnMore","Time":0.061,"AdjustCount":150,"Restarts":1,"Conflicts":100,"Decisions":1262,"Propagations":167390,"Vars":26442,"Clauses":83384,"Literals":198523,"LEARNT_Limit":30574,"LEARNT_Clauses":94,"LEARNT_Lit/Cl":6,"Progress":0.635}
{"Event":"Restart","Time":0.063,"AdjustCount":149,"Restarts":2,"Conflicts":101,"Decisions":1319,"Propagations":178699,"Vars":26442,"Clauses":83384,"Literals":198523,"LEARNT_Limit":30574,"LEARNT_Clauses":95,"LEARNT_Lit/Cl":5,"Progress":0.635}
{"Event":"Restart","Time":0.091,"AdjustCount":49,"Restarts":3,"Conflicts":201,"Decisions":2225,"Propagations":324358,"Vars":26440,"Clauses":83233,"Literals":198186,"LEARNT_Limit":30574,"LEARNT_Clauses":194,"LEARNT_Lit/Cl":8,"Progress":0.643}
{"Event":"LearnMore","Time":0.103,"AdjustCount":225,"Restarts":3,"Conflicts":250,"Decisions":2717,"Propagations":407127,"Vars":26436,"Clauses":83233,"Literals":198186,"LEARNT_Limit":33631,"LEARNT_Clauses":241,"LEARNT_Lit/Cl":7,"Progress":0.658}
{"Event":"Restart","Time":0.141,"AdjustCount":74,"Restarts":4,"Conflicts":401,"Decisions":3983,"Propagations":603873,"Vars":26376,"Clauses":83180,"Literals":198071,"LEARNT_Limit":33631,"LEARNT_Clauses":386,"LEARNT_Lit/Cl":8,"Progress":0.883}
{"Event":"LearnMore","Time":0.158,"AdjustCount":337,"Restarts":4,"Conflicts":475,"Decisions":4686,"Propagations":717809,"Vars":26297,"Clauses":83180,"Literals":198071,"LEARNT_Limit":36994,"LEARNT_Clauses":455,"LEARNT_Lit/Cl":7,"Progress":1.180}
{"Event":"Restart","Time":0.168,"AdjustCount":311,"Restarts":5,"Conflicts":501,"Decisions":4900,"Propagations":763735,"Vars":26295,"Clauses":82636,"Literals":196838,"LEARNT_Limit":36994,"LEARNT_Clauses":472,"LEARNT_Lit/Cl":7,"Progress":1.187}
{"Event":"Restart","Time":0.193,"AdjustCount":211,"Restarts":6,"Conflicts":601,"Decisions":5788,"Propagations":933081,"Vars":26224,"Clauses":82636,"Literals":196838,"LEARNT_Limit":36994,"LEARNT_Clauses":564,"LEARNT_Lit/Cl":7,"Progress":1.454}
{"Event":"Restart","Time":0.245,"AdjustCount":10,"Restarts":7,"Conflicts":802,"Decisions":7394,"Propagations":1226317,"Vars":26079,"Clauses":81834,"Literals":195015,"LEARNT_Limit":36994,"LEARNT_Clauses":753,"LEARNT_Lit/Cl":8,"Progress":1.999}
{"Event":"LearnMore","Time":0.247,"AdjustCount":506,"Restarts":7,"Conflicts":812,"Decisions":7554,"Propagations":1245570,"Vars":26079,"Clauses":81834,"Literals":195015,"LEARNT_Limit":40694,"LEARNT_Clauses":763,"LEARNT_Lit/Cl":8,"Progress":1.999}
{"Event":"Restart","Time":0.311,"AdjustCount":116,"Restarts":8,"Conflicts":1202,"Decisions":10295,"Propagations":1592121,"Vars":25779,"Clauses":80566,"Literals":192099,"LEARNT_Limit":40694,"LEARNT_Clauses":1128,"LEARNT_Lit/Cl":8,"Progress":3.127}
{"Event":"Restart","Time":0.330,"AdjustCount":15,"Restarts":9,"Conflicts":1303,"Decisions":11034,"Propagations":1696129,"Vars":25778,"Clauses":80537,"Literals":192039,"LEARNT_Limit":40694,"LEARNT_Clauses":1228,"LEARNT_Lit/Cl":8,"Progress":3.130}
{"Event":"LearnMore","Time":0.333,"AdjustCount":759,"Restarts":9,"Conflicts":1318,"Decisions":11116,"Propagations":1718119,"Vars":25778,"Clauses":80537,"Literals":192039,"LEARNT_Limit":44763,"LEARNT_Clauses":1243,"LEARNT_Lit/Cl":8,"Progress":3.130}
{"Event":"Restart","Time":0.351,"AdjustCount":674,"Restarts":10,"Conflicts":1403,"Decisions":11905,"Propagations":1810940,"Vars":25777,"Clauses":80537,"Literals":192039,"LEARNT_Limit":44763,"LEARNT_Clauses":1327,"LEARNT_Lit/Cl":8,"Progress":3.134}
{"Event":"Restart","Time":0.403,"AdjustCount":473,"Restarts":11,"Conflicts":1604,"Decisions":18571,"Propagations":2153363,"Vars":25644,"Clauses":80527,"Literals":192019,"LEARNT_Limit":44763,"LEARNT_Clauses":1523,"LEARNT_Lit/Cl":8,"Progress":3.634}
{"Event":"Restart","Time":0.475,"AdjustCount":373,"Restarts":12,"Conflicts":1704,"Decisions":20585,"Propagations":2672370,"Vars":25636,"Clauses":79979,"Literals":190821,"LEARNT_Limit":44763,"LEARNT_Clauses":1593,"LEARNT_Lit/Cl":8,"Progress":3.664}
{"Event":"Restart","Time":0.512,"AdjustCount":271,"Restarts":13,"Conflicts":1806,"Decisions":21953,"Propagations":2912712,"Vars":25568,"Clauses":79697,"Literals":190161,"LEARNT_Limit":44763,"LEARNT_Clauses":1689,"LEARNT_Lit/Cl":8,"Progress":3.919}
{"Event":"Restart","Time":0.563,"AdjustCount":71,"Restarts":14,"Conflicts":2006,"Decisions":23100,"Propagations":3259217,"Vars":25478,"Clauses":79607,"Literals":189953,"LEARNT_Limit":44763,"LEARNT_Clauses":1880,"LEARNT_Lit/Cl":8,"Progress":4.258}
{"Event":"LearnMore","Time":0.579,"AdjustCount":1139,"Restarts":14,"Conflicts":2077,"Decisions":23399,"Propagations":3345820,"Vars":25478,"Clauses":79607,"Literals":189953,"LEARNT_Limit":49239,"LEARNT_Clauses":1951,"LEARNT_Lit/Cl":8,"Progress":4.258}
{"Event":"Restart","Time":0.639,"AdjustCount":810,"Restarts":15,"Conflicts":2406,"Decisions":24758,"Propagations":3679296,"Vars":25476,"Clauses":79346,"Literals":189397,"LEARNT_Limit":49239,"LEARNT_Clauses":2267,"LEARNT_Lit/Cl":9,"Progress":4.265}
{"Event":"Restart","Time":0.782,"AdjustCount":10,"Restarts":16,"Conflicts":3206,"Decisions":27281,"Propagations":4540881,"Vars":25013,"Clauses":77499,"Literals":185148,"LEARNT_Limit":49239,"LEARNT_Clauses":2997,"LEARNT_Lit/Cl":11,"Progress":6.005}
{"Event":"LearnMore","Time":0.785,"AdjustCount":1708,"Restarts":16,"Conflicts":3216,"Decisions":27373,"Propagations":4560147,"Vars":25013,"Clauses":77499,"Literals":185148,"LEARNT_Limit":54163,"LEARNT_Clauses":3007,"LEARNT_Lit/Cl":11,"Progress":6.005}
{"Event":"Restart","Time":0.806,"AdjustCount":1617,"Restarts":17,"Conflicts":3307,"Decisions":27785,"Propagations":4696996,"Vars":25012,"Clauses":77499,"Literals":185148,"LEARNT_Limit":54163,"LEARNT_Clauses":3097,"LEARNT_Lit/Cl":11,"Progress":6.009}
{"Event":"Restart","Time":0.829,"AdjustCount":1517,"Restarts":18,"Conflicts":3407,"Decisions":28267,"Propagations":4827067,"Vars":25010,"Clauses":77490,"Literals":185130,"LEARNT_Limit":54163,"LEARNT_Clauses":3195,"LEARNT_Lit/Cl":11,"Progress":6.016}
{"Event":"Restart","Time":0.871,"AdjustCount":1316,"Restarts":19,"Conflicts":3608,"Decisions":28890,"Propagations":5064998,"Vars":24976,"Clauses":77350,"Literals":184831,"LEARNT_Limit":54163,"LEARNT_Clauses":3367,"LEARNT_Lit/Cl":11,"Progress":6.144}
{"Event":"Restart","Time":0.888,"AdjustCount":1216,"Restarts":20,"Conflicts":3708,"Decisions":29656,"Propagations":5174617,"Vars":24918,"Clauses":77350,"Literals":184831,"LEARNT_Limit":54163,"LEARNT_Clauses":3461,"LEARNT_Lit/Cl":11,"Progress":6.362}
{"Event":"Restart","Time":0.916,"AdjustCount":1115,"Restarts":21,"Conflicts":3809,"Decisions":29845,"Propagations":5321168,"Vars":24918,"Clauses":77158,"Literals":184402,"LEARNT_Limit":54163,"LEARNT_Clauses":3557,"LEARNT_Lit/Cl":11,"Progress":6.362}
{"Event":"Restart","Time":0.986,"AdjustCount":915,"Restarts":22,"Conflicts":4009,"Decisions":30355,"Propagations":5703549,"Vars":24889,"Clauses":77059,"Literals":184186,"LEARNT_Limit":54163,"LEARNT_Clauses":3754,"LEARNT_Lit/Cl":13,"Progress":6.471}
{"Event":"Restart","Time":1.072,"AdjustCount":512,"Restarts":23,"Conflicts":4412,"Decisions":31329,"Propagations":6176669,"Vars":24888,"Clauses":77055,"Literals":184178,"LEARNT_Limit":54163,"LEARNT_Clauses":4155,"LEARNT_Lit/Cl":15,"Progress":6.475}
{"Event":"Restart","Time":1.092,"AdjustCount":412,"Restarts":24,"Conflicts":4512,"Decisions":31597,"Propagations":6308646,"Vars":24888,"Clauses":77055,"Literals":184178,"LEARNT_Limit":54163,"LEARNT_Clauses":4255,"LEARNT_Lit/Cl":15,"Progress":6.475}
{"Event":"Restart","Time":1.121,"AdjustCount":312,"Restarts":25,"Conflicts":4612,"Decisions":31902,"Propagations":6483765,"Vars":24888,"Clauses":77055,"Literals":184178,"LEARNT_Limit":54163,"LEARNT_Clauses":4355,"LEARNT_Lit/Cl":15,"Progress":6.475}
{"Event":"Restart","Time":1.178,"AdjustCount":109,"Restarts":26,"Conflicts":4815,"Decisions":32431,"Propagations":6812382,"Vars":24883,"Clauses":77044,"Literals":184156,"LEARNT_Limit":54163,"LEARNT_Clauses":4556,"LEARNT_Lit/Cl":15,"Progress":6.494}
{"Event":"Restart","Time":1.219,"AdjustCount":9,"Restarts":27,"Conflicts":4915,"Decisions":33026,"Propagations":7042536,"Vars":24882,"Clauses":77031,"Literals":184130,"LEARNT_Limit":54163,"LEARNT_Clauses":4654,"LEARNT_Lit/Cl":15,"Progress":6.497}
{"Event":"LearnMore","Time":1.221,"AdjustCount":2562,"Restarts":27,"Conflicts":4924,"Decisions":33070,"Propagations":7057075,"Vars":24882,"Clauses":77031,"Literals":184130,"LEARNT_Limit":59580,"LEARNT_Clauses":4663,"LEARNT_Lit/Cl":15,"Progress":6.497}
{"Event":"Restart","Time":1.239,"AdjustCount":2471,"Restarts":28,"Conflicts":5015,"Decisions":33277,"Propagations":7173503,"Vars":24882,"Clauses":77031,"Literals":184130,"LEARNT_Limit":59580,"LEARNT_Clauses":4754,"LEARNT_Lit/Cl":15,"Progress":6.497}
{"Event":"Restart","Time":1.296,"AdjustCount":2271,"Restarts":29,"Conflicts":5215,"Decisions":33736,"Propagations":7507484,"Vars":24881,"Clauses":77028,"Literals":184124,"LEARNT_Limit":59580,"LEARNT_Clauses":4953,"LEARNT_Lit/Cl":15,"Progress":6.501}
{"Event":"Restart","Time":1.419,"AdjustCount":1871,"Restarts":30,"Conflicts":5615,"Decisions":34664,"Propagations":8304023,"Vars":24881,"Clauses":77028,"Literals":184124,"LEARNT_Limit":59580,"LEARNT_Clauses":5353,"LEARNT_Lit/Cl":16,"Progress":6.501}
{"Event":"Restart","Time":1.672,"AdjustCount":1071,"Restarts":31,"Conflicts":6415,"Decisions":36452,"Propagations":9813740,"Vars":24879,"Clauses":77021,"Literals":184110,"LEARNT_Limit":59580,"LEARNT_Clauses":6151,"LEARNT_Lit/Cl":16,"Progress":6.509}
{"Event":"LearnMore","Time":2.020,"AdjustCount":3844,"Restarts":31,"Conflicts":7486,"Decisions":38433,"Propagations":11523210,"Vars":24869,"Clauses":76986,"Literals":184033,"LEARNT_Limit":65538,"LEARNT_Clauses":7218,"LEARNT_Lit/Cl":18,"Progress":6.546}
{"Event":"Restart","Time":2.203,"AdjustCount":3315,"Restarts":32,"Conflicts":8015,"Decisions":39414,"Propagations":12484603,"Vars":24867,"Clauses":76980,"Literals":184021,"LEARNT_Limit":65538,"LEARNT_Clauses":7745,"LEARNT_Lit/Cl":19,"Progress":6.554}
{"Event":"Restart","Time":2.244,"AdjustCount":3214,"Restarts":33,"Conflicts":8116,"Decisions":39612,"Propagations":12721402,"Vars":24867,"Clauses":76980,"Literals":184021,"LEARNT_Limit":65538,"LEARNT_Clauses":7846,"LEARNT_Lit/Cl":19,"Progress":6.554}
{"Event":"Restart","Time":2.277,"AdjustCount":3113,"Restarts":34,"Conflicts":8217,"Decisions":39778,"Propagations":12897215,"Vars":24867,"Clauses":76980,"Literals":184021,"LEARNT_Limit":65538,"LEARNT_Clauses":7947,"LEARNT_Lit/Cl":19,"Progress":6.554}
{"Event":"Restart","Time":2.336,"AdjustCount":2913,"Restarts":35,"Conflicts":8417,"Decisions":40166,"Propagations":13214631,"Vars":24867,"Clauses":76980,"Literals":184021,"LEARNT_Limit":65538,"LEARNT_Clauses":8147,"LEARNT_Lit/Cl":19,"Progress":6.554}
{"Event":"Restart","Time":2.374,"AdjustCount":2811,"Restarts":36,"Conflicts":8519,"Decisions":40346,"Propagations":13424176,"Vars":24867,"Clauses":76980,"Literals":184021,"LEARNT_Limit":65538,"LEARNT_Clauses":8249,"LEARNT_Lit/Cl":19,"Progress":6.554}
{"Event":"Restart","Time":2.415,"AdjustCount":2710,"Restarts":37,"Conflicts":8620,"Decisions":40505,"Propagations":13640177,"Vars":24867,"Clauses":76980,"Literals":184021,"LEARNT_Limit":65538,"LEARNT_Clauses":8350,"LEARNT_Lit/Cl":19,"Progress":6.554}
{"Event":"Restart","Time":2.495,"AdjustCount":2509,"Restarts":38,"Conflicts":8821,"Decisions":40760,"Propagations":14081860,"Vars":24867,"Clauses":76980,"Literals":184021,"LEARNT_Limit":65538,"LEARNT_Clauses":8551,"LEARNT_Lit/Cl":20,"Progress":6.554}
{"Event":"Restart","Time":2.643,"AdjustCount":2105,"Restarts":39,"Conflicts":9225,"Decisions":41343,"Propagations":14879401,"Vars":24863,"Clauses":76969,"Literals":183999,"LEARNT_Limit":65538,"LEARNT_Clauses":8953,"LEARNT_Lit/Cl":20,"Progress":6.569}
{"Event":"Restart","Time":2.679,"AdjustCount":2004,"Restarts":40,"Conflicts":9326,"Decisions":41471,"Propagations":15060099,"Vars":24863,"Clauses":76969,"Literals":183999,"LEARNT_Limit":65538,"LEARNT_Clauses":9054,"LEARNT_Lit/Cl":20,"Progress":6.569}
{"Event":"Restart","Time":2.716,"AdjustCount":1903,"Restarts":41,"Conflicts":9427,"Decisions":41628,"Propagations":15254888,"Vars":24863,"Clauses":76969,"Literals":183999,"LEARNT_Limit":65538,"LEARNT_Clauses":9155,"LEARNT_Lit/Cl":20,"Progress":6.569}
{"Event":"Restart","Time":2.799,"AdjustCount":1702,"Restarts":42,"Conflicts":9628,"Decisions":42037,"Propagations":15691922,"Vars":24788,"Clauses":76763,"Literals":183547,"LEARNT_Limit":65538,"LEARNT_Clauses":8978,"LEARNT_Lit/Cl":20,"Progress":6.851}
{"Event":"Restart","Time":2.836,"AdjustCount":1602,"Restarts":43,"Conflicts":9728,"Decisions":42158,"Propagations":15857760,"Vars":24788,"Clauses":76692,"Literals":183393,"LEARNT_Limit":65538,"LEARNT_Clauses":9050,"LEARNT_Lit/Cl":20,"Progress":6.851}
{"Event":"Restart","Time":2.881,"AdjustCount":1500,"Restarts":44,"Conflicts":9830,"Decisions":42310,"Propagations":16087061,"Vars":24787,"Clauses":76692,"Literals":183393,"LEARNT_Limit":65538,"LEARNT_Clauses":9151,"LEARNT_Lit/Cl":20,"Progress":6.854}
===============================================================================
restarts              : 44
conflicts             : 9921           (3402 /sec)
decisions             : 42439          (0.00 % random) (14551 /sec)
propagations          : 16251404       (5572030 /sec)
conflict literals     : 193859         (37.15 % deleted)
Memory used           : 12.00 MB
CPU time              : 2.9166 s

UNSATISFIABLE
